participant_id,trial_order,trial_id,repeat_index_for_video,clip_team_id,clip_number,source,scene_sequence,camera_id,interactive_obj,clip_name,video_link,text_description,image_link,interaction_type,human_state,object_property,spatial_context,risk_factor,form_edit_url,form_published_url,vlm_inference,selected_frame_index
P001,1,warehouse_1_event_04_plasticbox_0001_carrying_000084_000185.mp4,1,44,3,Hunavsim,Warehouse,1,plasticbox_0001,warehouse_1_event_04_plasticbox_0001_carrying_000084_000185.mp4,https://1drv.ms/v/c/e14d2464c52103f1/IQBJtHM5lq4WRIOk2Utr0xz7AWs7rsIK8ZwzB9ZoUje41zs,"A person in a dark outfit or purple pants carries a plastic storage box in a yellow-and-white warehouse with a forklift, blue bins, pallets, and tall metal racks.",,,,,,,,,,
P001,2,warehouse_1_event_48_smallbox_0001_carrying_002365_002408.mp4,5,42,28,Hunavsim,Warehouse,1,smallbox_0001,warehouse_1_event_48_smallbox_0001_carrying_002365_002408.mp4,https://1drv.ms/v/c/e14d2464c52103f1/IQDqLfmCgThHSagSJZiS2ktmAacX5wgEGJ4qhXooiGS68bk,"A person in a white or light gray outfit carries a small box beside the white warehouse wall, yellow forklift, stacked pallets, and blue rolling bins.",,,,,,,,,,
P001,3,warehouse_3_event_20_trashcan_0001_putting_down_001135_001235.mp4,4,43,69,Hunavsim,Warehouse,3,trashcan_0001,warehouse_3_event_20_trashcan_0001_putting_down_001135_001235.mp4,https://1drv.ms/v/c/e14d2464c52103f1/IQAfJ3PqDcRGSI-DHU7qmcMxAYbLlySqhblbKsNOz3m-3QQ,"A worker in a yellow safety vest or a light uniform puts down a trash can beside the white warehouse wall, yellow forklift, stacked pallets, and blue rolling bins.",,,,,,,,,,
P001,4,office_1_event_16_largebox_0001_kicking_001396_001452.mp4,3,55,147,Hunavsim,Office,1,largebox_0001,office_1_event_16_largebox_0001_kicking_001396_001452.mp4,https://1drv.ms/v/c/e14d2464c52103f1/IQA4qUc5NUZAToyU2upWgsD8AS_1UGhVgY97LxGclyHY-Ak,"A person in dark clothing kicks a large cardboard box in a meeting-style office with rows of chairs, desks, monitors, and a dark patterned carpet.",,,,,,,,,,
P001,5,warehouse_3_event_18_tripod_0001_put_down_001124_001198.mp4,2,46,68,Hunavsim,Warehouse,3,tripod_0001,warehouse_3_event_18_tripod_0001_put_down_001124_001198.mp4,https://1drv.ms/v/c/e14d2464c52103f1/IQCtDYtHy0dIRrDOM6HW8YGpATh3jI3NaC-CM0PJPhhLlHY,"A worker in a yellow safety vest or a light uniform puts down a tripod beside the white warehouse wall, yellow forklift, stacked pallets, and blue rolling bins.",,,,,,,,,,
P001,6,office_1_event_06_largebox_0002_kicking_000465_000647.mp4,2,56,136,Hunavsim,Office,1,largebox_0002,office_1_event_06_largebox_0002_kicking_000465_000647.mp4,https://1drv.ms/v/c/e14d2464c52103f1/IQDjnK2Y8iG0Tq7n9AoCUndrAbp1BSM8YEN2J3rt6F9D3wA,"A person in a light shirt and dark pants kicks a large cardboard box in an office lobby with a long table, monitors, large windows, potted plants, and patterned carpet.",,,,,,,,,,
P001,7,office_1_event_151_woodchair_0001_placing_005668_005724.mp4,4,71,199,Hunavsim,Office,1,woodchair_0001,office_1_event_151_woodchair_0001_placing_005668_005724.mp4,https://1drv.ms/v/c/e14d2464c52103f1/IQAhBLt0-dlGSohHOFo9O9YnAW49tRy9Bnz43FZQRoixJIQ,"A person in a pink or light-colored outfit places a wooden chair in a bright office room with desks, black chairs, computer monitors, doorway signage, and wall decorations.",,,,,,,,,,
P001,8,tressider-2019-04-26_2_image_4_carrying_001201_001425_H35_O7.mp4,1,41,50,JRDB,tressider-2019-04-26_2,4,machines,tressider-2019-04-26_2_image_4_carrying_001201_001425_H35_O7.mp4,https://1drv.ms/v/c/e14d2464c52103f1/IQCWM1VMThc7TJB6sT3dIc-oAUuKT1O_SqfiEkqwCLKagW0,A tall man in a dark T-shirt and light shorts carries a folded stand or machine-like item in a cafe crowd.,https://1drv.ms/i/c/e14d2464c52103f1/IQAVkoXN_LlFRbdt7osbcBqkAYqoi1UMDik6OWo3IHkpilk,hold,normal,large,open_space,none,,,VLM: hold; human_state=normal; object_property=large; spatial_context=open_space; risk_factor=none; selected_frame=57; gt_activity=carrying; human_iou=0.934; object_iou=0.721,57
P001,9,hospital_1_event_30_plasticbox_0001_kicking_002977_003093.mp4,1,52,126,Hunavsim,Hospital,1,plasticbox_0001,hospital_1_event_30_plasticbox_0001_kicking_002977_003093.mp4,https://1drv.ms/v/c/e14d2464c52103f1/IQAyk72Ib2BFR4FIuTF1RmdEAQJIbib_bDugQp2sGqsX8p8,"A person in patterned pants or dark clothing kicks a plastic storage box near hospital stairs, blue storage racks, yellow bins, and a wall-mounted medical table.",,,,,,,,,,
P001,10,tressider-2019-04-26_3_image_8_carrying_000420_000621_H1_O1.mp4,2,13,16,JRDB,tressider-2019-04-26_3,8,machines,tressider-2019-04-26_3_image_8_carrying_000420_000621_H1_O1.mp4,https://1drv.ms/v/c/e14d2464c52103f1/IQDoD_In6az9T7w2QB2AzTCyAcl-YNP5J6Xpl7NMU9QfGLM,A close person in a dark shirt and light pants carries a small machine-like item near a red tiled wall.,https://1drv.ms/i/c/e14d2464c52103f1/IQC7paiu-f_PQYj6bgUy3WaYATL5dNqzvEVGkWW1h5waW8w,hold,strained,large,narrow_corridor,collision_risk,,,VLM: hold; human_state=strained; object_property=large; spatial_context=narrow_corridor; risk_factor=collision_risk; selected_frame=102; gt_activity=carrying; human_iou=1.000; object_iou=1.000,102
P002,1,warehouse_1_event_04_plasticbox_0001_carrying_000084_000185.mp4,2,44,3,Hunavsim,Warehouse,1,plasticbox_0001,warehouse_1_event_04_plasticbox_0001_carrying_000084_000185.mp4,https://1drv.ms/v/c/e14d2464c52103f1/IQBJtHM5lq4WRIOk2Utr0xz7AWs7rsIK8ZwzB9ZoUje41zs,"A person in a dark outfit or purple pants carries a plastic storage box in a yellow-and-white warehouse with a forklift, blue bins, pallets, and tall metal racks.",,,,,,,,,,
P002,2,warehouse_1_event_48_smallbox_0001_putting_down_002409_002455.mp4,1,42,29,Hunavsim,Warehouse,1,smallbox_0001,warehouse_1_event_48_smallbox_0001_putting_down_002409_002455.mp4,https://1drv.ms/v/c/e14d2464c52103f1/IQAgFgMOXhf5SaeKLrRp2uQbAeTXFWbbYBShI4sTZKauIbE,"A person in a white or light gray outfit puts down a small box beside the white warehouse wall, yellow forklift, stacked pallets, and blue rolling bins.",,,,,,,,,,
P002,3,warehouse_3_event_20_trashcan_0001_putting_down_001135_001235.mp4,5,43,69,Hunavsim,Warehouse,3,trashcan_0001,warehouse_3_event_20_trashcan_0001_putting_down_001135_001235.mp4,https://1drv.ms/v/c/e14d2464c52103f1/IQAfJ3PqDcRGSI-DHU7qmcMxAYbLlySqhblbKsNOz3m-3QQ,"A worker in a yellow safety vest or a light uniform puts down a trash can beside the white warehouse wall, yellow forklift, stacked pallets, and blue rolling bins.",,,,,,,,,,
P002,4,office_1_event_16_largebox_0001_kicking_001396_001452.mp4,4,55,147,Hunavsim,Office,1,largebox_0001,office_1_event_16_largebox_0001_kicking_001396_001452.mp4,https://1drv.ms/v/c/e14d2464c52103f1/IQA4qUc5NUZAToyU2upWgsD8AS_1UGhVgY97LxGclyHY-Ak,"A person in dark clothing kicks a large cardboard box in a meeting-style office with rows of chairs, desks, monitors, and a dark patterned carpet.",,,,,,,,,,
P002,5,warehouse_3_event_18_tripod_0001_put_down_001124_001198.mp4,3,46,68,Hunavsim,Warehouse,3,tripod_0001,warehouse_3_event_18_tripod_0001_put_down_001124_001198.mp4,https://1drv.ms/v/c/e14d2464c52103f1/IQCtDYtHy0dIRrDOM6HW8YGpATh3jI3NaC-CM0PJPhhLlHY,"A worker in a yellow safety vest or a light uniform puts down a tripod beside the white warehouse wall, yellow forklift, stacked pallets, and blue rolling bins.",,,,,,,,,,
P002,6,office_1_event_06_largebox_0002_kicking_000465_000647.mp4,3,56,136,Hunavsim,Office,1,largebox_0002,office_1_event_06_largebox_0002_kicking_000465_000647.mp4,https://1drv.ms/v/c/e14d2464c52103f1/IQDjnK2Y8iG0Tq7n9AoCUndrAbp1BSM8YEN2J3rt6F9D3wA,"A person in a light shirt and dark pants kicks a large cardboard box in an office lobby with a long table, monitors, large windows, potted plants, and patterned carpet.",,,,,,,,,,
P002,7,office_1_event_151_woodchair_0001_placing_005668_005724.mp4,5,71,199,Hunavsim,Office,1,woodchair_0001,office_1_event_151_woodchair_0001_placing_005668_005724.mp4,https://1drv.ms/v/c/e14d2464c52103f1/IQAhBLt0-dlGSohHOFo9O9YnAW49tRy9Bnz43FZQRoixJIQ,"A person in a pink or light-colored outfit places a wooden chair in a bright office room with desks, black chairs, computer monitors, doorway signage, and wall decorations.",,,,,,,,,,
P002,8,tressider-2019-04-26_2_image_4_carrying_001201_001425_H35_O7.mp4,2,41,50,JRDB,tressider-2019-04-26_2,4,machines,tressider-2019-04-26_2_image_4_carrying_001201_001425_H35_O7.mp4,https://1drv.ms/v/c/e14d2464c52103f1/IQCWM1VMThc7TJB6sT3dIc-oAUuKT1O_SqfiEkqwCLKagW0,A tall man in a dark T-shirt and light shorts carries a folded stand or machine-like item in a cafe crowd.,https://1drv.ms/i/c/e14d2464c52103f1/IQAVkoXN_LlFRbdt7osbcBqkAYqoi1UMDik6OWo3IHkpilk,hold,normal,large,open_space,none,,,VLM: hold; human_state=normal; object_property=large; spatial_context=open_space; risk_factor=none; selected_frame=57; gt_activity=carrying; human_iou=0.934; object_iou=0.721,57
P002,9,hospital_1_event_30_plasticbox_0001_kicking_002977_003093.mp4,2,52,126,Hunavsim,Hospital,1,plasticbox_0001,hospital_1_event_30_plasticbox_0001_kicking_002977_003093.mp4,https://1drv.ms/v/c/e14d2464c52103f1/IQAyk72Ib2BFR4FIuTF1RmdEAQJIbib_bDugQp2sGqsX8p8,"A person in patterned pants or dark clothing kicks a plastic storage box near hospital stairs, blue storage racks, yellow bins, and a wall-mounted medical table.",,,,,,,,,,
P002,10,tressider-2019-04-26_3_image_8_carrying_000420_000621_H1_O1.mp4,3,13,16,JRDB,tressider-2019-04-26_3,8,machines,tressider-2019-04-26_3_image_8_carrying_000420_000621_H1_O1.mp4,https://1drv.ms/v/c/e14d2464c52103f1/IQDoD_In6az9T7w2QB2AzTCyAcl-YNP5J6Xpl7NMU9QfGLM,A close person in a dark shirt and light pants carries a small machine-like item near a red tiled wall.,https://1drv.ms/i/c/e14d2464c52103f1/IQC7paiu-f_PQYj6bgUy3WaYATL5dNqzvEVGkWW1h5waW8w,hold,strained,large,narrow_corridor,collision_risk,,,VLM: hold; human_state=strained; object_property=large; spatial_context=narrow_corridor; risk_factor=collision_risk; selected_frame=102; gt_activity=carrying; human_iou=1.000; object_iou=1.000,102
P003,1,warehouse_1_event_04_plasticbox_0001_carrying_000084_000185.mp4,3,44,3,Hunavsim,Warehouse,1,plasticbox_0001,warehouse_1_event_04_plasticbox_0001_carrying_000084_000185.mp4,https://1drv.ms/v/c/e14d2464c52103f1/IQBJtHM5lq4WRIOk2Utr0xz7AWs7rsIK8ZwzB9ZoUje41zs,"A person in a dark outfit or purple pants carries a plastic storage box in a yellow-and-white warehouse with a forklift, blue bins, pallets, and tall metal racks.",,,,,,,,,,
P003,2,warehouse_1_event_48_smallbox_0001_putting_down_002409_002455.mp4,2,42,29,Hunavsim,Warehouse,1,smallbox_0001,warehouse_1_event_48_smallbox_0001_putting_down_002409_002455.mp4,https://1drv.ms/v/c/e14d2464c52103f1/IQAgFgMOXhf5SaeKLrRp2uQbAeTXFWbbYBShI4sTZKauIbE,"A person in a white or light gray outfit puts down a small box beside the white warehouse wall, yellow forklift, stacked pallets, and blue rolling bins.",,,,,,,,,,
P003,3,warehouse_3_event_20_trashcan_0001_lifting_001236_001339.mp4,1,43,70,Hunavsim,Warehouse,3,trashcan_0001,warehouse_3_event_20_trashcan_0001_lifting_001236_001339.mp4,https://1drv.ms/v/c/e14d2464c52103f1/IQBjZzH5RbxiTqo1eWTCeXT6ARICZBiCJNOES5kvQvOHWJ8,"A worker in a yellow safety vest or a light uniform lifts a trash can beside the white warehouse wall, yellow forklift, stacked pallets, and blue rolling bins.",,,,,,,,,,
P003,4,office_1_event_16_largebox_0001_kicking_001396_001452.mp4,5,55,147,Hunavsim,Office,1,largebox_0001,office_1_event_16_largebox_0001_kicking_001396_001452.mp4,https://1drv.ms/v/c/e14d2464c52103f1/IQA4qUc5NUZAToyU2upWgsD8AS_1UGhVgY97LxGclyHY-Ak,"A person in dark clothing kicks a large cardboard box in a meeting-style office with rows of chairs, desks, monitors, and a dark patterned carpet.",,,,,,,,,,
P003,5,warehouse_3_event_18_tripod_0001_put_down_001124_001198.mp4,4,46,68,Hunavsim,Warehouse,3,tripod_0001,warehouse_3_event_18_tripod_0001_put_down_001124_001198.mp4,https://1drv.ms/v/c/e14d2464c52103f1/IQCtDYtHy0dIRrDOM6HW8YGpATh3jI3NaC-CM0PJPhhLlHY,"A worker in a yellow safety vest or a light uniform puts down a tripod beside the white warehouse wall, yellow forklift, stacked pallets, and blue rolling bins.",,,,,,,,,,
P003,6,office_1_event_06_largebox_0002_kicking_000465_000647.mp4,4,56,136,Hunavsim,Office,1,largebox_0002,office_1_event_06_largebox_0002_kicking_000465_000647.mp4,https://1drv.ms/v/c/e14d2464c52103f1/IQDjnK2Y8iG0Tq7n9AoCUndrAbp1BSM8YEN2J3rt6F9D3wA,"A person in a light shirt and dark pants kicks a large cardboard box in an office lobby with a long table, monitors, large windows, potted plants, and patterned carpet.",,,,,,,,,,
P003,7,office_1_event_151_woodchair_0001_lifting_005725_005798.mp4,1,71,200,Hunavsim,Office,1,woodchair_0001,office_1_event_151_woodchair_0001_lifting_005725_005798.mp4,https://1drv.ms/v/c/e14d2464c52103f1/IQDM1raZhd0wTpWSHlrc_ZPAAXtaHp03D-S5Lge8VrXylKs,"A person in a pink or light-colored outfit lifts a wooden chair in a bright office room with desks, black chairs, computer monitors, doorway signage, and wall decorations.",,,,,,,,,,
P003,8,tressider-2019-04-26_2_image_4_carrying_001201_001425_H35_O7.mp4,3,41,50,JRDB,tressider-2019-04-26_2,4,machines,tressider-2019-04-26_2_image_4_carrying_001201_001425_H35_O7.mp4,https://1drv.ms/v/c/e14d2464c52103f1/IQCWM1VMThc7TJB6sT3dIc-oAUuKT1O_SqfiEkqwCLKagW0,A tall man in a dark T-shirt and light shorts carries a folded stand or machine-like item in a cafe crowd.,https://1drv.ms/i/c/e14d2464c52103f1/IQAVkoXN_LlFRbdt7osbcBqkAYqoi1UMDik6OWo3IHkpilk,hold,normal,large,open_space,none,,,VLM: hold; human_state=normal; object_property=large; spatial_context=open_space; risk_factor=none; selected_frame=57; gt_activity=carrying; human_iou=0.934; object_iou=0.721,57
P003,9,hospital_1_event_30_plasticbox_0001_kicking_002977_003093.mp4,3,52,126,Hunavsim,Hospital,1,plasticbox_0001,hospital_1_event_30_plasticbox_0001_kicking_002977_003093.mp4,https://1drv.ms/v/c/e14d2464c52103f1/IQAyk72Ib2BFR4FIuTF1RmdEAQJIbib_bDugQp2sGqsX8p8,"A person in patterned pants or dark clothing kicks a plastic storage box near hospital stairs, blue storage racks, yellow bins, and a wall-mounted medical table.",,,,,,,,,,
P003,10,tressider-2019-04-26_3_image_8_carrying_000420_000621_H1_O1.mp4,4,13,16,JRDB,tressider-2019-04-26_3,8,machines,tressider-2019-04-26_3_image_8_carrying_000420_000621_H1_O1.mp4,https://1drv.ms/v/c/e14d2464c52103f1/IQDoD_In6az9T7w2QB2AzTCyAcl-YNP5J6Xpl7NMU9QfGLM,A close person in a dark shirt and light pants carries a small machine-like item near a red tiled wall.,https://1drv.ms/i/c/e14d2464c52103f1/IQC7paiu-f_PQYj6bgUy3WaYATL5dNqzvEVGkWW1h5waW8w,hold,strained,large,narrow_corridor,collision_risk,,,VLM: hold; human_state=strained; object_property=large; spatial_context=narrow_corridor; risk_factor=collision_risk; selected_frame=102; gt_activity=carrying; human_iou=1.000; object_iou=1.000,102
P004,1,warehouse_1_event_04_plasticbox_0001_carrying_000084_000185.mp4,4,44,3,Hunavsim,Warehouse,1,plasticbox_0001,warehouse_1_event_04_plasticbox_0001_carrying_000084_000185.mp4,https://1drv.ms/v/c/e14d2464c52103f1/IQBJtHM5lq4WRIOk2Utr0xz7AWs7rsIK8ZwzB9ZoUje41zs,"A person in a dark outfit or purple pants carries a plastic storage box in a yellow-and-white warehouse with a forklift, blue bins, pallets, and tall metal racks.",,,,,,,,,,
P004,2,warehouse_1_event_48_smallbox_0001_putting_down_002409_002455.mp4,3,42,29,Hunavsim,Warehouse,1,smallbox_0001,warehouse_1_event_48_smallbox_0001_putting_down_002409_002455.mp4,https://1drv.ms/v/c/e14d2464c52103f1/IQAgFgMOXhf5SaeKLrRp2uQbAeTXFWbbYBShI4sTZKauIbE,"A person in a white or light gray outfit puts down a small box beside the white warehouse wall, yellow forklift, stacked pallets, and blue rolling bins.",,,,,,,,,,
P004,3,warehouse_3_event_20_trashcan_0001_lifting_001236_001339.mp4,2,43,70,Hunavsim,Warehouse,3,trashcan_0001,warehouse_3_event_20_trashcan_0001_lifting_001236_001339.mp4,https://1drv.ms/v/c/e14d2464c52103f1/IQBjZzH5RbxiTqo1eWTCeXT6ARICZBiCJNOES5kvQvOHWJ8,"A worker in a yellow safety vest or a light uniform lifts a trash can beside the white warehouse wall, yellow forklift, stacked pallets, and blue rolling bins.",,,,,,,,,,
P004,4,office_1_event_16_largebox_0001_lifting_001453_001521.mp4,1,55,148,Hunavsim,Office,1,largebox_0001,office_1_event_16_largebox_0001_lifting_001453_001521.mp4,https://1drv.ms/v/c/e14d2464c52103f1/IQBFzBES3uAVTJ2mhvo1qvsJAYlZBJNy81dM9qWCabRwAa4,"A person in dark clothing lifts a large cardboard box in a meeting-style office with rows of chairs, desks, monitors, and a dark patterned carpet.",,,,,,,,,,
P004,5,warehouse_3_event_18_tripod_0001_put_down_001124_001198.mp4,5,46,68,Hunavsim,Warehouse,3,tripod_0001,warehouse_3_event_18_tripod_0001_put_down_001124_001198.mp4,https://1drv.ms/v/c/e14d2464c52103f1/IQCtDYtHy0dIRrDOM6HW8YGpATh3jI3NaC-CM0PJPhhLlHY,"A worker in a yellow safety vest or a light uniform puts down a tripod beside the white warehouse wall, yellow forklift, stacked pallets, and blue rolling bins.",,,,,,,,,,
P004,6,office_1_event_06_largebox_0002_kicking_000465_000647.mp4,5,56,136,Hunavsim,Office,1,largebox_0002,office_1_event_06_largebox_0002_kicking_000465_000647.mp4,https://1drv.ms/v/c/e14d2464c52103f1/IQDjnK2Y8iG0Tq7n9AoCUndrAbp1BSM8YEN2J3rt6F9D3wA,"A person in a light shirt and dark pants kicks a large cardboard box in an office lobby with a long table, monitors, large windows, potted plants, and patterned carpet.",,,,,,,,,,
P004,7,office_1_event_151_woodchair_0001_lifting_005725_005798.mp4,2,71,200,Hunavsim,Office,1,woodchair_0001,office_1_event_151_woodchair_0001_lifting_005725_005798.mp4,https://1drv.ms/v/c/e14d2464c52103f1/IQDM1raZhd0wTpWSHlrc_ZPAAXtaHp03D-S5Lge8VrXylKs,"A person in a pink or light-colored outfit lifts a wooden chair in a bright office room with desks, black chairs, computer monitors, doorway signage, and wall decorations.",,,,,,,,,,
P004,8,tressider-2019-04-26_2_image_4_carrying_001201_001425_H35_O7.mp4,4,41,50,JRDB,tressider-2019-04-26_2,4,machines,tressider-2019-04-26_2_image_4_carrying_001201_001425_H35_O7.mp4,https://1drv.ms/v/c/e14d2464c52103f1/IQCWM1VMThc7TJB6sT3dIc-oAUuKT1O_SqfiEkqwCLKagW0,A tall man in a dark T-shirt and light shorts carries a folded stand or machine-like item in a cafe crowd.,https://1drv.ms/i/c/e14d2464c52103f1/IQAVkoXN_LlFRbdt7osbcBqkAYqoi1UMDik6OWo3IHkpilk,hold,normal,large,open_space,none,,,VLM: hold; human_state=normal; object_property=large; spatial_context=open_space; risk_factor=none; selected_frame=57; gt_activity=carrying; human_iou=0.934; object_iou=0.721,57
P004,9,hospital_1_event_30_plasticbox_0001_kicking_002977_003093.mp4,4,52,126,Hunavsim,Hospital,1,plasticbox_0001,hospital_1_event_30_plasticbox_0001_kicking_002977_003093.mp4,https://1drv.ms/v/c/e14d2464c52103f1/IQAyk72Ib2BFR4FIuTF1RmdEAQJIbib_bDugQp2sGqsX8p8,"A person in patterned pants or dark clothing kicks a plastic storage box near hospital stairs, blue storage racks, yellow bins, and a wall-mounted medical table.",,,,,,,,,,
P004,10,tressider-2019-04-26_3_image_8_carrying_000420_000621_H1_O1.mp4,5,13,16,JRDB,tressider-2019-04-26_3,8,machines,tressider-2019-04-26_3_image_8_carrying_000420_000621_H1_O1.mp4,https://1drv.ms/v/c/e14d2464c52103f1/IQDoD_In6az9T7w2QB2AzTCyAcl-YNP5J6Xpl7NMU9QfGLM,A close person in a dark shirt and light pants carries a small machine-like item near a red tiled wall.,https://1drv.ms/i/c/e14d2464c52103f1/IQC7paiu-f_PQYj6bgUy3WaYATL5dNqzvEVGkWW1h5waW8w,hold,strained,large,narrow_corridor,collision_risk,,,VLM: hold; human_state=strained; object_property=large; spatial_context=narrow_corridor; risk_factor=collision_risk; selected_frame=102; gt_activity=carrying; human_iou=1.000; object_iou=1.000,102
P005,1,warehouse_1_event_04_plasticbox_0001_carrying_000084_000185.mp4,5,44,3,Hunavsim,Warehouse,1,plasticbox_0001,warehouse_1_event_04_plasticbox_0001_carrying_000084_000185.mp4,https://1drv.ms/v/c/e14d2464c52103f1/IQBJtHM5lq4WRIOk2Utr0xz7AWs7rsIK8ZwzB9ZoUje41zs,"A person in a dark outfit or purple pants carries a plastic storage box in a yellow-and-white warehouse with a forklift, blue bins, pallets, and tall metal racks.",,,,,,,,,,
P005,2,warehouse_1_event_48_smallbox_0001_putting_down_002409_002455.mp4,4,42,29,Hunavsim,Warehouse,1,smallbox_0001,warehouse_1_event_48_smallbox_0001_putting_down_002409_002455.mp4,https://1drv.ms/v/c/e14d2464c52103f1/IQAgFgMOXhf5SaeKLrRp2uQbAeTXFWbbYBShI4sTZKauIbE,"A person in a white or light gray outfit puts down a small box beside the white warehouse wall, yellow forklift, stacked pallets, and blue rolling bins.",,,,,,,,,,
P005,3,warehouse_3_event_20_trashcan_0001_lifting_001236_001339.mp4,3,43,70,Hunavsim,Warehouse,3,trashcan_0001,warehouse_3_event_20_trashcan_0001_lifting_001236_001339.mp4,https://1drv.ms/v/c/e14d2464c52103f1/IQBjZzH5RbxiTqo1eWTCeXT6ARICZBiCJNOES5kvQvOHWJ8,"A worker in a yellow safety vest or a light uniform lifts a trash can beside the white warehouse wall, yellow forklift, stacked pallets, and blue rolling bins.",,,,,,,,,,
P005,4,office_1_event_16_largebox_0001_lifting_001453_001521.mp4,2,55,148,Hunavsim,Office,1,largebox_0001,office_1_event_16_largebox_0001_lifting_001453_001521.mp4,https://1drv.ms/v/c/e14d2464c52103f1/IQBFzBES3uAVTJ2mhvo1qvsJAYlZBJNy81dM9qWCabRwAa4,"A person in dark clothing lifts a large cardboard box in a meeting-style office with rows of chairs, desks, monitors, and a dark patterned carpet.",,,,,,,,,,
P005,5,warehouse_3_event_25_tripod_0001_lift_001254_001360.mp4,1,46,72,Hunavsim,Warehouse,3,tripod_0001,warehouse_3_event_25_tripod_0001_lift_001254_001360.mp4,https://1drv.ms/v/c/e14d2464c52103f1/IQDVikftiPjASryES_--jKUlAaXN7yWX2TQ-B0KXKXWSZ98,"A worker in a yellow safety vest or a light uniform lifts a tripod beside the white warehouse wall, yellow forklift, stacked pallets, and blue rolling bins.",,,,,,,,,,
P005,6,office_1_event_06_largebox_0002_lifting_000648_000685.mp4,1,56,137,Hunavsim,Office,1,largebox_0002,office_1_event_06_largebox_0002_lifting_000648_000685.mp4,https://1drv.ms/v/c/e14d2464c52103f1/IQDuwrdmceW4RLKLL8IeV3zxAa_V34J_6zEreIFi94Dgt6U,"A person in a light shirt and dark pants lifts a large cardboard box in an office lobby with a long table, monitors, large windows, potted plants, and patterned carpet.",,,,,,,,,,
P005,7,office_1_event_151_woodchair_0001_lifting_005725_005798.mp4,3,71,200,Hunavsim,Office,1,woodchair_0001,office_1_event_151_woodchair_0001_lifting_005725_005798.mp4,https://1drv.ms/v/c/e14d2464c52103f1/IQDM1raZhd0wTpWSHlrc_ZPAAXtaHp03D-S5Lge8VrXylKs,"A person in a pink or light-colored outfit lifts a wooden chair in a bright office room with desks, black chairs, computer monitors, doorway signage, and wall decorations.",,,,,,,,,,
P005,8,tressider-2019-04-26_2_image_4_carrying_001201_001425_H35_O7.mp4,5,41,50,JRDB,tressider-2019-04-26_2,4,machines,tressider-2019-04-26_2_image_4_carrying_001201_001425_H35_O7.mp4,https://1drv.ms/v/c/e14d2464c52103f1/IQCWM1VMThc7TJB6sT3dIc-oAUuKT1O_SqfiEkqwCLKagW0,A tall man in a dark T-shirt and light shorts carries a folded stand or machine-like item in a cafe crowd.,https://1drv.ms/i/c/e14d2464c52103f1/IQAVkoXN_LlFRbdt7osbcBqkAYqoi1UMDik6OWo3IHkpilk,hold,normal,large,open_space,none,,,VLM: hold; human_state=normal; object_property=large; spatial_context=open_space; risk_factor=none; selected_frame=57; gt_activity=carrying; human_iou=0.934; object_iou=0.721,57
P005,9,hospital_1_event_30_plasticbox_0001_kicking_002977_003093.mp4,5,52,126,Hunavsim,Hospital,1,plasticbox_0001,hospital_1_event_30_plasticbox_0001_kicking_002977_003093.mp4,https://1drv.ms/v/c/e14d2464c52103f1/IQAyk72Ib2BFR4FIuTF1RmdEAQJIbib_bDugQp2sGqsX8p8,"A person in patterned pants or dark clothing kicks a plastic storage box near hospital stairs, blue storage racks, yellow bins, and a wall-mounted medical table.",,,,,,,,,,
P005,10,bytes-cafe-2019-02-07_0_image_2_packing_000000_000087_H112_O38.mp4,1,14,17,JRDB,bytes-cafe-2019-02-07_0,2,cabinet,bytes-cafe-2019-02-07_0_image_2_packing_000000_000087_H112_O38.mp4,https://1drv.ms/v/c/e14d2464c52103f1/IQDoNm83s3S2RavcY8GA3ObCAdZaRdbff1VWi41x4YVZPH0,A person in a black jacket with a backpack handles or packs a low cabinet area at a cafe counter.,https://1drv.ms/i/c/e14d2464c52103f1/IQC5G25whoNxTKNos5_DvipXASPFt_2sFZH0qq7C4QpF7yU,hold,normal,large,narrow_corridor,none,,,VLM: hold; human_state=normal; object_property=large; spatial_context=narrow_corridor; risk_factor=none; selected_frame=45; gt_activity=packing; human_iou=0.000; object_iou=1.000,45
P006,1,warehouse_1_event_04_plasticbox_0001_putting_down_000186_000244.mp4,1,44,4,Hunavsim,Warehouse,1,plasticbox_0001,warehouse_1_event_04_plasticbox_0001_putting_down_000186_000244.mp4,https://1drv.ms/v/c/e14d2464c52103f1/IQDyeA7TBmrASIsCimd5zVa5Ad2lGd438w_1tvES-K30otM,"A person in a dark outfit or purple pants puts down a plastic storage box in a yellow-and-white warehouse with a forklift, blue bins, pallets, and tall metal racks.",,,,,,,,,,
P006,2,warehouse_1_event_48_smallbox_0001_putting_down_002409_002455.mp4,5,42,29,Hunavsim,Warehouse,1,smallbox_0001,warehouse_1_event_48_smallbox_0001_putting_down_002409_002455.mp4,https://1drv.ms/v/c/e14d2464c52103f1/IQAgFgMOXhf5SaeKLrRp2uQbAeTXFWbbYBShI4sTZKauIbE,"A person in a white or light gray outfit puts down a small box beside the white warehouse wall, yellow forklift, stacked pallets, and blue rolling bins.",,,,,,,,,,
P006,3,warehouse_3_event_20_trashcan_0001_lifting_001236_001339.mp4,4,43,70,Hunavsim,Warehouse,3,trashcan_0001,warehouse_3_event_20_trashcan_0001_lifting_001236_001339.mp4,https://1drv.ms/v/c/e14d2464c52103f1/IQBjZzH5RbxiTqo1eWTCeXT6ARICZBiCJNOES5kvQvOHWJ8,"A worker in a yellow safety vest or a light uniform lifts a trash can beside the white warehouse wall, yellow forklift, stacked pallets, and blue rolling bins.",,,,,,,,,,
P006,4,office_1_event_16_largebox_0001_lifting_001453_001521.mp4,3,55,148,Hunavsim,Office,1,largebox_0001,office_1_event_16_largebox_0001_lifting_001453_001521.mp4,https://1drv.ms/v/c/e14d2464c52103f1/IQBFzBES3uAVTJ2mhvo1qvsJAYlZBJNy81dM9qWCabRwAa4,"A person in dark clothing lifts a large cardboard box in a meeting-style office with rows of chairs, desks, monitors, and a dark patterned carpet.",,,,,,,,,,
P006,5,warehouse_3_event_25_tripod_0001_lift_001254_001360.mp4,2,46,72,Hunavsim,Warehouse,3,tripod_0001,warehouse_3_event_25_tripod_0001_lift_001254_001360.mp4,https://1drv.ms/v/c/e14d2464c52103f1/IQDVikftiPjASryES_--jKUlAaXN7yWX2TQ-B0KXKXWSZ98,"A worker in a yellow safety vest or a light uniform lifts a tripod beside the white warehouse wall, yellow forklift, stacked pallets, and blue rolling bins.",,,,,,,,,,
P006,6,office_1_event_06_largebox_0002_lifting_000648_000685.mp4,2,56,137,Hunavsim,Office,1,largebox_0002,office_1_event_06_largebox_0002_lifting_000648_000685.mp4,https://1drv.ms/v/c/e14d2464c52103f1/IQDuwrdmceW4RLKLL8IeV3zxAa_V34J_6zEreIFi94Dgt6U,"A person in a light shirt and dark pants lifts a large cardboard box in an office lobby with a long table, monitors, large windows, potted plants, and patterned carpet.",,,,,,,,,,
P006,7,office_1_event_151_woodchair_0001_lifting_005725_005798.mp4,4,71,200,Hunavsim,Office,1,woodchair_0001,office_1_event_151_woodchair_0001_lifting_005725_005798.mp4,https://1drv.ms/v/c/e14d2464c52103f1/IQDM1raZhd0wTpWSHlrc_ZPAAXtaHp03D-S5Lge8VrXylKs,"A person in a pink or light-colored outfit lifts a wooden chair in a bright office room with desks, black chairs, computer monitors, doorway signage, and wall decorations.",,,,,,,,,,
P006,8,tressider-2019-04-26_2_image_6_carrying_000721_000945_H35_O7.mp4,1,41,52,JRDB,tressider-2019-04-26_2,6,machines,tressider-2019-04-26_2_image_6_carrying_000721_000945_H35_O7.mp4,https://1drv.ms/v/c/e14d2464c52103f1/IQD0NHds_cRvQb3kEhAGQMhKAVWgLFu3QHTlyDYU-UfGgEc,A man in a red shirt and black shorts carries a small white controller-like machine near a cafe entrance.,https://1drv.ms/i/c/e14d2464c52103f1/IQBVABtQ03YwQKcwQiORqv-TAdi3MdOmcZdd_sm0iX24-xU,hold,normal,large,crowded,none,,,VLM: hold; human_state=normal; object_property=large; spatial_context=crowded; risk_factor=none; selected_frame=113; gt_activity=carrying; human_iou=0.000; object_iou=0.398,113
P006,9,hospital_1_event_33_plasticbox_0001_kicking_003197_003283.mp4,1,52,127,Hunavsim,Hospital,1,plasticbox_0001,hospital_1_event_33_plasticbox_0001_kicking_003197_003283.mp4,https://1drv.ms/v/c/e14d2464c52103f1/IQCIU0OPD46pRpxEpMSL-O99ASKAgl2HmOeBU-2GL9V2G7w,"A person in patterned pants or dark clothing kicks a plastic storage box near hospital stairs, blue storage racks, yellow bins, and a wall-mounted medical table.",,,,,,,,,,
P006,10,bytes-cafe-2019-02-07_0_image_2_packing_000000_000087_H112_O38.mp4,2,14,17,JRDB,bytes-cafe-2019-02-07_0,2,cabinet,bytes-cafe-2019-02-07_0_image_2_packing_000000_000087_H112_O38.mp4,https://1drv.ms/v/c/e14d2464c52103f1/IQDoNm83s3S2RavcY8GA3ObCAdZaRdbff1VWi41x4YVZPH0,A person in a black jacket with a backpack handles or packs a low cabinet area at a cafe counter.,https://1drv.ms/i/c/e14d2464c52103f1/IQC5G25whoNxTKNos5_DvipXASPFt_2sFZH0qq7C4QpF7yU,hold,normal,large,narrow_corridor,none,,,VLM: hold; human_state=normal; object_property=large; spatial_context=narrow_corridor; risk_factor=none; selected_frame=45; gt_activity=packing; human_iou=0.000; object_iou=1.000,45
P007,1,warehouse_1_event_04_plasticbox_0001_putting_down_000186_000244.mp4,2,44,4,Hunavsim,Warehouse,1,plasticbox_0001,warehouse_1_event_04_plasticbox_0001_putting_down_000186_000244.mp4,https://1drv.ms/v/c/e14d2464c52103f1/IQDyeA7TBmrASIsCimd5zVa5Ad2lGd438w_1tvES-K30otM,"A person in a dark outfit or purple pants puts down a plastic storage box in a yellow-and-white warehouse with a forklift, blue bins, pallets, and tall metal racks.",,,,,,,,,,
P007,2,warehouse_1_event_50_smallbox_0001_putting_down_002470_002485.mp4,1,42,30,Hunavsim,Warehouse,1,smallbox_0001,warehouse_1_event_50_smallbox_0001_putting_down_002470_002485.mp4,https://1drv.ms/v/c/e14d2464c52103f1/IQAUMJdo6K-mTpxWLWitnx69AaJeP4GkVc3iLkN4MRnkjGs,"A person in a white or light gray outfit puts down a small box beside the white warehouse wall, yellow forklift, stacked pallets, and blue rolling bins.",,,,,,,,,,
P007,3,warehouse_3_event_20_trashcan_0001_lifting_001236_001339.mp4,5,43,70,Hunavsim,Warehouse,3,trashcan_0001,warehouse_3_event_20_trashcan_0001_lifting_001236_001339.mp4,https://1drv.ms/v/c/e14d2464c52103f1/IQBjZzH5RbxiTqo1eWTCeXT6ARICZBiCJNOES5kvQvOHWJ8,"A worker in a yellow safety vest or a light uniform lifts a trash can beside the white warehouse wall, yellow forklift, stacked pallets, and blue rolling bins.",,,,,,,,,,
P007,4,office_1_event_16_largebox_0001_lifting_001453_001521.mp4,4,55,148,Hunavsim,Office,1,largebox_0001,office_1_event_16_largebox_0001_lifting_001453_001521.mp4,https://1drv.ms/v/c/e14d2464c52103f1/IQBFzBES3uAVTJ2mhvo1qvsJAYlZBJNy81dM9qWCabRwAa4,"A person in dark clothing lifts a large cardboard box in a meeting-style office with rows of chairs, desks, monitors, and a dark patterned carpet.",,,,,,,,,,
P007,5,warehouse_3_event_25_tripod_0001_lift_001254_001360.mp4,3,46,72,Hunavsim,Warehouse,3,tripod_0001,warehouse_3_event_25_tripod_0001_lift_001254_001360.mp4,https://1drv.ms/v/c/e14d2464c52103f1/IQDVikftiPjASryES_--jKUlAaXN7yWX2TQ-B0KXKXWSZ98,"A worker in a yellow safety vest or a light uniform lifts a tripod beside the white warehouse wall, yellow forklift, stacked pallets, and blue rolling bins.",,,,,,,,,,
P007,6,office_1_event_06_largebox_0002_lifting_000648_000685.mp4,3,56,137,Hunavsim,Office,1,largebox_0002,office_1_event_06_largebox_0002_lifting_000648_000685.mp4,https://1drv.ms/v/c/e14d2464c52103f1/IQDuwrdmceW4RLKLL8IeV3zxAa_V34J_6zEreIFi94Dgt6U,"A person in a light shirt and dark pants lifts a large cardboard box in an office lobby with a long table, monitors, large windows, potted plants, and patterned carpet.",,,,,,,,,,
P007,7,office_1_event_151_woodchair_0001_lifting_005725_005798.mp4,5,71,200,Hunavsim,Office,1,woodchair_0001,office_1_event_151_woodchair_0001_lifting_005725_005798.mp4,https://1drv.ms/v/c/e14d2464c52103f1/IQDM1raZhd0wTpWSHlrc_ZPAAXtaHp03D-S5Lge8VrXylKs,"A person in a pink or light-colored outfit lifts a wooden chair in a bright office room with desks, black chairs, computer monitors, doorway signage, and wall decorations.",,,,,,,,,,
P007,8,tressider-2019-04-26_2_image_6_carrying_000721_000945_H35_O7.mp4,2,41,52,JRDB,tressider-2019-04-26_2,6,machines,tressider-2019-04-26_2_image_6_carrying_000721_000945_H35_O7.mp4,https://1drv.ms/v/c/e14d2464c52103f1/IQD0NHds_cRvQb3kEhAGQMhKAVWgLFu3QHTlyDYU-UfGgEc,A man in a red shirt and black shorts carries a small white controller-like machine near a cafe entrance.,https://1drv.ms/i/c/e14d2464c52103f1/IQBVABtQ03YwQKcwQiORqv-TAdi3MdOmcZdd_sm0iX24-xU,hold,normal,large,crowded,none,,,VLM: hold; human_state=normal; object_property=large; spatial_context=crowded; risk_factor=none; selected_frame=113; gt_activity=carrying; human_iou=0.000; object_iou=0.398,113
P007,9,hospital_1_event_33_plasticbox_0001_kicking_003197_003283.mp4,2,52,127,Hunavsim,Hospital,1,plasticbox_0001,hospital_1_event_33_plasticbox_0001_kicking_003197_003283.mp4,https://1drv.ms/v/c/e14d2464c52103f1/IQCIU0OPD46pRpxEpMSL-O99ASKAgl2HmOeBU-2GL9V2G7w,"A person in patterned pants or dark clothing kicks a plastic storage box near hospital stairs, blue storage racks, yellow bins, and a wall-mounted medical table.",,,,,,,,,,
P007,10,bytes-cafe-2019-02-07_0_image_2_packing_000000_000087_H112_O38.mp4,3,14,17,JRDB,bytes-cafe-2019-02-07_0,2,cabinet,bytes-cafe-2019-02-07_0_image_2_packing_000000_000087_H112_O38.mp4,https://1drv.ms/v/c/e14d2464c52103f1/IQDoNm83s3S2RavcY8GA3ObCAdZaRdbff1VWi41x4YVZPH0,A person in a black jacket with a backpack handles or packs a low cabinet area at a cafe counter.,https://1drv.ms/i/c/e14d2464c52103f1/IQC5G25whoNxTKNos5_DvipXASPFt_2sFZH0qq7C4QpF7yU,hold,normal,large,narrow_corridor,none,,,VLM: hold; human_state=normal; object_property=large; spatial_context=narrow_corridor; risk_factor=none; selected_frame=45; gt_activity=packing; human_iou=0.000; object_iou=1.000,45
P008,1,warehouse_1_event_04_plasticbox_0001_putting_down_000186_000244.mp4,3,44,4,Hunavsim,Warehouse,1,plasticbox_0001,warehouse_1_event_04_plasticbox_0001_putting_down_000186_000244.mp4,https://1drv.ms/v/c/e14d2464c52103f1/IQDyeA7TBmrASIsCimd5zVa5Ad2lGd438w_1tvES-K30otM,"A person in a dark outfit or purple pants puts down a plastic storage box in a yellow-and-white warehouse with a forklift, blue bins, pallets, and tall metal racks.",,,,,,,,,,
P008,2,warehouse_1_event_50_smallbox_0001_putting_down_002470_002485.mp4,2,42,30,Hunavsim,Warehouse,1,smallbox_0001,warehouse_1_event_50_smallbox_0001_putting_down_002470_002485.mp4,https://1drv.ms/v/c/e14d2464c52103f1/IQAUMJdo6K-mTpxWLWitnx69AaJeP4GkVc3iLkN4MRnkjGs,"A person in a white or light gray outfit puts down a small box beside the white warehouse wall, yellow forklift, stacked pallets, and blue rolling bins.",,,,,,,,,,
P008,3,warehouse_3_event_28_trashcan_0001_putting_down_001477_001523.mp4,1,43,75,Hunavsim,Warehouse,3,trashcan_0001,warehouse_3_event_28_trashcan_0001_putting_down_001477_001523.mp4,https://1drv.ms/v/c/e14d2464c52103f1/IQCYpGUyJre-Sr9xYKOrTgn4ATucUrXlKKpaEWuKeqZTEeY,"A worker in a yellow safety vest or a light uniform puts down a trash can beside the white warehouse wall, yellow forklift, stacked pallets, and blue rolling bins.",,,,,,,,,,
P008,4,office_1_event_16_largebox_0001_lifting_001453_001521.mp4,5,55,148,Hunavsim,Office,1,largebox_0001,office_1_event_16_largebox_0001_lifting_001453_001521.mp4,https://1drv.ms/v/c/e14d2464c52103f1/IQBFzBES3uAVTJ2mhvo1qvsJAYlZBJNy81dM9qWCabRwAa4,"A person in dark clothing lifts a large cardboard box in a meeting-style office with rows of chairs, desks, monitors, and a dark patterned carpet.",,,,,,,,,,
P008,5,warehouse_3_event_25_tripod_0001_lift_001254_001360.mp4,4,46,72,Hunavsim,Warehouse,3,tripod_0001,warehouse_3_event_25_tripod_0001_lift_001254_001360.mp4,https://1drv.ms/v/c/e14d2464c52103f1/IQDVikftiPjASryES_--jKUlAaXN7yWX2TQ-B0KXKXWSZ98,"A worker in a yellow safety vest or a light uniform lifts a tripod beside the white warehouse wall, yellow forklift, stacked pallets, and blue rolling bins.",,,,,,,,,,
P008,6,office_1_event_06_largebox_0002_lifting_000648_000685.mp4,4,56,137,Hunavsim,Office,1,largebox_0002,office_1_event_06_largebox_0002_lifting_000648_000685.mp4,https://1drv.ms/v/c/e14d2464c52103f1/IQDuwrdmceW4RLKLL8IeV3zxAa_V34J_6zEreIFi94Dgt6U,"A person in a light shirt and dark pants lifts a large cardboard box in an office lobby with a long table, monitors, large windows, potted plants, and patterned carpet.",,,,,,,,,,
P008,7,office_1_event_151_woodchair_0001_placing_005799_005818.mp4,1,71,201,Hunavsim,Office,1,woodchair_0001,office_1_event_151_woodchair_0001_placing_005799_005818.mp4,https://1drv.ms/v/c/e14d2464c52103f1/IQAWJiZ44SoPTYHkW94I9WLHAcBUjsM_lvLyrosi4y4IzxE,"A person in a pink or light-colored outfit places a wooden chair in a bright office room with desks, black chairs, computer monitors, doorway signage, and wall decorations.",,,,,,,,,,
P008,8,tressider-2019-04-26_2_image_6_carrying_000721_000945_H35_O7.mp4,3,41,52,JRDB,tressider-2019-04-26_2,6,machines,tressider-2019-04-26_2_image_6_carrying_000721_000945_H35_O7.mp4,https://1drv.ms/v/c/e14d2464c52103f1/IQD0NHds_cRvQb3kEhAGQMhKAVWgLFu3QHTlyDYU-UfGgEc,A man in a red shirt and black shorts carries a small white controller-like machine near a cafe entrance.,https://1drv.ms/i/c/e14d2464c52103f1/IQBVABtQ03YwQKcwQiORqv-TAdi3MdOmcZdd_sm0iX24-xU,hold,normal,large,crowded,none,,,VLM: hold; human_state=normal; object_property=large; spatial_context=crowded; risk_factor=none; selected_frame=113; gt_activity=carrying; human_iou=0.000; object_iou=0.398,113
P008,9,hospital_1_event_33_plasticbox_0001_kicking_003197_003283.mp4,3,52,127,Hunavsim,Hospital,1,plasticbox_0001,hospital_1_event_33_plasticbox_0001_kicking_003197_003283.mp4,https://1drv.ms/v/c/e14d2464c52103f1/IQCIU0OPD46pRpxEpMSL-O99ASKAgl2HmOeBU-2GL9V2G7w,"A person in patterned pants or dark clothing kicks a plastic storage box near hospital stairs, blue storage racks, yellow bins, and a wall-mounted medical table.",,,,,,,,,,
P008,10,bytes-cafe-2019-02-07_0_image_2_packing_000000_000087_H112_O38.mp4,4,14,17,JRDB,bytes-cafe-2019-02-07_0,2,cabinet,bytes-cafe-2019-02-07_0_image_2_packing_000000_000087_H112_O38.mp4,https://1drv.ms/v/c/e14d2464c52103f1/IQDoNm83s3S2RavcY8GA3ObCAdZaRdbff1VWi41x4YVZPH0,A person in a black jacket with a backpack handles or packs a low cabinet area at a cafe counter.,https://1drv.ms/i/c/e14d2464c52103f1/IQC5G25whoNxTKNos5_DvipXASPFt_2sFZH0qq7C4QpF7yU,hold,normal,large,narrow_corridor,none,,,VLM: hold; human_state=normal; object_property=large; spatial_context=narrow_corridor; risk_factor=none; selected_frame=45; gt_activity=packing; human_iou=0.000; object_iou=1.000,45
P009,1,warehouse_1_event_04_plasticbox_0001_putting_down_000186_000244.mp4,4,44,4,Hunavsim,Warehouse,1,plasticbox_0001,warehouse_1_event_04_plasticbox_0001_putting_down_000186_000244.mp4,https://1drv.ms/v/c/e14d2464c52103f1/IQDyeA7TBmrASIsCimd5zVa5Ad2lGd438w_1tvES-K30otM,"A person in a dark outfit or purple pants puts down a plastic storage box in a yellow-and-white warehouse with a forklift, blue bins, pallets, and tall metal racks.",,,,,,,,,,
P009,2,warehouse_1_event_50_smallbox_0001_putting_down_002470_002485.mp4,3,42,30,Hunavsim,Warehouse,1,smallbox_0001,warehouse_1_event_50_smallbox_0001_putting_down_002470_002485.mp4,https://1drv.ms/v/c/e14d2464c52103f1/IQAUMJdo6K-mTpxWLWitnx69AaJeP4GkVc3iLkN4MRnkjGs,"A person in a white or light gray outfit puts down a small box beside the white warehouse wall, yellow forklift, stacked pallets, and blue rolling bins.",,,,,,,,,,
P009,3,warehouse_3_event_28_trashcan_0001_putting_down_001477_001523.mp4,2,43,75,Hunavsim,Warehouse,3,trashcan_0001,warehouse_3_event_28_trashcan_0001_putting_down_001477_001523.mp4,https://1drv.ms/v/c/e14d2464c52103f1/IQCYpGUyJre-Sr9xYKOrTgn4ATucUrXlKKpaEWuKeqZTEeY,"A worker in a yellow safety vest or a light uniform puts down a trash can beside the white warehouse wall, yellow forklift, stacked pallets, and blue rolling bins.",,,,,,,,,,
P009,4,office_1_event_16_largebox_0001_putting_down_001522_001560.mp4,1,55,149,Hunavsim,Office,1,largebox_0001,office_1_event_16_largebox_0001_putting_down_001522_001560.mp4,https://1drv.ms/v/c/e14d2464c52103f1/IQCBQxWjhTkjRpQgNiryb7srAW6ucWzQK_RF6V0no1iyW3k,"A person in dark clothing puts down a large cardboard box in a meeting-style office with rows of chairs, desks, monitors, and a dark patterned carpet.",,,,,,,,,,
P009,5,warehouse_3_event_25_tripod_0001_lift_001254_001360.mp4,5,46,72,Hunavsim,Warehouse,3,tripod_0001,warehouse_3_event_25_tripod_0001_lift_001254_001360.mp4,https://1drv.ms/v/c/e14d2464c52103f1/IQDVikftiPjASryES_--jKUlAaXN7yWX2TQ-B0KXKXWSZ98,"A worker in a yellow safety vest or a light uniform lifts a tripod beside the white warehouse wall, yellow forklift, stacked pallets, and blue rolling bins.",,,,,,,,,,
P009,6,office_1_event_06_largebox_0002_lifting_000648_000685.mp4,5,56,137,Hunavsim,Office,1,largebox_0002,office_1_event_06_largebox_0002_lifting_000648_000685.mp4,https://1drv.ms/v/c/e14d2464c52103f1/IQDuwrdmceW4RLKLL8IeV3zxAa_V34J_6zEreIFi94Dgt6U,"A person in a light shirt and dark pants lifts a large cardboard box in an office lobby with a long table, monitors, large windows, potted plants, and patterned carpet.",,,,,,,,,,
P009,7,office_1_event_151_woodchair_0001_placing_005799_005818.mp4,2,71,201,Hunavsim,Office,1,woodchair_0001,office_1_event_151_woodchair_0001_placing_005799_005818.mp4,https://1drv.ms/v/c/e14d2464c52103f1/IQAWJiZ44SoPTYHkW94I9WLHAcBUjsM_lvLyrosi4y4IzxE,"A person in a pink or light-colored outfit places a wooden chair in a bright office room with desks, black chairs, computer monitors, doorway signage, and wall decorations.",,,,,,,,,,
P009,8,tressider-2019-04-26_2_image_6_carrying_000721_000945_H35_O7.mp4,4,41,52,JRDB,tressider-2019-04-26_2,6,machines,tressider-2019-04-26_2_image_6_carrying_000721_000945_H35_O7.mp4,https://1drv.ms/v/c/e14d2464c52103f1/IQD0NHds_cRvQb3kEhAGQMhKAVWgLFu3QHTlyDYU-UfGgEc,A man in a red shirt and black shorts carries a small white controller-like machine near a cafe entrance.,https://1drv.ms/i/c/e14d2464c52103f1/IQBVABtQ03YwQKcwQiORqv-TAdi3MdOmcZdd_sm0iX24-xU,hold,normal,large,crowded,none,,,VLM: hold; human_state=normal; object_property=large; spatial_context=crowded; risk_factor=none; selected_frame=113; gt_activity=carrying; human_iou=0.000; object_iou=0.398,113
P009,9,hospital_1_event_33_plasticbox_0001_kicking_003197_003283.mp4,4,52,127,Hunavsim,Hospital,1,plasticbox_0001,hospital_1_event_33_plasticbox_0001_kicking_003197_003283.mp4,https://1drv.ms/v/c/e14d2464c52103f1/IQCIU0OPD46pRpxEpMSL-O99ASKAgl2HmOeBU-2GL9V2G7w,"A person in patterned pants or dark clothing kicks a plastic storage box near hospital stairs, blue storage racks, yellow bins, and a wall-mounted medical table.",,,,,,,,,,
P009,10,bytes-cafe-2019-02-07_0_image_2_packing_000000_000087_H112_O38.mp4,5,14,17,JRDB,bytes-cafe-2019-02-07_0,2,cabinet,bytes-cafe-2019-02-07_0_image_2_packing_000000_000087_H112_O38.mp4,https://1drv.ms/v/c/e14d2464c52103f1/IQDoNm83s3S2RavcY8GA3ObCAdZaRdbff1VWi41x4YVZPH0,A person in a black jacket with a backpack handles or packs a low cabinet area at a cafe counter.,https://1drv.ms/i/c/e14d2464c52103f1/IQC5G25whoNxTKNos5_DvipXASPFt_2sFZH0qq7C4QpF7yU,hold,normal,large,narrow_corridor,none,,,VLM: hold; human_state=normal; object_property=large; spatial_context=narrow_corridor; risk_factor=none; selected_frame=45; gt_activity=packing; human_iou=0.000; object_iou=1.000,45
P010,1,warehouse_1_event_04_plasticbox_0001_putting_down_000186_000244.mp4,5,44,4,Hunavsim,Warehouse,1,plasticbox_0001,warehouse_1_event_04_plasticbox_0001_putting_down_000186_000244.mp4,https://1drv.ms/v/c/e14d2464c52103f1/IQDyeA7TBmrASIsCimd5zVa5Ad2lGd438w_1tvES-K30otM,"A person in a dark outfit or purple pants puts down a plastic storage box in a yellow-and-white warehouse with a forklift, blue bins, pallets, and tall metal racks.",,,,,,,,,,
P010,2,warehouse_1_event_50_smallbox_0001_putting_down_002470_002485.mp4,4,42,30,Hunavsim,Warehouse,1,smallbox_0001,warehouse_1_event_50_smallbox_0001_putting_down_002470_002485.mp4,https://1drv.ms/v/c/e14d2464c52103f1/IQAUMJdo6K-mTpxWLWitnx69AaJeP4GkVc3iLkN4MRnkjGs,"A person in a white or light gray outfit puts down a small box beside the white warehouse wall, yellow forklift, stacked pallets, and blue rolling bins.",,,,,,,,,,
P010,3,warehouse_3_event_28_trashcan_0001_putting_down_001477_001523.mp4,3,43,75,Hunavsim,Warehouse,3,trashcan_0001,warehouse_3_event_28_trashcan_0001_putting_down_001477_001523.mp4,https://1drv.ms/v/c/e14d2464c52103f1/IQCYpGUyJre-Sr9xYKOrTgn4ATucUrXlKKpaEWuKeqZTEeY,"A worker in a yellow safety vest or a light uniform puts down a trash can beside the white warehouse wall, yellow forklift, stacked pallets, and blue rolling bins.",,,,,,,,,,
P010,4,office_1_event_16_largebox_0001_putting_down_001522_001560.mp4,2,55,149,Hunavsim,Office,1,largebox_0001,office_1_event_16_largebox_0001_putting_down_001522_001560.mp4,https://1drv.ms/v/c/e14d2464c52103f1/IQCBQxWjhTkjRpQgNiryb7srAW6ucWzQK_RF6V0no1iyW3k,"A person in dark clothing puts down a large cardboard box in a meeting-style office with rows of chairs, desks, monitors, and a dark patterned carpet.",,,,,,,,,,
P010,5,warehouse_3_event_34_tripod_0001_lifting_001781_001827.mp4,1,46,77,Hunavsim,Warehouse,3,tripod_0001,warehouse_3_event_34_tripod_0001_lifting_001781_001827.mp4,https://1drv.ms/v/c/e14d2464c52103f1/IQAVefmbIU_OTryAX1hekc4XAYrYa0qH61OhPGAIBobLUYY,"A person in a white or light gray outfit lifts a tripod beside the white warehouse wall, yellow forklift, stacked pallets, and blue rolling bins.",,,,,,,,,,
P010,6,office_1_event_06_largebox_0002_putting_down_000686_000726.mp4,1,56,138,Hunavsim,Office,1,largebox_0002,office_1_event_06_largebox_0002_putting_down_000686_000726.mp4,https://1drv.ms/v/c/e14d2464c52103f1/IQBZvACXyKWmRYpVu4odJltWARltqwt2Q7Vus1x6iHUqRUg,"A person in a light shirt and dark pants puts down a large cardboard box in an office lobby with a long table, monitors, large windows, potted plants, and patterned carpet.",,,,,,,,,,
P010,7,office_1_event_151_woodchair_0001_placing_005799_005818.mp4,3,71,201,Hunavsim,Office,1,woodchair_0001,office_1_event_151_woodchair_0001_placing_005799_005818.mp4,https://1drv.ms/v/c/e14d2464c52103f1/IQAWJiZ44SoPTYHkW94I9WLHAcBUjsM_lvLyrosi4y4IzxE,"A person in a pink or light-colored outfit places a wooden chair in a bright office room with desks, black chairs, computer monitors, doorway signage, and wall decorations.",,,,,,,,,,
P010,8,tressider-2019-04-26_2_image_6_carrying_000721_000945_H35_O7.mp4,5,41,52,JRDB,tressider-2019-04-26_2,6,machines,tressider-2019-04-26_2_image_6_carrying_000721_000945_H35_O7.mp4,https://1drv.ms/v/c/e14d2464c52103f1/IQD0NHds_cRvQb3kEhAGQMhKAVWgLFu3QHTlyDYU-UfGgEc,A man in a red shirt and black shorts carries a small white controller-like machine near a cafe entrance.,https://1drv.ms/i/c/e14d2464c52103f1/IQBVABtQ03YwQKcwQiORqv-TAdi3MdOmcZdd_sm0iX24-xU,hold,normal,large,crowded,none,,,VLM: hold; human_state=normal; object_property=large; spatial_context=crowded; risk_factor=none; selected_frame=113; gt_activity=carrying; human_iou=0.000; object_iou=0.398,113
P010,9,hospital_1_event_33_plasticbox_0001_kicking_003197_003283.mp4,5,52,127,Hunavsim,Hospital,1,plasticbox_0001,hospital_1_event_33_plasticbox_0001_kicking_003197_003283.mp4,https://1drv.ms/v/c/e14d2464c52103f1/IQCIU0OPD46pRpxEpMSL-O99ASKAgl2HmOeBU-2GL9V2G7w,"A person in patterned pants or dark clothing kicks a plastic storage box near hospital stairs, blue storage racks, yellow bins, and a wall-mounted medical table.",,,,,,,,,,
P010,10,bytes-cafe-2019-02-07_0_image_2_carrying_000381_000414_H115_O34.mp4,1,15,18,JRDB,bytes-cafe-2019-02-07_0,2,tableware,bytes-cafe-2019-02-07_0_image_2_carrying_000381_000414_H115_O34.mp4,https://1drv.ms/v/c/e14d2464c52103f1/IQCq4wPFgzT1R7I5Cs1-vZqqAfwWFM_Bw7spiEval9QKfh8,A man in a dark jacket and light pants carries a small tableware item near a cafe counter.,https://1drv.ms/i/c/e14d2464c52103f1/IQBfrAEPygDDT7z6AN-A2afSAVCB_eunSDUHgB25xHPXcto,hold,normal,small,open_space,none,,,VLM: hold; human_state=normal; object_property=small; spatial_context=open_space; risk_factor=none; selected_frame=18; gt_activity=carrying; human_iou=0.930; object_iou=0.438,18
P011,1,warehouse_1_event_04_plasticbox_0001_kicking_000245_000295.mp4,1,44,5,Hunavsim,Warehouse,1,plasticbox_0001,warehouse_1_event_04_plasticbox_0001_kicking_000245_000295.mp4,https://1drv.ms/v/c/e14d2464c52103f1/IQB2wCPmrOsdT5H_-o6NMj7eAVZi-hfyG8jzSfna3wglkC0,"A person in a dark outfit or purple pants kicks a plastic storage box in a yellow-and-white warehouse with a forklift, blue bins, pallets, and tall metal racks.",,,,,,,,,,
P011,2,warehouse_1_event_50_smallbox_0001_putting_down_002470_002485.mp4,5,42,30,Hunavsim,Warehouse,1,smallbox_0001,warehouse_1_event_50_smallbox_0001_putting_down_002470_002485.mp4,https://1drv.ms/v/c/e14d2464c52103f1/IQAUMJdo6K-mTpxWLWitnx69AaJeP4GkVc3iLkN4MRnkjGs,"A person in a white or light gray outfit puts down a small box beside the white warehouse wall, yellow forklift, stacked pallets, and blue rolling bins.",,,,,,,,,,
P011,3,warehouse_3_event_28_trashcan_0001_putting_down_001477_001523.mp4,4,43,75,Hunavsim,Warehouse,3,trashcan_0001,warehouse_3_event_28_trashcan_0001_putting_down_001477_001523.mp4,https://1drv.ms/v/c/e14d2464c52103f1/IQCYpGUyJre-Sr9xYKOrTgn4ATucUrXlKKpaEWuKeqZTEeY,"A worker in a yellow safety vest or a light uniform puts down a trash can beside the white warehouse wall, yellow forklift, stacked pallets, and blue rolling bins.",,,,,,,,,,
P011,4,office_1_event_16_largebox_0001_putting_down_001522_001560.mp4,3,55,149,Hunavsim,Office,1,largebox_0001,office_1_event_16_largebox_0001_putting_down_001522_001560.mp4,https://1drv.ms/v/c/e14d2464c52103f1/IQCBQxWjhTkjRpQgNiryb7srAW6ucWzQK_RF6V0no1iyW3k,"A person in dark clothing puts down a large cardboard box in a meeting-style office with rows of chairs, desks, monitors, and a dark patterned carpet.",,,,,,,,,,
P011,5,warehouse_3_event_34_tripod_0001_lifting_001781_001827.mp4,2,46,77,Hunavsim,Warehouse,3,tripod_0001,warehouse_3_event_34_tripod_0001_lifting_001781_001827.mp4,https://1drv.ms/v/c/e14d2464c52103f1/IQAVefmbIU_OTryAX1hekc4XAYrYa0qH61OhPGAIBobLUYY,"A person in a white or light gray outfit lifts a tripod beside the white warehouse wall, yellow forklift, stacked pallets, and blue rolling bins.",,,,,,,,,,
P011,6,office_1_event_06_largebox_0002_putting_down_000686_000726.mp4,2,56,138,Hunavsim,Office,1,largebox_0002,office_1_event_06_largebox_0002_putting_down_000686_000726.mp4,https://1drv.ms/v/c/e14d2464c52103f1/IQBZvACXyKWmRYpVu4odJltWARltqwt2Q7Vus1x6iHUqRUg,"A person in a light shirt and dark pants puts down a large cardboard box in an office lobby with a long table, monitors, large windows, potted plants, and patterned carpet.",,,,,,,,,,
P011,7,office_1_event_151_woodchair_0001_placing_005799_005818.mp4,4,71,201,Hunavsim,Office,1,woodchair_0001,office_1_event_151_woodchair_0001_placing_005799_005818.mp4,https://1drv.ms/v/c/e14d2464c52103f1/IQAWJiZ44SoPTYHkW94I9WLHAcBUjsM_lvLyrosi4y4IzxE,"A person in a pink or light-colored outfit places a wooden chair in a bright office room with desks, black chairs, computer monitors, doorway signage, and wall decorations.",,,,,,,,,,
P011,8,tressider-2019-04-26_2_image_6_carrying_001144_001368_H35_O7.mp4,1,41,53,JRDB,tressider-2019-04-26_2,6,machines,tressider-2019-04-26_2_image_6_carrying_001144_001368_H35_O7.mp4,https://1drv.ms/v/c/e14d2464c52103f1/IQALhsYVuYiNRrswVYQzFSZtAUvBpXp05fpowxnUOGqDGMU,A man in a red shirt and black shorts carries a small white controller-like item in a crowded cafe scene.,https://1drv.ms/i/c/e14d2464c52103f1/IQD4ucRrYQz-RqR648NhydDEAZQQd0sVnbQQQuxdvr-iGUg,hold,normal,small,crowded,none,,,VLM: hold; human_state=normal; object_property=small; spatial_context=crowded; risk_factor=none; selected_frame=57; gt_activity=carrying; human_iou=0.000; object_iou=0.000,57
P011,9,hospital_1_event_34_floorlamp_0001_putting_down_003389_003443.mp4,1,53,128,Hunavsim,Hospital,1,floorlamp_0001,hospital_1_event_34_floorlamp_0001_putting_down_003389_003443.mp4,https://1drv.ms/v/c/e14d2464c52103f1/IQC7NERdqngdSrLwdh6fcBNhAZXAov8DI-e8Z4pThLAjYwk,"A person in patterned pants or dark clothing puts down a floor lamp near hospital stairs, blue storage racks, yellow bins, and a wall-mounted medical table.",,,,,,,,,,
P011,10,bytes-cafe-2019-02-07_0_image_2_carrying_000381_000414_H115_O34.mp4,2,15,18,JRDB,bytes-cafe-2019-02-07_0,2,tableware,bytes-cafe-2019-02-07_0_image_2_carrying_000381_000414_H115_O34.mp4,https://1drv.ms/v/c/e14d2464c52103f1/IQCq4wPFgzT1R7I5Cs1-vZqqAfwWFM_Bw7spiEval9QKfh8,A man in a dark jacket and light pants carries a small tableware item near a cafe counter.,https://1drv.ms/i/c/e14d2464c52103f1/IQBfrAEPygDDT7z6AN-A2afSAVCB_eunSDUHgB25xHPXcto,hold,normal,small,open_space,none,,,VLM: hold; human_state=normal; object_property=small; spatial_context=open_space; risk_factor=none; selected_frame=18; gt_activity=carrying; human_iou=0.930; object_iou=0.438,18
P012,1,warehouse_1_event_04_plasticbox_0001_kicking_000245_000295.mp4,2,44,5,Hunavsim,Warehouse,1,plasticbox_0001,warehouse_1_event_04_plasticbox_0001_kicking_000245_000295.mp4,https://1drv.ms/v/c/e14d2464c52103f1/IQB2wCPmrOsdT5H_-o6NMj7eAVZi-hfyG8jzSfna3wglkC0,"A person in a dark outfit or purple pants kicks a plastic storage box in a yellow-and-white warehouse with a forklift, blue bins, pallets, and tall metal racks.",,,,,,,,,,
P012,2,warehouse_1_event_50_smallbox_0001_kicking_002486_002598.mp4,1,42,31,Hunavsim,Warehouse,1,smallbox_0001,warehouse_1_event_50_smallbox_0001_kicking_002486_002598.mp4,https://1drv.ms/v/c/e14d2464c52103f1/IQCMh9cz-uG1RZ4wtqK2F3J5AW5_a7pZxYsb0FXq0dtCAXQ,"A person in a white or light gray outfit kicks a small box beside the white warehouse wall, yellow forklift, stacked pallets, and blue rolling bins.",,,,,,,,,,
P012,3,warehouse_3_event_28_trashcan_0001_putting_down_001477_001523.mp4,5,43,75,Hunavsim,Warehouse,3,trashcan_0001,warehouse_3_event_28_trashcan_0001_putting_down_001477_001523.mp4,https://1drv.ms/v/c/e14d2464c52103f1/IQCYpGUyJre-Sr9xYKOrTgn4ATucUrXlKKpaEWuKeqZTEeY,"A worker in a yellow safety vest or a light uniform puts down a trash can beside the white warehouse wall, yellow forklift, stacked pallets, and blue rolling bins.",,,,,,,,,,
P012,4,office_1_event_16_largebox_0001_putting_down_001522_001560.mp4,4,55,149,Hunavsim,Office,1,largebox_0001,office_1_event_16_largebox_0001_putting_down_001522_001560.mp4,https://1drv.ms/v/c/e14d2464c52103f1/IQCBQxWjhTkjRpQgNiryb7srAW6ucWzQK_RF6V0no1iyW3k,"A person in dark clothing puts down a large cardboard box in a meeting-style office with rows of chairs, desks, monitors, and a dark patterned carpet.",,,,,,,,,,
P012,5,warehouse_3_event_34_tripod_0001_lifting_001781_001827.mp4,3,46,77,Hunavsim,Warehouse,3,tripod_0001,warehouse_3_event_34_tripod_0001_lifting_001781_001827.mp4,https://1drv.ms/v/c/e14d2464c52103f1/IQAVefmbIU_OTryAX1hekc4XAYrYa0qH61OhPGAIBobLUYY,"A person in a white or light gray outfit lifts a tripod beside the white warehouse wall, yellow forklift, stacked pallets, and blue rolling bins.",,,,,,,,,,
P012,6,office_1_event_06_largebox_0002_putting_down_000686_000726.mp4,3,56,138,Hunavsim,Office,1,largebox_0002,office_1_event_06_largebox_0002_putting_down_000686_000726.mp4,https://1drv.ms/v/c/e14d2464c52103f1/IQBZvACXyKWmRYpVu4odJltWARltqwt2Q7Vus1x6iHUqRUg,"A person in a light shirt and dark pants puts down a large cardboard box in an office lobby with a long table, monitors, large windows, potted plants, and patterned carpet.",,,,,,,,,,
P012,7,office_1_event_151_woodchair_0001_placing_005799_005818.mp4,5,71,201,Hunavsim,Office,1,woodchair_0001,office_1_event_151_woodchair_0001_placing_005799_005818.mp4,https://1drv.ms/v/c/e14d2464c52103f1/IQAWJiZ44SoPTYHkW94I9WLHAcBUjsM_lvLyrosi4y4IzxE,"A person in a pink or light-colored outfit places a wooden chair in a bright office room with desks, black chairs, computer monitors, doorway signage, and wall decorations.",,,,,,,,,,
P012,8,tressider-2019-04-26_2_image_6_carrying_001144_001368_H35_O7.mp4,2,41,53,JRDB,tressider-2019-04-26_2,6,machines,tressider-2019-04-26_2_image_6_carrying_001144_001368_H35_O7.mp4,https://1drv.ms/v/c/e14d2464c52103f1/IQALhsYVuYiNRrswVYQzFSZtAUvBpXp05fpowxnUOGqDGMU,A man in a red shirt and black shorts carries a small white controller-like item in a crowded cafe scene.,https://1drv.ms/i/c/e14d2464c52103f1/IQD4ucRrYQz-RqR648NhydDEAZQQd0sVnbQQQuxdvr-iGUg,hold,normal,small,crowded,none,,,VLM: hold; human_state=normal; object_property=small; spatial_context=crowded; risk_factor=none; selected_frame=57; gt_activity=carrying; human_iou=0.000; object_iou=0.000,57
P012,9,hospital_1_event_34_floorlamp_0001_putting_down_003389_003443.mp4,2,53,128,Hunavsim,Hospital,1,floorlamp_0001,hospital_1_event_34_floorlamp_0001_putting_down_003389_003443.mp4,https://1drv.ms/v/c/e14d2464c52103f1/IQC7NERdqngdSrLwdh6fcBNhAZXAov8DI-e8Z4pThLAjYwk,"A person in patterned pants or dark clothing puts down a floor lamp near hospital stairs, blue storage racks, yellow bins, and a wall-mounted medical table.",,,,,,,,,,
P012,10,bytes-cafe-2019-02-07_0_image_2_carrying_000381_000414_H115_O34.mp4,3,15,18,JRDB,bytes-cafe-2019-02-07_0,2,tableware,bytes-cafe-2019-02-07_0_image_2_carrying_000381_000414_H115_O34.mp4,https://1drv.ms/v/c/e14d2464c52103f1/IQCq4wPFgzT1R7I5Cs1-vZqqAfwWFM_Bw7spiEval9QKfh8,A man in a dark jacket and light pants carries a small tableware item near a cafe counter.,https://1drv.ms/i/c/e14d2464c52103f1/IQBfrAEPygDDT7z6AN-A2afSAVCB_eunSDUHgB25xHPXcto,hold,normal,small,open_space,none,,,VLM: hold; human_state=normal; object_property=small; spatial_context=open_space; risk_factor=none; selected_frame=18; gt_activity=carrying; human_iou=0.930; object_iou=0.438,18
P013,1,warehouse_1_event_04_plasticbox_0001_kicking_000245_000295.mp4,3,44,5,Hunavsim,Warehouse,1,plasticbox_0001,warehouse_1_event_04_plasticbox_0001_kicking_000245_000295.mp4,https://1drv.ms/v/c/e14d2464c52103f1/IQB2wCPmrOsdT5H_-o6NMj7eAVZi-hfyG8jzSfna3wglkC0,"A person in a dark outfit or purple pants kicks a plastic storage box in a yellow-and-white warehouse with a forklift, blue bins, pallets, and tall metal racks.",,,,,,,,,,
P013,2,warehouse_1_event_50_smallbox_0001_kicking_002486_002598.mp4,2,42,31,Hunavsim,Warehouse,1,smallbox_0001,warehouse_1_event_50_smallbox_0001_kicking_002486_002598.mp4,https://1drv.ms/v/c/e14d2464c52103f1/IQCMh9cz-uG1RZ4wtqK2F3J5AW5_a7pZxYsb0FXq0dtCAXQ,"A person in a white or light gray outfit kicks a small box beside the white warehouse wall, yellow forklift, stacked pallets, and blue rolling bins.",,,,,,,,,,
P013,3,warehouse_3_event_28_trashcan_0001_kicking_001524_001689.mp4,1,43,76,Hunavsim,Warehouse,3,trashcan_0001,warehouse_3_event_28_trashcan_0001_kicking_001524_001689.mp4,https://1drv.ms/v/c/e14d2464c52103f1/IQAZ4KyrvTQcT733wbIxKBTuAXu5KAXny9USuwtal4AnGz4,"A worker in a yellow safety vest or a light uniform kicks a trash can beside the white warehouse wall, yellow forklift, stacked pallets, and blue rolling bins.",,,,,,,,,,
P013,4,office_1_event_16_largebox_0001_putting_down_001522_001560.mp4,5,55,149,Hunavsim,Office,1,largebox_0001,office_1_event_16_largebox_0001_putting_down_001522_001560.mp4,https://1drv.ms/v/c/e14d2464c52103f1/IQCBQxWjhTkjRpQgNiryb7srAW6ucWzQK_RF6V0no1iyW3k,"A person in dark clothing puts down a large cardboard box in a meeting-style office with rows of chairs, desks, monitors, and a dark patterned carpet.",,,,,,,,,,
P013,5,warehouse_3_event_34_tripod_0001_lifting_001781_001827.mp4,4,46,77,Hunavsim,Warehouse,3,tripod_0001,warehouse_3_event_34_tripod_0001_lifting_001781_001827.mp4,https://1drv.ms/v/c/e14d2464c52103f1/IQAVefmbIU_OTryAX1hekc4XAYrYa0qH61OhPGAIBobLUYY,"A person in a white or light gray outfit lifts a tripod beside the white warehouse wall, yellow forklift, stacked pallets, and blue rolling bins.",,,,,,,,,,
P013,6,office_1_event_06_largebox_0002_putting_down_000686_000726.mp4,4,56,138,Hunavsim,Office,1,largebox_0002,office_1_event_06_largebox_0002_putting_down_000686_000726.mp4,https://1drv.ms/v/c/e14d2464c52103f1/IQBZvACXyKWmRYpVu4odJltWARltqwt2Q7Vus1x6iHUqRUg,"A person in a light shirt and dark pants puts down a large cardboard box in an office lobby with a long table, monitors, large windows, potted plants, and patterned carpet.",,,,,,,,,,
P013,7,office_1_event_151_woodchair_0001_lifting_005819_005840.mp4,1,71,202,Hunavsim,Office,1,woodchair_0001,office_1_event_151_woodchair_0001_lifting_005819_005840.mp4,https://1drv.ms/v/c/e14d2464c52103f1/IQB3MXFCiJn2T5MMScAyQ7ixAdvHhzJtYnTJ_vMnVz8P_hY,"A person in a pink or light-colored outfit lifts a wooden chair in a bright office room with desks, black chairs, computer monitors, doorway signage, and wall decorations.",,,,,,,,,,
P013,8,tressider-2019-04-26_2_image_6_carrying_001144_001368_H35_O7.mp4,3,41,53,JRDB,tressider-2019-04-26_2,6,machines,tressider-2019-04-26_2_image_6_carrying_001144_001368_H35_O7.mp4,https://1drv.ms/v/c/e14d2464c52103f1/IQALhsYVuYiNRrswVYQzFSZtAUvBpXp05fpowxnUOGqDGMU,A man in a red shirt and black shorts carries a small white controller-like item in a crowded cafe scene.,https://1drv.ms/i/c/e14d2464c52103f1/IQD4ucRrYQz-RqR648NhydDEAZQQd0sVnbQQQuxdvr-iGUg,hold,normal,small,crowded,none,,,VLM: hold; human_state=normal; object_property=small; spatial_context=crowded; risk_factor=none; selected_frame=57; gt_activity=carrying; human_iou=0.000; object_iou=0.000,57
P013,9,hospital_1_event_34_floorlamp_0001_putting_down_003389_003443.mp4,3,53,128,Hunavsim,Hospital,1,floorlamp_0001,hospital_1_event_34_floorlamp_0001_putting_down_003389_003443.mp4,https://1drv.ms/v/c/e14d2464c52103f1/IQC7NERdqngdSrLwdh6fcBNhAZXAov8DI-e8Z4pThLAjYwk,"A person in patterned pants or dark clothing puts down a floor lamp near hospital stairs, blue storage racks, yellow bins, and a wall-mounted medical table.",,,,,,,,,,
P013,10,bytes-cafe-2019-02-07_0_image_2_carrying_000381_000414_H115_O34.mp4,4,15,18,JRDB,bytes-cafe-2019-02-07_0,2,tableware,bytes-cafe-2019-02-07_0_image_2_carrying_000381_000414_H115_O34.mp4,https://1drv.ms/v/c/e14d2464c52103f1/IQCq4wPFgzT1R7I5Cs1-vZqqAfwWFM_Bw7spiEval9QKfh8,A man in a dark jacket and light pants carries a small tableware item near a cafe counter.,https://1drv.ms/i/c/e14d2464c52103f1/IQBfrAEPygDDT7z6AN-A2afSAVCB_eunSDUHgB25xHPXcto,hold,normal,small,open_space,none,,,VLM: hold; human_state=normal; object_property=small; spatial_context=open_space; risk_factor=none; selected_frame=18; gt_activity=carrying; human_iou=0.930; object_iou=0.438,18
P014,1,warehouse_1_event_04_plasticbox_0001_kicking_000245_000295.mp4,4,44,5,Hunavsim,Warehouse,1,plasticbox_0001,warehouse_1_event_04_plasticbox_0001_kicking_000245_000295.mp4,https://1drv.ms/v/c/e14d2464c52103f1/IQB2wCPmrOsdT5H_-o6NMj7eAVZi-hfyG8jzSfna3wglkC0,"A person in a dark outfit or purple pants kicks a plastic storage box in a yellow-and-white warehouse with a forklift, blue bins, pallets, and tall metal racks.",,,,,,,,,,
P014,2,warehouse_1_event_50_smallbox_0001_kicking_002486_002598.mp4,3,42,31,Hunavsim,Warehouse,1,smallbox_0001,warehouse_1_event_50_smallbox_0001_kicking_002486_002598.mp4,https://1drv.ms/v/c/e14d2464c52103f1/IQCMh9cz-uG1RZ4wtqK2F3J5AW5_a7pZxYsb0FXq0dtCAXQ,"A person in a white or light gray outfit kicks a small box beside the white warehouse wall, yellow forklift, stacked pallets, and blue rolling bins.",,,,,,,,,,
P014,3,warehouse_3_event_28_trashcan_0001_kicking_001524_001689.mp4,2,43,76,Hunavsim,Warehouse,3,trashcan_0001,warehouse_3_event_28_trashcan_0001_kicking_001524_001689.mp4,https://1drv.ms/v/c/e14d2464c52103f1/IQAZ4KyrvTQcT733wbIxKBTuAXu5KAXny9USuwtal4AnGz4,"A worker in a yellow safety vest or a light uniform kicks a trash can beside the white warehouse wall, yellow forklift, stacked pallets, and blue rolling bins.",,,,,,,,,,
P014,4,office_1_event_16_largebox_0001_kicking_001562_001658.mp4,1,55,150,Hunavsim,Office,1,largebox_0001,office_1_event_16_largebox_0001_kicking_001562_001658.mp4,https://1drv.ms/v/c/e14d2464c52103f1/IQCHuOLoRd9BSK4ySPg-AbiJAXKJNL4Hy-T615E53RS2NcM,"A person in dark clothing kicks a large cardboard box in a meeting-style office with rows of chairs, desks, monitors, and a dark patterned carpet.",,,,,,,,,,
P014,5,warehouse_3_event_34_tripod_0001_lifting_001781_001827.mp4,5,46,77,Hunavsim,Warehouse,3,tripod_0001,warehouse_3_event_34_tripod_0001_lifting_001781_001827.mp4,https://1drv.ms/v/c/e14d2464c52103f1/IQAVefmbIU_OTryAX1hekc4XAYrYa0qH61OhPGAIBobLUYY,"A person in a white or light gray outfit lifts a tripod beside the white warehouse wall, yellow forklift, stacked pallets, and blue rolling bins.",,,,,,,,,,
P014,6,office_1_event_06_largebox_0002_putting_down_000686_000726.mp4,5,56,138,Hunavsim,Office,1,largebox_0002,office_1_event_06_largebox_0002_putting_down_000686_000726.mp4,https://1drv.ms/v/c/e14d2464c52103f1/IQBZvACXyKWmRYpVu4odJltWARltqwt2Q7Vus1x6iHUqRUg,"A person in a light shirt and dark pants puts down a large cardboard box in an office lobby with a long table, monitors, large windows, potted plants, and patterned carpet.",,,,,,,,,,
P014,7,office_1_event_151_woodchair_0001_lifting_005819_005840.mp4,2,71,202,Hunavsim,Office,1,woodchair_0001,office_1_event_151_woodchair_0001_lifting_005819_005840.mp4,https://1drv.ms/v/c/e14d2464c52103f1/IQB3MXFCiJn2T5MMScAyQ7ixAdvHhzJtYnTJ_vMnVz8P_hY,"A person in a pink or light-colored outfit lifts a wooden chair in a bright office room with desks, black chairs, computer monitors, doorway signage, and wall decorations.",,,,,,,,,,
P014,8,tressider-2019-04-26_2_image_6_carrying_001144_001368_H35_O7.mp4,4,41,53,JRDB,tressider-2019-04-26_2,6,machines,tressider-2019-04-26_2_image_6_carrying_001144_001368_H35_O7.mp4,https://1drv.ms/v/c/e14d2464c52103f1/IQALhsYVuYiNRrswVYQzFSZtAUvBpXp05fpowxnUOGqDGMU,A man in a red shirt and black shorts carries a small white controller-like item in a crowded cafe scene.,https://1drv.ms/i/c/e14d2464c52103f1/IQD4ucRrYQz-RqR648NhydDEAZQQd0sVnbQQQuxdvr-iGUg,hold,normal,small,crowded,none,,,VLM: hold; human_state=normal; object_property=small; spatial_context=crowded; risk_factor=none; selected_frame=57; gt_activity=carrying; human_iou=0.000; object_iou=0.000,57
P014,9,hospital_1_event_34_floorlamp_0001_putting_down_003389_003443.mp4,4,53,128,Hunavsim,Hospital,1,floorlamp_0001,hospital_1_event_34_floorlamp_0001_putting_down_003389_003443.mp4,https://1drv.ms/v/c/e14d2464c52103f1/IQC7NERdqngdSrLwdh6fcBNhAZXAov8DI-e8Z4pThLAjYwk,"A person in patterned pants or dark clothing puts down a floor lamp near hospital stairs, blue storage racks, yellow bins, and a wall-mounted medical table.",,,,,,,,,,
P014,10,bytes-cafe-2019-02-07_0_image_2_carrying_000381_000414_H115_O34.mp4,5,15,18,JRDB,bytes-cafe-2019-02-07_0,2,tableware,bytes-cafe-2019-02-07_0_image_2_carrying_000381_000414_H115_O34.mp4,https://1drv.ms/v/c/e14d2464c52103f1/IQCq4wPFgzT1R7I5Cs1-vZqqAfwWFM_Bw7spiEval9QKfh8,A man in a dark jacket and light pants carries a small tableware item near a cafe counter.,https://1drv.ms/i/c/e14d2464c52103f1/IQBfrAEPygDDT7z6AN-A2afSAVCB_eunSDUHgB25xHPXcto,hold,normal,small,open_space,none,,,VLM: hold; human_state=normal; object_property=small; spatial_context=open_space; risk_factor=none; selected_frame=18; gt_activity=carrying; human_iou=0.930; object_iou=0.438,18
P015,1,warehouse_1_event_04_plasticbox_0001_kicking_000245_000295.mp4,5,44,5,Hunavsim,Warehouse,1,plasticbox_0001,warehouse_1_event_04_plasticbox_0001_kicking_000245_000295.mp4,https://1drv.ms/v/c/e14d2464c52103f1/IQB2wCPmrOsdT5H_-o6NMj7eAVZi-hfyG8jzSfna3wglkC0,"A person in a dark outfit or purple pants kicks a plastic storage box in a yellow-and-white warehouse with a forklift, blue bins, pallets, and tall metal racks.",,,,,,,,,,
P015,2,warehouse_1_event_50_smallbox_0001_kicking_002486_002598.mp4,4,42,31,Hunavsim,Warehouse,1,smallbox_0001,warehouse_1_event_50_smallbox_0001_kicking_002486_002598.mp4,https://1drv.ms/v/c/e14d2464c52103f1/IQCMh9cz-uG1RZ4wtqK2F3J5AW5_a7pZxYsb0FXq0dtCAXQ,"A person in a white or light gray outfit kicks a small box beside the white warehouse wall, yellow forklift, stacked pallets, and blue rolling bins.",,,,,,,,,,
P015,3,warehouse_3_event_28_trashcan_0001_kicking_001524_001689.mp4,3,43,76,Hunavsim,Warehouse,3,trashcan_0001,warehouse_3_event_28_trashcan_0001_kicking_001524_001689.mp4,https://1drv.ms/v/c/e14d2464c52103f1/IQAZ4KyrvTQcT733wbIxKBTuAXu5KAXny9USuwtal4AnGz4,"A worker in a yellow safety vest or a light uniform kicks a trash can beside the white warehouse wall, yellow forklift, stacked pallets, and blue rolling bins.",,,,,,,,,,
P015,4,office_1_event_16_largebox_0001_kicking_001562_001658.mp4,2,55,150,Hunavsim,Office,1,largebox_0001,office_1_event_16_largebox_0001_kicking_001562_001658.mp4,https://1drv.ms/v/c/e14d2464c52103f1/IQCHuOLoRd9BSK4ySPg-AbiJAXKJNL4Hy-T615E53RS2NcM,"A person in dark clothing kicks a large cardboard box in a meeting-style office with rows of chairs, desks, monitors, and a dark patterned carpet.",,,,,,,,,,
P015,5,warehouse_3_event_41_tripod_0001_lift_002073_002164.mp4,1,46,83,Hunavsim,Warehouse,3,tripod_0001,warehouse_3_event_41_tripod_0001_lift_002073_002164.mp4,https://1drv.ms/v/c/e14d2464c52103f1/IQBTfirMtsZ8TY3b_xqrr4CRAWAqcUSARIBN3x7kspewT98,"A person in a white or light gray outfit lifts a tripod beside the white warehouse wall, yellow forklift, stacked pallets, and blue rolling bins.",,,,,,,,,,
P015,6,office_1_event_06_largebox_0002_lifting_000727_000760.mp4,1,56,139,Hunavsim,Office,1,largebox_0002,office_1_event_06_largebox_0002_lifting_000727_000760.mp4,https://1drv.ms/v/c/e14d2464c52103f1/IQAWTEMeE0_uT7YzfxNadFsoAaDyN-PZDFnn2SpaKvD73gY,"A person in a light shirt and dark pants lifts a large cardboard box in an office lobby with a long table, monitors, large windows, potted plants, and patterned carpet.",,,,,,,,,,
P015,7,office_1_event_151_woodchair_0001_lifting_005819_005840.mp4,3,71,202,Hunavsim,Office,1,woodchair_0001,office_1_event_151_woodchair_0001_lifting_005819_005840.mp4,https://1drv.ms/v/c/e14d2464c52103f1/IQB3MXFCiJn2T5MMScAyQ7ixAdvHhzJtYnTJ_vMnVz8P_hY,"A person in a pink or light-colored outfit lifts a wooden chair in a bright office room with desks, black chairs, computer monitors, doorway signage, and wall decorations.",,,,,,,,,,
P015,8,tressider-2019-04-26_2_image_6_carrying_001144_001368_H35_O7.mp4,5,41,53,JRDB,tressider-2019-04-26_2,6,machines,tressider-2019-04-26_2_image_6_carrying_001144_001368_H35_O7.mp4,https://1drv.ms/v/c/e14d2464c52103f1/IQALhsYVuYiNRrswVYQzFSZtAUvBpXp05fpowxnUOGqDGMU,A man in a red shirt and black shorts carries a small white controller-like item in a crowded cafe scene.,https://1drv.ms/i/c/e14d2464c52103f1/IQD4ucRrYQz-RqR648NhydDEAZQQd0sVnbQQQuxdvr-iGUg,hold,normal,small,crowded,none,,,VLM: hold; human_state=normal; object_property=small; spatial_context=crowded; risk_factor=none; selected_frame=57; gt_activity=carrying; human_iou=0.000; object_iou=0.000,57
P015,9,hospital_1_event_34_floorlamp_0001_putting_down_003389_003443.mp4,5,53,128,Hunavsim,Hospital,1,floorlamp_0001,hospital_1_event_34_floorlamp_0001_putting_down_003389_003443.mp4,https://1drv.ms/v/c/e14d2464c52103f1/IQC7NERdqngdSrLwdh6fcBNhAZXAov8DI-e8Z4pThLAjYwk,"A person in patterned pants or dark clothing puts down a floor lamp near hospital stairs, blue storage racks, yellow bins, and a wall-mounted medical table.",,,,,,,,,,
P015,10,bytes-cafe-2019-02-07_0_image_2_packing_000800_000876_H106_O38.mp4,1,16,19,JRDB,bytes-cafe-2019-02-07_0,2,cabinet,bytes-cafe-2019-02-07_0_image_2_packing_000800_000876_H106_O38.mp4,https://1drv.ms/v/c/e14d2464c52103f1/IQCKma6p_KM5RJew6nAITJnoAVUFQ7JzamXqKLBX1oybP3k,A black-jacketed person with a backpack handles a low cabinet or bag near a cafe counter.,https://1drv.ms/i/c/e14d2464c52103f1/IQD_xVdgKadDQKQrLDoo1mZBAW95GE4mgwWdOQGbd-KOmsg,hold,normal,large,open_space,none,,,VLM: hold; human_state=normal; object_property=large; spatial_context=open_space; risk_factor=none; selected_frame=59; gt_activity=packing; human_iou=0.027; object_iou=1.000,59
P016,1,warehouse_1_event_21_plasticbox_0001_kicking_000971_001045.mp4,1,44,14,Hunavsim,Warehouse,1,plasticbox_0001,warehouse_1_event_21_plasticbox_0001_kicking_000971_001045.mp4,https://1drv.ms/v/c/e14d2464c52103f1/IQB5NmgBRT-VRLBIC9UbOEANAbgaKDMbq-Zi9FrZOoufhp4,"A worker in a yellow safety vest or a light uniform kicks a plastic storage box beside the white warehouse wall, yellow forklift, stacked pallets, and blue rolling bins.",,,,,,,,,,
P016,2,warehouse_1_event_50_smallbox_0001_kicking_002486_002598.mp4,5,42,31,Hunavsim,Warehouse,1,smallbox_0001,warehouse_1_event_50_smallbox_0001_kicking_002486_002598.mp4,https://1drv.ms/v/c/e14d2464c52103f1/IQCMh9cz-uG1RZ4wtqK2F3J5AW5_a7pZxYsb0FXq0dtCAXQ,"A person in a white or light gray outfit kicks a small box beside the white warehouse wall, yellow forklift, stacked pallets, and blue rolling bins.",,,,,,,,,,
P016,3,warehouse_3_event_28_trashcan_0001_kicking_001524_001689.mp4,4,43,76,Hunavsim,Warehouse,3,trashcan_0001,warehouse_3_event_28_trashcan_0001_kicking_001524_001689.mp4,https://1drv.ms/v/c/e14d2464c52103f1/IQAZ4KyrvTQcT733wbIxKBTuAXu5KAXny9USuwtal4AnGz4,"A worker in a yellow safety vest or a light uniform kicks a trash can beside the white warehouse wall, yellow forklift, stacked pallets, and blue rolling bins.",,,,,,,,,,
P016,4,office_1_event_16_largebox_0001_kicking_001562_001658.mp4,3,55,150,Hunavsim,Office,1,largebox_0001,office_1_event_16_largebox_0001_kicking_001562_001658.mp4,https://1drv.ms/v/c/e14d2464c52103f1/IQCHuOLoRd9BSK4ySPg-AbiJAXKJNL4Hy-T615E53RS2NcM,"A person in dark clothing kicks a large cardboard box in a meeting-style office with rows of chairs, desks, monitors, and a dark patterned carpet.",,,,,,,,,,
P016,5,warehouse_3_event_41_tripod_0001_lift_002073_002164.mp4,2,46,83,Hunavsim,Warehouse,3,tripod_0001,warehouse_3_event_41_tripod_0001_lift_002073_002164.mp4,https://1drv.ms/v/c/e14d2464c52103f1/IQBTfirMtsZ8TY3b_xqrr4CRAWAqcUSARIBN3x7kspewT98,"A person in a white or light gray outfit lifts a tripod beside the white warehouse wall, yellow forklift, stacked pallets, and blue rolling bins.",,,,,,,,,,
P016,6,office_1_event_06_largebox_0002_lifting_000727_000760.mp4,2,56,139,Hunavsim,Office,1,largebox_0002,office_1_event_06_largebox_0002_lifting_000727_000760.mp4,https://1drv.ms/v/c/e14d2464c52103f1/IQAWTEMeE0_uT7YzfxNadFsoAaDyN-PZDFnn2SpaKvD73gY,"A person in a light shirt and dark pants lifts a large cardboard box in an office lobby with a long table, monitors, large windows, potted plants, and patterned carpet.",,,,,,,,,,
P016,7,office_1_event_151_woodchair_0001_lifting_005819_005840.mp4,4,71,202,Hunavsim,Office,1,woodchair_0001,office_1_event_151_woodchair_0001_lifting_005819_005840.mp4,https://1drv.ms/v/c/e14d2464c52103f1/IQB3MXFCiJn2T5MMScAyQ7ixAdvHhzJtYnTJ_vMnVz8P_hY,"A person in a pink or light-colored outfit lifts a wooden chair in a bright office room with desks, black chairs, computer monitors, doorway signage, and wall decorations.",,,,,,,,,,
P016,8,hospital_1_event_09_suitcase_0001_kicking_000844_000936.mp4,1,50,106,Hunavsim,Hospital,1,suitcase_0001,hospital_1_event_09_suitcase_0001_kicking_000844_000936.mp4,https://1drv.ms/v/c/e14d2464c52103f1/IQA_IRlkfkeZSKjpsVRmYT8HAWDsWjvrv8PUU-SQPZRWq20,"A person in a dark top and shorts or gray pants kicks a suitcase in a bright hospital corridor with white walls, blue doors, yellow caution signs, and medical equipment along the wall.",,,,,,,,,,
P016,9,svl-meeting-gates-2-2019-04-08_0_image_8_pushing_merged_000684_000798_H3_O4.mp4,3,32,41,JRDB,svl-meeting-gates-2-2019-04-08_0,8,chair,svl-meeting-gates-2-2019-04-08_0_image_8_pushing_merged_000684_000798_H3_O4.mp4,https://1drv.ms/v/c/e14d2464c52103f1/IQDEimhZ6Is0Qr21JFDnwcfQAegS3FI3hNMsgmhnM1X1x8U,A man in a black polo repeatedly pushes and adjusts a chair near the right-side table.,https://1drv.ms/i/c/e14d2464c52103f1/IQAp_ZjgyPB-R7cjIw04yTUjAZsAmmwZIDo45pg6okGJZXM,pushing,strained,large,crowded,collision_risk,,,VLM: pushing; human_state=strained; object_property=large; spatial_context=crowded; risk_factor=collision_risk; selected_frame=86; gt_activity=pushing; human_iou=1.000; object_iou=0.230,86
P016,10,bytes-cafe-2019-02-07_0_image_2_packing_000800_000876_H106_O38.mp4,2,16,19,JRDB,bytes-cafe-2019-02-07_0,2,cabinet,bytes-cafe-2019-02-07_0_image_2_packing_000800_000876_H106_O38.mp4,https://1drv.ms/v/c/e14d2464c52103f1/IQCKma6p_KM5RJew6nAITJnoAVUFQ7JzamXqKLBX1oybP3k,A black-jacketed person with a backpack handles a low cabinet or bag near a cafe counter.,https://1drv.ms/i/c/e14d2464c52103f1/IQD_xVdgKadDQKQrLDoo1mZBAW95GE4mgwWdOQGbd-KOmsg,hold,normal,large,open_space,none,,,VLM: hold; human_state=normal; object_property=large; spatial_context=open_space; risk_factor=none; selected_frame=59; gt_activity=packing; human_iou=0.027; object_iou=1.000,59
P017,1,warehouse_1_event_21_plasticbox_0001_kicking_000971_001045.mp4,2,44,14,Hunavsim,Warehouse,1,plasticbox_0001,warehouse_1_event_21_plasticbox_0001_kicking_000971_001045.mp4,https://1drv.ms/v/c/e14d2464c52103f1/IQB5NmgBRT-VRLBIC9UbOEANAbgaKDMbq-Zi9FrZOoufhp4,"A worker in a yellow safety vest or a light uniform kicks a plastic storage box beside the white warehouse wall, yellow forklift, stacked pallets, and blue rolling bins.",,,,,,,,,,
P017,2,warehouse_2_event_12_smallbox_0001_kick_000507_000566.mp4,1,42,43,Hunavsim,Warehouse,2,smallbox_0001,warehouse_2_event_12_smallbox_0001_kick_000507_000566.mp4,https://1drv.ms/v/c/e14d2464c52103f1/IQBReryOvrfySaaS8BFZdxMWAbq_Iu7q70GHuNgUoT8OkiA,"A person in a dark outfit or purple pants kicks a small box in a yellow-and-white warehouse with a forklift, blue bins, pallets, and tall metal racks.",,,,,,,,,,
P017,3,warehouse_3_event_28_trashcan_0001_kicking_001524_001689.mp4,5,43,76,Hunavsim,Warehouse,3,trashcan_0001,warehouse_3_event_28_trashcan_0001_kicking_001524_001689.mp4,https://1drv.ms/v/c/e14d2464c52103f1/IQAZ4KyrvTQcT733wbIxKBTuAXu5KAXny9USuwtal4AnGz4,"A worker in a yellow safety vest or a light uniform kicks a trash can beside the white warehouse wall, yellow forklift, stacked pallets, and blue rolling bins.",,,,,,,,,,
P017,4,office_1_event_16_largebox_0001_kicking_001562_001658.mp4,4,55,150,Hunavsim,Office,1,largebox_0001,office_1_event_16_largebox_0001_kicking_001562_001658.mp4,https://1drv.ms/v/c/e14d2464c52103f1/IQCHuOLoRd9BSK4ySPg-AbiJAXKJNL4Hy-T615E53RS2NcM,"A person in dark clothing kicks a large cardboard box in a meeting-style office with rows of chairs, desks, monitors, and a dark patterned carpet.",,,,,,,,,,
P017,5,warehouse_3_event_41_tripod_0001_lift_002073_002164.mp4,3,46,83,Hunavsim,Warehouse,3,tripod_0001,warehouse_3_event_41_tripod_0001_lift_002073_002164.mp4,https://1drv.ms/v/c/e14d2464c52103f1/IQBTfirMtsZ8TY3b_xqrr4CRAWAqcUSARIBN3x7kspewT98,"A person in a white or light gray outfit lifts a tripod beside the white warehouse wall, yellow forklift, stacked pallets, and blue rolling bins.",,,,,,,,,,
P017,6,office_1_event_06_largebox_0002_lifting_000727_000760.mp4,3,56,139,Hunavsim,Office,1,largebox_0002,office_1_event_06_largebox_0002_lifting_000727_000760.mp4,https://1drv.ms/v/c/e14d2464c52103f1/IQAWTEMeE0_uT7YzfxNadFsoAaDyN-PZDFnn2SpaKvD73gY,"A person in a light shirt and dark pants lifts a large cardboard box in an office lobby with a long table, monitors, large windows, potted plants, and patterned carpet.",,,,,,,,,,
P017,7,office_1_event_151_woodchair_0001_lifting_005819_005840.mp4,5,71,202,Hunavsim,Office,1,woodchair_0001,office_1_event_151_woodchair_0001_lifting_005819_005840.mp4,https://1drv.ms/v/c/e14d2464c52103f1/IQB3MXFCiJn2T5MMScAyQ7ixAdvHhzJtYnTJ_vMnVz8P_hY,"A person in a pink or light-colored outfit lifts a wooden chair in a bright office room with desks, black chairs, computer monitors, doorway signage, and wall decorations.",,,,,,,,,,
P017,8,hospital_1_event_09_suitcase_0001_kicking_000844_000936.mp4,2,50,106,Hunavsim,Hospital,1,suitcase_0001,hospital_1_event_09_suitcase_0001_kicking_000844_000936.mp4,https://1drv.ms/v/c/e14d2464c52103f1/IQA_IRlkfkeZSKjpsVRmYT8HAWDsWjvrv8PUU-SQPZRWq20,"A person in a dark top and shorts or gray pants kicks a suitcase in a bright hospital corridor with white walls, blue doors, yellow caution signs, and medical equipment along the wall.",,,,,,,,,,
P017,9,svl-meeting-gates-2-2019-04-08_0_image_8_pushing_merged_000684_000798_H3_O4.mp4,4,32,41,JRDB,svl-meeting-gates-2-2019-04-08_0,8,chair,svl-meeting-gates-2-2019-04-08_0_image_8_pushing_merged_000684_000798_H3_O4.mp4,https://1drv.ms/v/c/e14d2464c52103f1/IQDEimhZ6Is0Qr21JFDnwcfQAegS3FI3hNMsgmhnM1X1x8U,A man in a black polo repeatedly pushes and adjusts a chair near the right-side table.,https://1drv.ms/i/c/e14d2464c52103f1/IQAp_ZjgyPB-R7cjIw04yTUjAZsAmmwZIDo45pg6okGJZXM,pushing,strained,large,crowded,collision_risk,,,VLM: pushing; human_state=strained; object_property=large; spatial_context=crowded; risk_factor=collision_risk; selected_frame=86; gt_activity=pushing; human_iou=1.000; object_iou=0.230,86
P017,10,bytes-cafe-2019-02-07_0_image_2_packing_000800_000876_H106_O38.mp4,3,16,19,JRDB,bytes-cafe-2019-02-07_0,2,cabinet,bytes-cafe-2019-02-07_0_image_2_packing_000800_000876_H106_O38.mp4,https://1drv.ms/v/c/e14d2464c52103f1/IQCKma6p_KM5RJew6nAITJnoAVUFQ7JzamXqKLBX1oybP3k,A black-jacketed person with a backpack handles a low cabinet or bag near a cafe counter.,https://1drv.ms/i/c/e14d2464c52103f1/IQD_xVdgKadDQKQrLDoo1mZBAW95GE4mgwWdOQGbd-KOmsg,hold,normal,large,open_space,none,,,VLM: hold; human_state=normal; object_property=large; spatial_context=open_space; risk_factor=none; selected_frame=59; gt_activity=packing; human_iou=0.027; object_iou=1.000,59
P018,1,warehouse_1_event_21_plasticbox_0001_kicking_000971_001045.mp4,3,44,14,Hunavsim,Warehouse,1,plasticbox_0001,warehouse_1_event_21_plasticbox_0001_kicking_000971_001045.mp4,https://1drv.ms/v/c/e14d2464c52103f1/IQB5NmgBRT-VRLBIC9UbOEANAbgaKDMbq-Zi9FrZOoufhp4,"A worker in a yellow safety vest or a light uniform kicks a plastic storage box beside the white warehouse wall, yellow forklift, stacked pallets, and blue rolling bins.",,,,,,,,,,
P018,2,warehouse_2_event_12_smallbox_0001_kick_000507_000566.mp4,2,42,43,Hunavsim,Warehouse,2,smallbox_0001,warehouse_2_event_12_smallbox_0001_kick_000507_000566.mp4,https://1drv.ms/v/c/e14d2464c52103f1/IQBReryOvrfySaaS8BFZdxMWAbq_Iu7q70GHuNgUoT8OkiA,"A person in a dark outfit or purple pants kicks a small box in a yellow-and-white warehouse with a forklift, blue bins, pallets, and tall metal racks.",,,,,,,,,,
P018,3,warehouse_3_event_35_trashcan_0001_kick_001790_001827.mp4,1,43,78,Hunavsim,Warehouse,3,trashcan_0001,warehouse_3_event_35_trashcan_0001_kick_001790_001827.mp4,https://1drv.ms/v/c/e14d2464c52103f1/IQAMOGPAr_UzSKonEzzUQH1tAS14xWc1XUblL_-bVXyygwA,"A person in a white or light gray outfit kicks a trash can beside the white warehouse wall, yellow forklift, stacked pallets, and blue rolling bins.",,,,,,,,,,
P018,4,office_1_event_16_largebox_0001_kicking_001562_001658.mp4,5,55,150,Hunavsim,Office,1,largebox_0001,office_1_event_16_largebox_0001_kicking_001562_001658.mp4,https://1drv.ms/v/c/e14d2464c52103f1/IQCHuOLoRd9BSK4ySPg-AbiJAXKJNL4Hy-T615E53RS2NcM,"A person in dark clothing kicks a large cardboard box in a meeting-style office with rows of chairs, desks, monitors, and a dark patterned carpet.",,,,,,,,,,
P018,5,warehouse_3_event_41_tripod_0001_lift_002073_002164.mp4,4,46,83,Hunavsim,Warehouse,3,tripod_0001,warehouse_3_event_41_tripod_0001_lift_002073_002164.mp4,https://1drv.ms/v/c/e14d2464c52103f1/IQBTfirMtsZ8TY3b_xqrr4CRAWAqcUSARIBN3x7kspewT98,"A person in a white or light gray outfit lifts a tripod beside the white warehouse wall, yellow forklift, stacked pallets, and blue rolling bins.",,,,,,,,,,
P018,6,office_1_event_06_largebox_0002_lifting_000727_000760.mp4,4,56,139,Hunavsim,Office,1,largebox_0002,office_1_event_06_largebox_0002_lifting_000727_000760.mp4,https://1drv.ms/v/c/e14d2464c52103f1/IQAWTEMeE0_uT7YzfxNadFsoAaDyN-PZDFnn2SpaKvD73gY,"A person in a light shirt and dark pants lifts a large cardboard box in an office lobby with a long table, monitors, large windows, potted plants, and patterned carpet.",,,,,,,,,,
P018,7,office_1_event_158_woodchair_0001_placing_005875_005944.mp4,1,71,203,Hunavsim,Office,1,woodchair_0001,office_1_event_158_woodchair_0001_placing_005875_005944.mp4,https://1drv.ms/v/c/e14d2464c52103f1/IQDBGH11xrqJRK0rk3-3HX3uAdPw_iKMi4nsu9hQmjXAwu0,"A person in a pink or light-colored outfit places a wooden chair in a bright office room with desks, black chairs, computer monitors, doorway signage, and wall decorations.",,,,,,,,,,
P018,8,hospital_1_event_09_suitcase_0001_kicking_000844_000936.mp4,3,50,106,Hunavsim,Hospital,1,suitcase_0001,hospital_1_event_09_suitcase_0001_kicking_000844_000936.mp4,https://1drv.ms/v/c/e14d2464c52103f1/IQA_IRlkfkeZSKjpsVRmYT8HAWDsWjvrv8PUU-SQPZRWq20,"A person in a dark top and shorts or gray pants kicks a suitcase in a bright hospital corridor with white walls, blue doors, yellow caution signs, and medical equipment along the wall.",,,,,,,,,,
P018,9,svl-meeting-gates-2-2019-04-08_0_image_8_pushing_merged_000684_000798_H3_O4.mp4,5,32,41,JRDB,svl-meeting-gates-2-2019-04-08_0,8,chair,svl-meeting-gates-2-2019-04-08_0_image_8_pushing_merged_000684_000798_H3_O4.mp4,https://1drv.ms/v/c/e14d2464c52103f1/IQDEimhZ6Is0Qr21JFDnwcfQAegS3FI3hNMsgmhnM1X1x8U,A man in a black polo repeatedly pushes and adjusts a chair near the right-side table.,https://1drv.ms/i/c/e14d2464c52103f1/IQAp_ZjgyPB-R7cjIw04yTUjAZsAmmwZIDo45pg6okGJZXM,pushing,strained,large,crowded,collision_risk,,,VLM: pushing; human_state=strained; object_property=large; spatial_context=crowded; risk_factor=collision_risk; selected_frame=86; gt_activity=pushing; human_iou=1.000; object_iou=0.230,86
P018,10,bytes-cafe-2019-02-07_0_image_2_packing_000800_000876_H106_O38.mp4,4,16,19,JRDB,bytes-cafe-2019-02-07_0,2,cabinet,bytes-cafe-2019-02-07_0_image_2_packing_000800_000876_H106_O38.mp4,https://1drv.ms/v/c/e14d2464c52103f1/IQCKma6p_KM5RJew6nAITJnoAVUFQ7JzamXqKLBX1oybP3k,A black-jacketed person with a backpack handles a low cabinet or bag near a cafe counter.,https://1drv.ms/i/c/e14d2464c52103f1/IQD_xVdgKadDQKQrLDoo1mZBAW95GE4mgwWdOQGbd-KOmsg,hold,normal,large,open_space,none,,,VLM: hold; human_state=normal; object_property=large; spatial_context=open_space; risk_factor=none; selected_frame=59; gt_activity=packing; human_iou=0.027; object_iou=1.000,59
P019,1,warehouse_1_event_21_plasticbox_0001_kicking_000971_001045.mp4,4,44,14,Hunavsim,Warehouse,1,plasticbox_0001,warehouse_1_event_21_plasticbox_0001_kicking_000971_001045.mp4,https://1drv.ms/v/c/e14d2464c52103f1/IQB5NmgBRT-VRLBIC9UbOEANAbgaKDMbq-Zi9FrZOoufhp4,"A worker in a yellow safety vest or a light uniform kicks a plastic storage box beside the white warehouse wall, yellow forklift, stacked pallets, and blue rolling bins.",,,,,,,,,,
P019,2,warehouse_2_event_12_smallbox_0001_kick_000507_000566.mp4,3,42,43,Hunavsim,Warehouse,2,smallbox_0001,warehouse_2_event_12_smallbox_0001_kick_000507_000566.mp4,https://1drv.ms/v/c/e14d2464c52103f1/IQBReryOvrfySaaS8BFZdxMWAbq_Iu7q70GHuNgUoT8OkiA,"A person in a dark outfit or purple pants kicks a small box in a yellow-and-white warehouse with a forklift, blue bins, pallets, and tall metal racks.",,,,,,,,,,
P019,3,warehouse_3_event_35_trashcan_0001_kick_001790_001827.mp4,2,43,78,Hunavsim,Warehouse,3,trashcan_0001,warehouse_3_event_35_trashcan_0001_kick_001790_001827.mp4,https://1drv.ms/v/c/e14d2464c52103f1/IQAMOGPAr_UzSKonEzzUQH1tAS14xWc1XUblL_-bVXyygwA,"A person in a white or light gray outfit kicks a trash can beside the white warehouse wall, yellow forklift, stacked pallets, and blue rolling bins.",,,,,,,,,,
P019,4,office_1_event_16_largebox_0001_carrying_001659_001697.mp4,1,55,151,Hunavsim,Office,1,largebox_0001,office_1_event_16_largebox_0001_carrying_001659_001697.mp4,https://1drv.ms/v/c/e14d2464c52103f1/IQDUY_D9LjOxSLYt3UFRc2SeAUc1r9qZjC6Hhdc_nXZrw8E,"A person in dark clothing carries a large cardboard box in a meeting-style office with rows of chairs, desks, monitors, and a dark patterned carpet.",,,,,,,,,,
P019,5,warehouse_3_event_41_tripod_0001_lift_002073_002164.mp4,5,46,83,Hunavsim,Warehouse,3,tripod_0001,warehouse_3_event_41_tripod_0001_lift_002073_002164.mp4,https://1drv.ms/v/c/e14d2464c52103f1/IQBTfirMtsZ8TY3b_xqrr4CRAWAqcUSARIBN3x7kspewT98,"A person in a white or light gray outfit lifts a tripod beside the white warehouse wall, yellow forklift, stacked pallets, and blue rolling bins.",,,,,,,,,,
P019,6,office_1_event_06_largebox_0002_lifting_000727_000760.mp4,5,56,139,Hunavsim,Office,1,largebox_0002,office_1_event_06_largebox_0002_lifting_000727_000760.mp4,https://1drv.ms/v/c/e14d2464c52103f1/IQAWTEMeE0_uT7YzfxNadFsoAaDyN-PZDFnn2SpaKvD73gY,"A person in a light shirt and dark pants lifts a large cardboard box in an office lobby with a long table, monitors, large windows, potted plants, and patterned carpet.",,,,,,,,,,
P019,7,office_1_event_158_woodchair_0001_placing_005875_005944.mp4,2,71,203,Hunavsim,Office,1,woodchair_0001,office_1_event_158_woodchair_0001_placing_005875_005944.mp4,https://1drv.ms/v/c/e14d2464c52103f1/IQDBGH11xrqJRK0rk3-3HX3uAdPw_iKMi4nsu9hQmjXAwu0,"A person in a pink or light-colored outfit places a wooden chair in a bright office room with desks, black chairs, computer monitors, doorway signage, and wall decorations.",,,,,,,,,,
P019,8,hospital_1_event_09_suitcase_0001_kicking_000844_000936.mp4,4,50,106,Hunavsim,Hospital,1,suitcase_0001,hospital_1_event_09_suitcase_0001_kicking_000844_000936.mp4,https://1drv.ms/v/c/e14d2464c52103f1/IQA_IRlkfkeZSKjpsVRmYT8HAWDsWjvrv8PUU-SQPZRWq20,"A person in a dark top and shorts or gray pants kicks a suitcase in a bright hospital corridor with white walls, blue doors, yellow caution signs, and medical equipment along the wall.",,,,,,,,,,
P019,9,svl-meeting-gates-2-2019-04-08_0_image_8_pushing_000216_000321_H3_O3.mp4,1,33,39,JRDB,svl-meeting-gates-2-2019-04-08_0,8,chair,svl-meeting-gates-2-2019-04-08_0_image_8_pushing_000216_000321_H3_O3.mp4,https://1drv.ms/v/c/e14d2464c52103f1/IQDQlbSawt52SK0chHXWIkJ1AUv51I_ZKU2ErEo8vjf79RI,A close man in a black polo pushes a chair at the edge of a meeting table.,https://1drv.ms/i/c/e14d2464c52103f1/IQDl0FoqrEMpQ5bAzW2yFw1QAT5ds0j-TUyDIPEgT88g0mI,hold,strained,large,crowded,object_motion_risk,,,VLM: hold; human_state=strained; object_property=large; spatial_context=crowded; risk_factor=object_motion_risk; selected_frame=54; gt_activity=pushing; human_iou=0.712; object_iou=0.838,54
P019,10,bytes-cafe-2019-02-07_0_image_2_packing_000800_000876_H106_O38.mp4,5,16,19,JRDB,bytes-cafe-2019-02-07_0,2,cabinet,bytes-cafe-2019-02-07_0_image_2_packing_000800_000876_H106_O38.mp4,https://1drv.ms/v/c/e14d2464c52103f1/IQCKma6p_KM5RJew6nAITJnoAVUFQ7JzamXqKLBX1oybP3k,A black-jacketed person with a backpack handles a low cabinet or bag near a cafe counter.,https://1drv.ms/i/c/e14d2464c52103f1/IQD_xVdgKadDQKQrLDoo1mZBAW95GE4mgwWdOQGbd-KOmsg,hold,normal,large,open_space,none,,,VLM: hold; human_state=normal; object_property=large; spatial_context=open_space; risk_factor=none; selected_frame=59; gt_activity=packing; human_iou=0.027; object_iou=1.000,59
P020,1,warehouse_1_event_21_plasticbox_0001_kicking_000971_001045.mp4,5,44,14,Hunavsim,Warehouse,1,plasticbox_0001,warehouse_1_event_21_plasticbox_0001_kicking_000971_001045.mp4,https://1drv.ms/v/c/e14d2464c52103f1/IQB5NmgBRT-VRLBIC9UbOEANAbgaKDMbq-Zi9FrZOoufhp4,"A worker in a yellow safety vest or a light uniform kicks a plastic storage box beside the white warehouse wall, yellow forklift, stacked pallets, and blue rolling bins.",,,,,,,,,,
P020,2,warehouse_2_event_12_smallbox_0001_kick_000507_000566.mp4,4,42,43,Hunavsim,Warehouse,2,smallbox_0001,warehouse_2_event_12_smallbox_0001_kick_000507_000566.mp4,https://1drv.ms/v/c/e14d2464c52103f1/IQBReryOvrfySaaS8BFZdxMWAbq_Iu7q70GHuNgUoT8OkiA,"A person in a dark outfit or purple pants kicks a small box in a yellow-and-white warehouse with a forklift, blue bins, pallets, and tall metal racks.",,,,,,,,,,
P020,3,warehouse_3_event_35_trashcan_0001_kick_001790_001827.mp4,3,43,78,Hunavsim,Warehouse,3,trashcan_0001,warehouse_3_event_35_trashcan_0001_kick_001790_001827.mp4,https://1drv.ms/v/c/e14d2464c52103f1/IQAMOGPAr_UzSKonEzzUQH1tAS14xWc1XUblL_-bVXyygwA,"A person in a white or light gray outfit kicks a trash can beside the white warehouse wall, yellow forklift, stacked pallets, and blue rolling bins.",,,,,,,,,,
P020,4,office_1_event_16_largebox_0001_carrying_001659_001697.mp4,2,55,151,Hunavsim,Office,1,largebox_0001,office_1_event_16_largebox_0001_carrying_001659_001697.mp4,https://1drv.ms/v/c/e14d2464c52103f1/IQDUY_D9LjOxSLYt3UFRc2SeAUc1r9qZjC6Hhdc_nXZrw8E,"A person in dark clothing carries a large cardboard box in a meeting-style office with rows of chairs, desks, monitors, and a dark patterned carpet.",,,,,,,,,,
P020,5,warehouse_3_event_57_tripod_0001_putting_down_002779_002855.mp4,1,46,90,Hunavsim,Warehouse,3,tripod_0001,warehouse_3_event_57_tripod_0001_putting_down_002779_002855.mp4,https://1drv.ms/v/c/e14d2464c52103f1/IQBJSWWbT0I_Q708yZI0mi4rAZExMqD4figw8tgqLl9CyGs,"A worker in a purple shirt and jeans puts down a tripod in the open warehouse aisle near pallet stacks, a yellow forklift, and industrial shelving.",,,,,,,,,,
P020,6,office_1_event_99_largebox_0002_lifting_004059_004089.mp4,1,56,184,Hunavsim,Office,1,largebox_0002,office_1_event_99_largebox_0002_lifting_004059_004089.mp4,https://1drv.ms/v/c/e14d2464c52103f1/IQDL1wu1TR8qRJjlRb-ttKy1AUJ9KUG5sIURe8-Drl8xfIc,"A person in a white or gray outfit lifts a large cardboard box in a meeting-style office with rows of chairs, desks, monitors, and a dark patterned carpet.",,,,,,,,,,
P020,7,office_1_event_158_woodchair_0001_placing_005875_005944.mp4,3,71,203,Hunavsim,Office,1,woodchair_0001,office_1_event_158_woodchair_0001_placing_005875_005944.mp4,https://1drv.ms/v/c/e14d2464c52103f1/IQDBGH11xrqJRK0rk3-3HX3uAdPw_iKMi4nsu9hQmjXAwu0,"A person in a pink or light-colored outfit places a wooden chair in a bright office room with desks, black chairs, computer monitors, doorway signage, and wall decorations.",,,,,,,,,,
P020,8,hospital_1_event_09_suitcase_0001_kicking_000844_000936.mp4,5,50,106,Hunavsim,Hospital,1,suitcase_0001,hospital_1_event_09_suitcase_0001_kicking_000844_000936.mp4,https://1drv.ms/v/c/e14d2464c52103f1/IQA_IRlkfkeZSKjpsVRmYT8HAWDsWjvrv8PUU-SQPZRWq20,"A person in a dark top and shorts or gray pants kicks a suitcase in a bright hospital corridor with white walls, blue doors, yellow caution signs, and medical equipment along the wall.",,,,,,,,,,
P020,9,svl-meeting-gates-2-2019-04-08_0_image_8_pushing_000216_000321_H3_O3.mp4,2,33,39,JRDB,svl-meeting-gates-2-2019-04-08_0,8,chair,svl-meeting-gates-2-2019-04-08_0_image_8_pushing_000216_000321_H3_O3.mp4,https://1drv.ms/v/c/e14d2464c52103f1/IQDQlbSawt52SK0chHXWIkJ1AUv51I_ZKU2ErEo8vjf79RI,A close man in a black polo pushes a chair at the edge of a meeting table.,https://1drv.ms/i/c/e14d2464c52103f1/IQDl0FoqrEMpQ5bAzW2yFw1QAT5ds0j-TUyDIPEgT88g0mI,hold,strained,large,crowded,object_motion_risk,,,VLM: hold; human_state=strained; object_property=large; spatial_context=crowded; risk_factor=object_motion_risk; selected_frame=54; gt_activity=pushing; human_iou=0.712; object_iou=0.838,54
P020,10,forbes-cafe-2019-01-22_0_image_0_pushing_000843_001050_H87_O65000.mp4,1,18,22,JRDB,forbes-cafe-2019-01-22_0,0,trolley,forbes-cafe-2019-01-22_0_image_0_pushing_000843_001050_H87_O65000.mp4,https://1drv.ms/v/c/e14d2464c52103f1/IQCJTVplP-VpQI4i5UZMvHfWATTCS6CJWCCSlfeG69b4Klc,A man in dark clothing pushes a large rolling cart near a doorway and counter.,https://1drv.ms/i/c/e14d2464c52103f1/IQBQMtOhiFoOQb19YEUZMjPJAXoItQivm7OzNmmbnzRFmyo,hold,normal,large,narrow_corridor,none,,,VLM: hold; human_state=normal; object_property=large; spatial_context=narrow_corridor; risk_factor=none; selected_frame=157; gt_activity=pushing; human_iou=0.576; object_iou=0.743,157
P021,1,warehouse_1_event_21_plasticbox_0001_lifting_001046_001140.mp4,1,44,15,Hunavsim,Warehouse,1,plasticbox_0001,warehouse_1_event_21_plasticbox_0001_lifting_001046_001140.mp4,https://1drv.ms/v/c/e14d2464c52103f1/IQC_ZImQLaoNS4Fd1fkmnAu5AWRJy9g_yB_HC5raXsaw120,"A worker in a yellow safety vest or a light uniform lifts a plastic storage box beside the white warehouse wall, yellow forklift, stacked pallets, and blue rolling bins.",,,,,,,,,,
P021,2,warehouse_2_event_12_smallbox_0001_kick_000507_000566.mp4,5,42,43,Hunavsim,Warehouse,2,smallbox_0001,warehouse_2_event_12_smallbox_0001_kick_000507_000566.mp4,https://1drv.ms/v/c/e14d2464c52103f1/IQBReryOvrfySaaS8BFZdxMWAbq_Iu7q70GHuNgUoT8OkiA,"A person in a dark outfit or purple pants kicks a small box in a yellow-and-white warehouse with a forklift, blue bins, pallets, and tall metal racks.",,,,,,,,,,
P021,3,warehouse_3_event_35_trashcan_0001_kick_001790_001827.mp4,4,43,78,Hunavsim,Warehouse,3,trashcan_0001,warehouse_3_event_35_trashcan_0001_kick_001790_001827.mp4,https://1drv.ms/v/c/e14d2464c52103f1/IQAMOGPAr_UzSKonEzzUQH1tAS14xWc1XUblL_-bVXyygwA,"A person in a white or light gray outfit kicks a trash can beside the white warehouse wall, yellow forklift, stacked pallets, and blue rolling bins.",,,,,,,,,,
P021,4,office_1_event_16_largebox_0001_carrying_001659_001697.mp4,3,55,151,Hunavsim,Office,1,largebox_0001,office_1_event_16_largebox_0001_carrying_001659_001697.mp4,https://1drv.ms/v/c/e14d2464c52103f1/IQDUY_D9LjOxSLYt3UFRc2SeAUc1r9qZjC6Hhdc_nXZrw8E,"A person in dark clothing carries a large cardboard box in a meeting-style office with rows of chairs, desks, monitors, and a dark patterned carpet.",,,,,,,,,,
P021,5,warehouse_3_event_57_tripod_0001_putting_down_002779_002855.mp4,2,46,90,Hunavsim,Warehouse,3,tripod_0001,warehouse_3_event_57_tripod_0001_putting_down_002779_002855.mp4,https://1drv.ms/v/c/e14d2464c52103f1/IQBJSWWbT0I_Q708yZI0mi4rAZExMqD4figw8tgqLl9CyGs,"A worker in a purple shirt and jeans puts down a tripod in the open warehouse aisle near pallet stacks, a yellow forklift, and industrial shelving.",,,,,,,,,,
P021,6,office_1_event_99_largebox_0002_lifting_004059_004089.mp4,2,56,184,Hunavsim,Office,1,largebox_0002,office_1_event_99_largebox_0002_lifting_004059_004089.mp4,https://1drv.ms/v/c/e14d2464c52103f1/IQDL1wu1TR8qRJjlRb-ttKy1AUJ9KUG5sIURe8-Drl8xfIc,"A person in a white or gray outfit lifts a large cardboard box in a meeting-style office with rows of chairs, desks, monitors, and a dark patterned carpet.",,,,,,,,,,
P021,7,office_1_event_158_woodchair_0001_placing_005875_005944.mp4,4,71,203,Hunavsim,Office,1,woodchair_0001,office_1_event_158_woodchair_0001_placing_005875_005944.mp4,https://1drv.ms/v/c/e14d2464c52103f1/IQDBGH11xrqJRK0rk3-3HX3uAdPw_iKMi4nsu9hQmjXAwu0,"A person in a pink or light-colored outfit places a wooden chair in a bright office room with desks, black chairs, computer monitors, doorway signage, and wall decorations.",,,,,,,,,,
P021,8,hospital_1_event_13_suitcase_0001_carrying_001064_001089.mp4,1,50,113,Hunavsim,Hospital,1,suitcase_0001,hospital_1_event_13_suitcase_0001_carrying_001064_001089.mp4,https://1drv.ms/v/c/e14d2464c52103f1/IQDrAE4fieHwSYQXDzQmqTw8AfTGClVri_P1EkU0LkeEMIk,"A person in dark clothing near the hospital wall carries a suitcase in a hospital hallway with windows, yellow railings, benches, and blue storage carts.",,,,,,,,,,
P021,9,svl-meeting-gates-2-2019-04-08_0_image_8_pushing_000216_000321_H3_O3.mp4,3,33,39,JRDB,svl-meeting-gates-2-2019-04-08_0,8,chair,svl-meeting-gates-2-2019-04-08_0_image_8_pushing_000216_000321_H3_O3.mp4,https://1drv.ms/v/c/e14d2464c52103f1/IQDQlbSawt52SK0chHXWIkJ1AUv51I_ZKU2ErEo8vjf79RI,A close man in a black polo pushes a chair at the edge of a meeting table.,https://1drv.ms/i/c/e14d2464c52103f1/IQDl0FoqrEMpQ5bAzW2yFw1QAT5ds0j-TUyDIPEgT88g0mI,hold,strained,large,crowded,object_motion_risk,,,VLM: hold; human_state=strained; object_property=large; spatial_context=crowded; risk_factor=object_motion_risk; selected_frame=54; gt_activity=pushing; human_iou=0.712; object_iou=0.838,54
P021,10,forbes-cafe-2019-01-22_0_image_0_pushing_000843_001050_H87_O65000.mp4,2,18,22,JRDB,forbes-cafe-2019-01-22_0,0,trolley,forbes-cafe-2019-01-22_0_image_0_pushing_000843_001050_H87_O65000.mp4,https://1drv.ms/v/c/e14d2464c52103f1/IQCJTVplP-VpQI4i5UZMvHfWATTCS6CJWCCSlfeG69b4Klc,A man in dark clothing pushes a large rolling cart near a doorway and counter.,https://1drv.ms/i/c/e14d2464c52103f1/IQBQMtOhiFoOQb19YEUZMjPJAXoItQivm7OzNmmbnzRFmyo,hold,normal,large,narrow_corridor,none,,,VLM: hold; human_state=normal; object_property=large; spatial_context=narrow_corridor; risk_factor=none; selected_frame=157; gt_activity=pushing; human_iou=0.576; object_iou=0.743,157
P022,1,warehouse_1_event_21_plasticbox_0001_lifting_001046_001140.mp4,2,44,15,Hunavsim,Warehouse,1,plasticbox_0001,warehouse_1_event_21_plasticbox_0001_lifting_001046_001140.mp4,https://1drv.ms/v/c/e14d2464c52103f1/IQC_ZImQLaoNS4Fd1fkmnAu5AWRJy9g_yB_HC5raXsaw120,"A worker in a yellow safety vest or a light uniform lifts a plastic storage box beside the white warehouse wall, yellow forklift, stacked pallets, and blue rolling bins.",,,,,,,,,,
P022,2,warehouse_2_event_29_smallbox_0001_kicking_001733_001826.mp4,1,42,54,Hunavsim,Warehouse,2,smallbox_0001,warehouse_2_event_29_smallbox_0001_kicking_001733_001826.mp4,https://1drv.ms/v/c/e14d2464c52103f1/IQBf9g36EMM4RK1HEQMm_v7GAR2c5gReiDfj1w_lmb7XHcg,"A person in a white or light gray outfit kicks a small box beside the white warehouse wall, yellow forklift, stacked pallets, and blue rolling bins.",,,,,,,,,,
P022,3,warehouse_3_event_35_trashcan_0001_kick_001790_001827.mp4,5,43,78,Hunavsim,Warehouse,3,trashcan_0001,warehouse_3_event_35_trashcan_0001_kick_001790_001827.mp4,https://1drv.ms/v/c/e14d2464c52103f1/IQAMOGPAr_UzSKonEzzUQH1tAS14xWc1XUblL_-bVXyygwA,"A person in a white or light gray outfit kicks a trash can beside the white warehouse wall, yellow forklift, stacked pallets, and blue rolling bins.",,,,,,,,,,
P022,4,office_1_event_16_largebox_0001_carrying_001659_001697.mp4,4,55,151,Hunavsim,Office,1,largebox_0001,office_1_event_16_largebox_0001_carrying_001659_001697.mp4,https://1drv.ms/v/c/e14d2464c52103f1/IQDUY_D9LjOxSLYt3UFRc2SeAUc1r9qZjC6Hhdc_nXZrw8E,"A person in dark clothing carries a large cardboard box in a meeting-style office with rows of chairs, desks, monitors, and a dark patterned carpet.",,,,,,,,,,
P022,5,warehouse_3_event_57_tripod_0001_putting_down_002779_002855.mp4,3,46,90,Hunavsim,Warehouse,3,tripod_0001,warehouse_3_event_57_tripod_0001_putting_down_002779_002855.mp4,https://1drv.ms/v/c/e14d2464c52103f1/IQBJSWWbT0I_Q708yZI0mi4rAZExMqD4figw8tgqLl9CyGs,"A worker in a purple shirt and jeans puts down a tripod in the open warehouse aisle near pallet stacks, a yellow forklift, and industrial shelving.",,,,,,,,,,
P022,6,office_1_event_99_largebox_0002_lifting_004059_004089.mp4,3,56,184,Hunavsim,Office,1,largebox_0002,office_1_event_99_largebox_0002_lifting_004059_004089.mp4,https://1drv.ms/v/c/e14d2464c52103f1/IQDL1wu1TR8qRJjlRb-ttKy1AUJ9KUG5sIURe8-Drl8xfIc,"A person in a white or gray outfit lifts a large cardboard box in a meeting-style office with rows of chairs, desks, monitors, and a dark patterned carpet.",,,,,,,,,,
P022,7,office_1_event_158_woodchair_0001_placing_005875_005944.mp4,5,71,203,Hunavsim,Office,1,woodchair_0001,office_1_event_158_woodchair_0001_placing_005875_005944.mp4,https://1drv.ms/v/c/e14d2464c52103f1/IQDBGH11xrqJRK0rk3-3HX3uAdPw_iKMi4nsu9hQmjXAwu0,"A person in a pink or light-colored outfit places a wooden chair in a bright office room with desks, black chairs, computer monitors, doorway signage, and wall decorations.",,,,,,,,,,
P022,8,hospital_1_event_13_suitcase_0001_carrying_001064_001089.mp4,2,50,113,Hunavsim,Hospital,1,suitcase_0001,hospital_1_event_13_suitcase_0001_carrying_001064_001089.mp4,https://1drv.ms/v/c/e14d2464c52103f1/IQDrAE4fieHwSYQXDzQmqTw8AfTGClVri_P1EkU0LkeEMIk,"A person in dark clothing near the hospital wall carries a suitcase in a hospital hallway with windows, yellow railings, benches, and blue storage carts.",,,,,,,,,,
P022,9,svl-meeting-gates-2-2019-04-08_0_image_8_pushing_000216_000321_H3_O3.mp4,4,33,39,JRDB,svl-meeting-gates-2-2019-04-08_0,8,chair,svl-meeting-gates-2-2019-04-08_0_image_8_pushing_000216_000321_H3_O3.mp4,https://1drv.ms/v/c/e14d2464c52103f1/IQDQlbSawt52SK0chHXWIkJ1AUv51I_ZKU2ErEo8vjf79RI,A close man in a black polo pushes a chair at the edge of a meeting table.,https://1drv.ms/i/c/e14d2464c52103f1/IQDl0FoqrEMpQ5bAzW2yFw1QAT5ds0j-TUyDIPEgT88g0mI,hold,strained,large,crowded,object_motion_risk,,,VLM: hold; human_state=strained; object_property=large; spatial_context=crowded; risk_factor=object_motion_risk; selected_frame=54; gt_activity=pushing; human_iou=0.712; object_iou=0.838,54
P022,10,forbes-cafe-2019-01-22_0_image_0_pushing_000843_001050_H87_O65000.mp4,3,18,22,JRDB,forbes-cafe-2019-01-22_0,0,trolley,forbes-cafe-2019-01-22_0_image_0_pushing_000843_001050_H87_O65000.mp4,https://1drv.ms/v/c/e14d2464c52103f1/IQCJTVplP-VpQI4i5UZMvHfWATTCS6CJWCCSlfeG69b4Klc,A man in dark clothing pushes a large rolling cart near a doorway and counter.,https://1drv.ms/i/c/e14d2464c52103f1/IQBQMtOhiFoOQb19YEUZMjPJAXoItQivm7OzNmmbnzRFmyo,hold,normal,large,narrow_corridor,none,,,VLM: hold; human_state=normal; object_property=large; spatial_context=narrow_corridor; risk_factor=none; selected_frame=157; gt_activity=pushing; human_iou=0.576; object_iou=0.743,157
P023,1,warehouse_1_event_21_plasticbox_0001_lifting_001046_001140.mp4,3,44,15,Hunavsim,Warehouse,1,plasticbox_0001,warehouse_1_event_21_plasticbox_0001_lifting_001046_001140.mp4,https://1drv.ms/v/c/e14d2464c52103f1/IQC_ZImQLaoNS4Fd1fkmnAu5AWRJy9g_yB_HC5raXsaw120,"A worker in a yellow safety vest or a light uniform lifts a plastic storage box beside the white warehouse wall, yellow forklift, stacked pallets, and blue rolling bins.",,,,,,,,,,
P023,2,warehouse_2_event_29_smallbox_0001_kicking_001733_001826.mp4,2,42,54,Hunavsim,Warehouse,2,smallbox_0001,warehouse_2_event_29_smallbox_0001_kicking_001733_001826.mp4,https://1drv.ms/v/c/e14d2464c52103f1/IQBf9g36EMM4RK1HEQMm_v7GAR2c5gReiDfj1w_lmb7XHcg,"A person in a white or light gray outfit kicks a small box beside the white warehouse wall, yellow forklift, stacked pallets, and blue rolling bins.",,,,,,,,,,
P023,3,warehouse_3_event_56_trashcan_0001_kicking_002772_002884.mp4,1,43,88,Hunavsim,Warehouse,3,trashcan_0001,warehouse_3_event_56_trashcan_0001_kicking_002772_002884.mp4,https://1drv.ms/v/c/e14d2464c52103f1/IQDfh39OTXs2QJbRSIGhoisxAWhRNjvEMtmuezhY7au2ot8,"A worker in a purple shirt and jeans kicks a trash can in the open warehouse aisle near pallet stacks, a yellow forklift, and industrial shelving.",,,,,,,,,,
P023,4,office_1_event_16_largebox_0001_carrying_001659_001697.mp4,5,55,151,Hunavsim,Office,1,largebox_0001,office_1_event_16_largebox_0001_carrying_001659_001697.mp4,https://1drv.ms/v/c/e14d2464c52103f1/IQDUY_D9LjOxSLYt3UFRc2SeAUc1r9qZjC6Hhdc_nXZrw8E,"A person in dark clothing carries a large cardboard box in a meeting-style office with rows of chairs, desks, monitors, and a dark patterned carpet.",,,,,,,,,,
P023,5,warehouse_3_event_57_tripod_0001_putting_down_002779_002855.mp4,4,46,90,Hunavsim,Warehouse,3,tripod_0001,warehouse_3_event_57_tripod_0001_putting_down_002779_002855.mp4,https://1drv.ms/v/c/e14d2464c52103f1/IQBJSWWbT0I_Q708yZI0mi4rAZExMqD4figw8tgqLl9CyGs,"A worker in a purple shirt and jeans puts down a tripod in the open warehouse aisle near pallet stacks, a yellow forklift, and industrial shelving.",,,,,,,,,,
P023,6,office_1_event_99_largebox_0002_lifting_004059_004089.mp4,4,56,184,Hunavsim,Office,1,largebox_0002,office_1_event_99_largebox_0002_lifting_004059_004089.mp4,https://1drv.ms/v/c/e14d2464c52103f1/IQDL1wu1TR8qRJjlRb-ttKy1AUJ9KUG5sIURe8-Drl8xfIc,"A person in a white or gray outfit lifts a large cardboard box in a meeting-style office with rows of chairs, desks, monitors, and a dark patterned carpet.",,,,,,,,,,
P023,7,office_1_event_140_monitor_0003_putting_down_005198_005262.mp4,1,61,193,Hunavsim,Office,1,monitor_0003,office_1_event_140_monitor_0003_putting_down_005198_005262.mp4,https://1drv.ms/v/c/e14d2464c52103f1/IQC2BvWPBkA4T7_aqYvo-FnkARqmjCW_oxQRO7bVzHv2IrM,"A person in a pink or light-colored outfit puts down a computer monitor in a bright office room with desks, black chairs, computer monitors, doorway signage, and wall decorations.",,,,,,,,,,
P023,8,hospital_1_event_13_suitcase_0001_carrying_001064_001089.mp4,3,50,113,Hunavsim,Hospital,1,suitcase_0001,hospital_1_event_13_suitcase_0001_carrying_001064_001089.mp4,https://1drv.ms/v/c/e14d2464c52103f1/IQDrAE4fieHwSYQXDzQmqTw8AfTGClVri_P1EkU0LkeEMIk,"A person in dark clothing near the hospital wall carries a suitcase in a hospital hallway with windows, yellow railings, benches, and blue storage carts.",,,,,,,,,,
P023,9,svl-meeting-gates-2-2019-04-08_0_image_8_pushing_000216_000321_H3_O3.mp4,5,33,39,JRDB,svl-meeting-gates-2-2019-04-08_0,8,chair,svl-meeting-gates-2-2019-04-08_0_image_8_pushing_000216_000321_H3_O3.mp4,https://1drv.ms/v/c/e14d2464c52103f1/IQDQlbSawt52SK0chHXWIkJ1AUv51I_ZKU2ErEo8vjf79RI,A close man in a black polo pushes a chair at the edge of a meeting table.,https://1drv.ms/i/c/e14d2464c52103f1/IQDl0FoqrEMpQ5bAzW2yFw1QAT5ds0j-TUyDIPEgT88g0mI,hold,strained,large,crowded,object_motion_risk,,,VLM: hold; human_state=strained; object_property=large; spatial_context=crowded; risk_factor=object_motion_risk; selected_frame=54; gt_activity=pushing; human_iou=0.712; object_iou=0.838,54
P023,10,forbes-cafe-2019-01-22_0_image_0_pushing_000843_001050_H87_O65000.mp4,4,18,22,JRDB,forbes-cafe-2019-01-22_0,0,trolley,forbes-cafe-2019-01-22_0_image_0_pushing_000843_001050_H87_O65000.mp4,https://1drv.ms/v/c/e14d2464c52103f1/IQCJTVplP-VpQI4i5UZMvHfWATTCS6CJWCCSlfeG69b4Klc,A man in dark clothing pushes a large rolling cart near a doorway and counter.,https://1drv.ms/i/c/e14d2464c52103f1/IQBQMtOhiFoOQb19YEUZMjPJAXoItQivm7OzNmmbnzRFmyo,hold,normal,large,narrow_corridor,none,,,VLM: hold; human_state=normal; object_property=large; spatial_context=narrow_corridor; risk_factor=none; selected_frame=157; gt_activity=pushing; human_iou=0.576; object_iou=0.743,157
P024,1,warehouse_1_event_21_plasticbox_0001_lifting_001046_001140.mp4,4,44,15,Hunavsim,Warehouse,1,plasticbox_0001,warehouse_1_event_21_plasticbox_0001_lifting_001046_001140.mp4,https://1drv.ms/v/c/e14d2464c52103f1/IQC_ZImQLaoNS4Fd1fkmnAu5AWRJy9g_yB_HC5raXsaw120,"A worker in a yellow safety vest or a light uniform lifts a plastic storage box beside the white warehouse wall, yellow forklift, stacked pallets, and blue rolling bins.",,,,,,,,,,
P024,2,warehouse_2_event_29_smallbox_0001_kicking_001733_001826.mp4,3,42,54,Hunavsim,Warehouse,2,smallbox_0001,warehouse_2_event_29_smallbox_0001_kicking_001733_001826.mp4,https://1drv.ms/v/c/e14d2464c52103f1/IQBf9g36EMM4RK1HEQMm_v7GAR2c5gReiDfj1w_lmb7XHcg,"A person in a white or light gray outfit kicks a small box beside the white warehouse wall, yellow forklift, stacked pallets, and blue rolling bins.",,,,,,,,,,
P024,3,warehouse_3_event_56_trashcan_0001_kicking_002772_002884.mp4,2,43,88,Hunavsim,Warehouse,3,trashcan_0001,warehouse_3_event_56_trashcan_0001_kicking_002772_002884.mp4,https://1drv.ms/v/c/e14d2464c52103f1/IQDfh39OTXs2QJbRSIGhoisxAWhRNjvEMtmuezhY7au2ot8,"A worker in a purple shirt and jeans kicks a trash can in the open warehouse aisle near pallet stacks, a yellow forklift, and industrial shelving.",,,,,,,,,,
P024,4,office_1_event_91_largebox_0001_kicking_003802_003884.mp4,1,55,182,Hunavsim,Office,1,largebox_0001,office_1_event_91_largebox_0001_kicking_003802_003884.mp4,https://1drv.ms/v/c/e14d2464c52103f1/IQAz-apCWcszQKcr9HBEUVJaAVxZcpIbQ8I90NG3eHL0TJw,"A person in a white or gray outfit kicks a large cardboard box in a meeting-style office with rows of chairs, desks, monitors, and a dark patterned carpet.",,,,,,,,,,
P024,5,warehouse_3_event_57_tripod_0001_putting_down_002779_002855.mp4,5,46,90,Hunavsim,Warehouse,3,tripod_0001,warehouse_3_event_57_tripod_0001_putting_down_002779_002855.mp4,https://1drv.ms/v/c/e14d2464c52103f1/IQBJSWWbT0I_Q708yZI0mi4rAZExMqD4figw8tgqLl9CyGs,"A worker in a purple shirt and jeans puts down a tripod in the open warehouse aisle near pallet stacks, a yellow forklift, and industrial shelving.",,,,,,,,,,
P024,6,office_1_event_99_largebox_0002_lifting_004059_004089.mp4,5,56,184,Hunavsim,Office,1,largebox_0002,office_1_event_99_largebox_0002_lifting_004059_004089.mp4,https://1drv.ms/v/c/e14d2464c52103f1/IQDL1wu1TR8qRJjlRb-ttKy1AUJ9KUG5sIURe8-Drl8xfIc,"A person in a white or gray outfit lifts a large cardboard box in a meeting-style office with rows of chairs, desks, monitors, and a dark patterned carpet.",,,,,,,,,,
P024,7,office_1_event_140_monitor_0003_putting_down_005198_005262.mp4,2,61,193,Hunavsim,Office,1,monitor_0003,office_1_event_140_monitor_0003_putting_down_005198_005262.mp4,https://1drv.ms/v/c/e14d2464c52103f1/IQC2BvWPBkA4T7_aqYvo-FnkARqmjCW_oxQRO7bVzHv2IrM,"A person in a pink or light-colored outfit puts down a computer monitor in a bright office room with desks, black chairs, computer monitors, doorway signage, and wall decorations.",,,,,,,,,,
P024,8,hospital_1_event_13_suitcase_0001_carrying_001064_001089.mp4,4,50,113,Hunavsim,Hospital,1,suitcase_0001,hospital_1_event_13_suitcase_0001_carrying_001064_001089.mp4,https://1drv.ms/v/c/e14d2464c52103f1/IQDrAE4fieHwSYQXDzQmqTw8AfTGClVri_P1EkU0LkeEMIk,"A person in dark clothing near the hospital wall carries a suitcase in a hospital hallway with windows, yellow railings, benches, and blue storage carts.",,,,,,,,,,
P024,9,svl-meeting-gates-2-2019-04-08_0_image_8_pushing_000729_000750_H3_O3.mp4,1,33,42,JRDB,svl-meeting-gates-2-2019-04-08_0,8,chair,svl-meeting-gates-2-2019-04-08_0_image_8_pushing_000729_000750_H3_O3.mp4,https://1drv.ms/v/c/e14d2464c52103f1/IQDmnfiYYgzWS6VZ24DKs-0IAfl6Mdb_nm1fEWK1CFYqlQQ,A man in a black polo reaches toward and pushes a chair at the right side of the room.,https://1drv.ms/i/c/e14d2464c52103f1/IQCf8NsAg2s7QJfOsZm4seZhAazJrS8dAGRh4LuzOenqp3c,hold,strained,large,narrow_corridor,object_motion_risk,,,VLM: hold; human_state=strained; object_property=large; spatial_context=narrow_corridor; risk_factor=object_motion_risk; selected_frame=17; gt_activity=pushing; human_iou=0.989; object_iou=0.173,17
P024,10,forbes-cafe-2019-01-22_0_image_0_pushing_000843_001050_H87_O65000.mp4,5,18,22,JRDB,forbes-cafe-2019-01-22_0,0,trolley,forbes-cafe-2019-01-22_0_image_0_pushing_000843_001050_H87_O65000.mp4,https://1drv.ms/v/c/e14d2464c52103f1/IQCJTVplP-VpQI4i5UZMvHfWATTCS6CJWCCSlfeG69b4Klc,A man in dark clothing pushes a large rolling cart near a doorway and counter.,https://1drv.ms/i/c/e14d2464c52103f1/IQBQMtOhiFoOQb19YEUZMjPJAXoItQivm7OzNmmbnzRFmyo,hold,normal,large,narrow_corridor,none,,,VLM: hold; human_state=normal; object_property=large; spatial_context=narrow_corridor; risk_factor=none; selected_frame=157; gt_activity=pushing; human_iou=0.576; object_iou=0.743,157
P025,1,warehouse_1_event_21_plasticbox_0001_lifting_001046_001140.mp4,5,44,15,Hunavsim,Warehouse,1,plasticbox_0001,warehouse_1_event_21_plasticbox_0001_lifting_001046_001140.mp4,https://1drv.ms/v/c/e14d2464c52103f1/IQC_ZImQLaoNS4Fd1fkmnAu5AWRJy9g_yB_HC5raXsaw120,"A worker in a yellow safety vest or a light uniform lifts a plastic storage box beside the white warehouse wall, yellow forklift, stacked pallets, and blue rolling bins.",,,,,,,,,,
P025,2,warehouse_2_event_29_smallbox_0001_kicking_001733_001826.mp4,4,42,54,Hunavsim,Warehouse,2,smallbox_0001,warehouse_2_event_29_smallbox_0001_kicking_001733_001826.mp4,https://1drv.ms/v/c/e14d2464c52103f1/IQBf9g36EMM4RK1HEQMm_v7GAR2c5gReiDfj1w_lmb7XHcg,"A person in a white or light gray outfit kicks a small box beside the white warehouse wall, yellow forklift, stacked pallets, and blue rolling bins.",,,,,,,,,,
P025,3,warehouse_3_event_56_trashcan_0001_kicking_002772_002884.mp4,3,43,88,Hunavsim,Warehouse,3,trashcan_0001,warehouse_3_event_56_trashcan_0001_kicking_002772_002884.mp4,https://1drv.ms/v/c/e14d2464c52103f1/IQDfh39OTXs2QJbRSIGhoisxAWhRNjvEMtmuezhY7au2ot8,"A worker in a purple shirt and jeans kicks a trash can in the open warehouse aisle near pallet stacks, a yellow forklift, and industrial shelving.",,,,,,,,,,
P025,4,office_1_event_91_largebox_0001_kicking_003802_003884.mp4,2,55,182,Hunavsim,Office,1,largebox_0001,office_1_event_91_largebox_0001_kicking_003802_003884.mp4,https://1drv.ms/v/c/e14d2464c52103f1/IQAz-apCWcszQKcr9HBEUVJaAVxZcpIbQ8I90NG3eHL0TJw,"A person in a white or gray outfit kicks a large cardboard box in a meeting-style office with rows of chairs, desks, monitors, and a dark patterned carpet.",,,,,,,,,,
P025,5,warehouse_3_event_57_tripod_0001_lifting_002856_002928.mp4,1,46,91,Hunavsim,Warehouse,3,tripod_0001,warehouse_3_event_57_tripod_0001_lifting_002856_002928.mp4,https://1drv.ms/v/c/e14d2464c52103f1/IQDD4Dh6eGodSbP4fWk3HHGCAY0ygXmaNfRs_eQiFMPPJpo,"A worker in a purple shirt and jeans lifts a tripod in the open warehouse aisle near pallet stacks, a yellow forklift, and industrial shelving.",,,,,,,,,,
P025,6,office_1_event_99_largebox_0002_carrying_004090_004124.mp4,1,56,185,Hunavsim,Office,1,largebox_0002,office_1_event_99_largebox_0002_carrying_004090_004124.mp4,https://1drv.ms/v/c/e14d2464c52103f1/IQBGtwzUcfaqRrdLcPOsniOmAYRxEOMGhbpcr0eEF-evMMI,"A person in a white or gray outfit carries a large cardboard box in a meeting-style office with rows of chairs, desks, monitors, and a dark patterned carpet.",,,,,,,,,,
P025,7,office_1_event_140_monitor_0003_putting_down_005198_005262.mp4,3,61,193,Hunavsim,Office,1,monitor_0003,office_1_event_140_monitor_0003_putting_down_005198_005262.mp4,https://1drv.ms/v/c/e14d2464c52103f1/IQC2BvWPBkA4T7_aqYvo-FnkARqmjCW_oxQRO7bVzHv2IrM,"A person in a pink or light-colored outfit puts down a computer monitor in a bright office room with desks, black chairs, computer monitors, doorway signage, and wall decorations.",,,,,,,,,,
P025,8,hospital_1_event_13_suitcase_0001_carrying_001064_001089.mp4,5,50,113,Hunavsim,Hospital,1,suitcase_0001,hospital_1_event_13_suitcase_0001_carrying_001064_001089.mp4,https://1drv.ms/v/c/e14d2464c52103f1/IQDrAE4fieHwSYQXDzQmqTw8AfTGClVri_P1EkU0LkeEMIk,"A person in dark clothing near the hospital wall carries a suitcase in a hospital hallway with windows, yellow railings, benches, and blue storage carts.",,,,,,,,,,
P025,9,svl-meeting-gates-2-2019-04-08_0_image_8_pushing_000729_000750_H3_O3.mp4,2,33,42,JRDB,svl-meeting-gates-2-2019-04-08_0,8,chair,svl-meeting-gates-2-2019-04-08_0_image_8_pushing_000729_000750_H3_O3.mp4,https://1drv.ms/v/c/e14d2464c52103f1/IQDmnfiYYgzWS6VZ24DKs-0IAfl6Mdb_nm1fEWK1CFYqlQQ,A man in a black polo reaches toward and pushes a chair at the right side of the room.,https://1drv.ms/i/c/e14d2464c52103f1/IQCf8NsAg2s7QJfOsZm4seZhAazJrS8dAGRh4LuzOenqp3c,hold,strained,large,narrow_corridor,object_motion_risk,,,VLM: hold; human_state=strained; object_property=large; spatial_context=narrow_corridor; risk_factor=object_motion_risk; selected_frame=17; gt_activity=pushing; human_iou=0.989; object_iou=0.173,17
P025,10,forbes-cafe-2019-01-22_0_image_0_holding_001066_001290_H89_O1.mp4,1,19,23,JRDB,forbes-cafe-2019-01-22_0,0,skateboard/segway/hoverboard,forbes-cafe-2019-01-22_0_image_0_holding_001066_001290_H89_O1.mp4,https://1drv.ms/v/c/e14d2464c52103f1/IQDII4nNsFoBS6jWzA3RfD4KAc-2xhht32Race3IOwhewIE,A man in dark clothing near a counter holds a small skateboard or segway-like object at hand level.,https://1drv.ms/i/c/e14d2464c52103f1/IQAltU6V3g21T6-jVcJyyL0NATfZlx09xGCygfqPlbE24Tc,hold,normal,large,narrow_corridor,none,,,VLM: hold; human_state=normal; object_property=large; spatial_context=narrow_corridor; risk_factor=none; selected_frame=113; gt_activity=holding; human_iou=0.602; object_iou=1.000,113
P026,1,warehouse_1_event_21_plasticbox_0001_carrying_001141_001250.mp4,1,44,16,Hunavsim,Warehouse,1,plasticbox_0001,warehouse_1_event_21_plasticbox_0001_carrying_001141_001250.mp4,https://1drv.ms/v/c/e14d2464c52103f1/IQDBinhNVrAXTae_0Kh7Z5EYASqHmfF6fYmf614SEEP62-4,"A worker in a yellow safety vest or a light uniform carries a plastic storage box beside the white warehouse wall, yellow forklift, stacked pallets, and blue rolling bins.",,,,,,,,,,
P026,2,warehouse_2_event_29_smallbox_0001_kicking_001733_001826.mp4,5,42,54,Hunavsim,Warehouse,2,smallbox_0001,warehouse_2_event_29_smallbox_0001_kicking_001733_001826.mp4,https://1drv.ms/v/c/e14d2464c52103f1/IQBf9g36EMM4RK1HEQMm_v7GAR2c5gReiDfj1w_lmb7XHcg,"A person in a white or light gray outfit kicks a small box beside the white warehouse wall, yellow forklift, stacked pallets, and blue rolling bins.",,,,,,,,,,
P026,3,warehouse_3_event_56_trashcan_0001_kicking_002772_002884.mp4,4,43,88,Hunavsim,Warehouse,3,trashcan_0001,warehouse_3_event_56_trashcan_0001_kicking_002772_002884.mp4,https://1drv.ms/v/c/e14d2464c52103f1/IQDfh39OTXs2QJbRSIGhoisxAWhRNjvEMtmuezhY7au2ot8,"A worker in a purple shirt and jeans kicks a trash can in the open warehouse aisle near pallet stacks, a yellow forklift, and industrial shelving.",,,,,,,,,,
P026,4,office_1_event_91_largebox_0001_kicking_003802_003884.mp4,3,55,182,Hunavsim,Office,1,largebox_0001,office_1_event_91_largebox_0001_kicking_003802_003884.mp4,https://1drv.ms/v/c/e14d2464c52103f1/IQAz-apCWcszQKcr9HBEUVJaAVxZcpIbQ8I90NG3eHL0TJw,"A person in a white or gray outfit kicks a large cardboard box in a meeting-style office with rows of chairs, desks, monitors, and a dark patterned carpet.",,,,,,,,,,
P026,5,warehouse_3_event_57_tripod_0001_lifting_002856_002928.mp4,2,46,91,Hunavsim,Warehouse,3,tripod_0001,warehouse_3_event_57_tripod_0001_lifting_002856_002928.mp4,https://1drv.ms/v/c/e14d2464c52103f1/IQDD4Dh6eGodSbP4fWk3HHGCAY0ygXmaNfRs_eQiFMPPJpo,"A worker in a purple shirt and jeans lifts a tripod in the open warehouse aisle near pallet stacks, a yellow forklift, and industrial shelving.",,,,,,,,,,
P026,6,office_1_event_99_largebox_0002_carrying_004090_004124.mp4,2,56,185,Hunavsim,Office,1,largebox_0002,office_1_event_99_largebox_0002_carrying_004090_004124.mp4,https://1drv.ms/v/c/e14d2464c52103f1/IQBGtwzUcfaqRrdLcPOsniOmAYRxEOMGhbpcr0eEF-evMMI,"A person in a white or gray outfit carries a large cardboard box in a meeting-style office with rows of chairs, desks, monitors, and a dark patterned carpet.",,,,,,,,,,
P026,7,office_1_event_140_monitor_0003_putting_down_005198_005262.mp4,4,61,193,Hunavsim,Office,1,monitor_0003,office_1_event_140_monitor_0003_putting_down_005198_005262.mp4,https://1drv.ms/v/c/e14d2464c52103f1/IQC2BvWPBkA4T7_aqYvo-FnkARqmjCW_oxQRO7bVzHv2IrM,"A person in a pink or light-colored outfit puts down a computer monitor in a bright office room with desks, black chairs, computer monitors, doorway signage, and wall decorations.",,,,,,,,,,
P026,8,hospital_1_event_16_suitcase_0001_kicking_001188_001254.mp4,1,50,115,Hunavsim,Hospital,1,suitcase_0001,hospital_1_event_16_suitcase_0001_kicking_001188_001254.mp4,https://1drv.ms/v/c/e14d2464c52103f1/IQDN3Bxi8pD7RZleNQxtYp_0AVrMX0Ls1Rz86eSBKIvTcX8,"A person in dark clothing near the hospital wall kicks a suitcase in a hospital hallway with windows, yellow railings, benches, and blue storage carts.",,,,,,,,,,
P026,9,svl-meeting-gates-2-2019-04-08_0_image_8_pushing_000729_000750_H3_O3.mp4,3,33,42,JRDB,svl-meeting-gates-2-2019-04-08_0,8,chair,svl-meeting-gates-2-2019-04-08_0_image_8_pushing_000729_000750_H3_O3.mp4,https://1drv.ms/v/c/e14d2464c52103f1/IQDmnfiYYgzWS6VZ24DKs-0IAfl6Mdb_nm1fEWK1CFYqlQQ,A man in a black polo reaches toward and pushes a chair at the right side of the room.,https://1drv.ms/i/c/e14d2464c52103f1/IQCf8NsAg2s7QJfOsZm4seZhAazJrS8dAGRh4LuzOenqp3c,hold,strained,large,narrow_corridor,object_motion_risk,,,VLM: hold; human_state=strained; object_property=large; spatial_context=narrow_corridor; risk_factor=object_motion_risk; selected_frame=17; gt_activity=pushing; human_iou=0.989; object_iou=0.173,17
P026,10,forbes-cafe-2019-01-22_0_image_0_holding_001066_001290_H89_O1.mp4,2,19,23,JRDB,forbes-cafe-2019-01-22_0,0,skateboard/segway/hoverboard,forbes-cafe-2019-01-22_0_image_0_holding_001066_001290_H89_O1.mp4,https://1drv.ms/v/c/e14d2464c52103f1/IQDII4nNsFoBS6jWzA3RfD4KAc-2xhht32Race3IOwhewIE,A man in dark clothing near a counter holds a small skateboard or segway-like object at hand level.,https://1drv.ms/i/c/e14d2464c52103f1/IQAltU6V3g21T6-jVcJyyL0NATfZlx09xGCygfqPlbE24Tc,hold,normal,large,narrow_corridor,none,,,VLM: hold; human_state=normal; object_property=large; spatial_context=narrow_corridor; risk_factor=none; selected_frame=113; gt_activity=holding; human_iou=0.602; object_iou=1.000,113
P027,1,warehouse_1_event_21_plasticbox_0001_carrying_001141_001250.mp4,2,44,16,Hunavsim,Warehouse,1,plasticbox_0001,warehouse_1_event_21_plasticbox_0001_carrying_001141_001250.mp4,https://1drv.ms/v/c/e14d2464c52103f1/IQDBinhNVrAXTae_0Kh7Z5EYASqHmfF6fYmf614SEEP62-4,"A worker in a yellow safety vest or a light uniform carries a plastic storage box beside the white warehouse wall, yellow forklift, stacked pallets, and blue rolling bins.",,,,,,,,,,
P027,2,warehouse_2_event_29_smallbox_0001_lifting_001827_001932.mp4,1,42,55,Hunavsim,Warehouse,2,smallbox_0001,warehouse_2_event_29_smallbox_0001_lifting_001827_001932.mp4,https://1drv.ms/v/c/e14d2464c52103f1/IQCPZrACKH9lQrYtluKYx9HvAWJqiHi6WfuSPonKRPaMTQM,"A person in a white or light gray outfit lifts a small box beside the white warehouse wall, yellow forklift, stacked pallets, and blue rolling bins.",,,,,,,,,,
P027,3,warehouse_3_event_56_trashcan_0001_kicking_002772_002884.mp4,5,43,88,Hunavsim,Warehouse,3,trashcan_0001,warehouse_3_event_56_trashcan_0001_kicking_002772_002884.mp4,https://1drv.ms/v/c/e14d2464c52103f1/IQDfh39OTXs2QJbRSIGhoisxAWhRNjvEMtmuezhY7au2ot8,"A worker in a purple shirt and jeans kicks a trash can in the open warehouse aisle near pallet stacks, a yellow forklift, and industrial shelving.",,,,,,,,,,
P027,4,office_1_event_91_largebox_0001_kicking_003802_003884.mp4,4,55,182,Hunavsim,Office,1,largebox_0001,office_1_event_91_largebox_0001_kicking_003802_003884.mp4,https://1drv.ms/v/c/e14d2464c52103f1/IQAz-apCWcszQKcr9HBEUVJaAVxZcpIbQ8I90NG3eHL0TJw,"A person in a white or gray outfit kicks a large cardboard box in a meeting-style office with rows of chairs, desks, monitors, and a dark patterned carpet.",,,,,,,,,,
P027,5,warehouse_3_event_57_tripod_0001_lifting_002856_002928.mp4,3,46,91,Hunavsim,Warehouse,3,tripod_0001,warehouse_3_event_57_tripod_0001_lifting_002856_002928.mp4,https://1drv.ms/v/c/e14d2464c52103f1/IQDD4Dh6eGodSbP4fWk3HHGCAY0ygXmaNfRs_eQiFMPPJpo,"A worker in a purple shirt and jeans lifts a tripod in the open warehouse aisle near pallet stacks, a yellow forklift, and industrial shelving.",,,,,,,,,,
P027,6,office_1_event_99_largebox_0002_carrying_004090_004124.mp4,3,56,185,Hunavsim,Office,1,largebox_0002,office_1_event_99_largebox_0002_carrying_004090_004124.mp4,https://1drv.ms/v/c/e14d2464c52103f1/IQBGtwzUcfaqRrdLcPOsniOmAYRxEOMGhbpcr0eEF-evMMI,"A person in a white or gray outfit carries a large cardboard box in a meeting-style office with rows of chairs, desks, monitors, and a dark patterned carpet.",,,,,,,,,,
P027,7,office_1_event_140_monitor_0003_putting_down_005198_005262.mp4,5,61,193,Hunavsim,Office,1,monitor_0003,office_1_event_140_monitor_0003_putting_down_005198_005262.mp4,https://1drv.ms/v/c/e14d2464c52103f1/IQC2BvWPBkA4T7_aqYvo-FnkARqmjCW_oxQRO7bVzHv2IrM,"A person in a pink or light-colored outfit puts down a computer monitor in a bright office room with desks, black chairs, computer monitors, doorway signage, and wall decorations.",,,,,,,,,,
P027,8,hospital_1_event_16_suitcase_0001_kicking_001188_001254.mp4,2,50,115,Hunavsim,Hospital,1,suitcase_0001,hospital_1_event_16_suitcase_0001_kicking_001188_001254.mp4,https://1drv.ms/v/c/e14d2464c52103f1/IQDN3Bxi8pD7RZleNQxtYp_0AVrMX0Ls1Rz86eSBKIvTcX8,"A person in dark clothing near the hospital wall kicks a suitcase in a hospital hallway with windows, yellow railings, benches, and blue storage carts.",,,,,,,,,,
P027,9,svl-meeting-gates-2-2019-04-08_0_image_8_pushing_000729_000750_H3_O3.mp4,4,33,42,JRDB,svl-meeting-gates-2-2019-04-08_0,8,chair,svl-meeting-gates-2-2019-04-08_0_image_8_pushing_000729_000750_H3_O3.mp4,https://1drv.ms/v/c/e14d2464c52103f1/IQDmnfiYYgzWS6VZ24DKs-0IAfl6Mdb_nm1fEWK1CFYqlQQ,A man in a black polo reaches toward and pushes a chair at the right side of the room.,https://1drv.ms/i/c/e14d2464c52103f1/IQCf8NsAg2s7QJfOsZm4seZhAazJrS8dAGRh4LuzOenqp3c,hold,strained,large,narrow_corridor,object_motion_risk,,,VLM: hold; human_state=strained; object_property=large; spatial_context=narrow_corridor; risk_factor=object_motion_risk; selected_frame=17; gt_activity=pushing; human_iou=0.989; object_iou=0.173,17
P027,10,forbes-cafe-2019-01-22_0_image_0_holding_001066_001290_H89_O1.mp4,3,19,23,JRDB,forbes-cafe-2019-01-22_0,0,skateboard/segway/hoverboard,forbes-cafe-2019-01-22_0_image_0_holding_001066_001290_H89_O1.mp4,https://1drv.ms/v/c/e14d2464c52103f1/IQDII4nNsFoBS6jWzA3RfD4KAc-2xhht32Race3IOwhewIE,A man in dark clothing near a counter holds a small skateboard or segway-like object at hand level.,https://1drv.ms/i/c/e14d2464c52103f1/IQAltU6V3g21T6-jVcJyyL0NATfZlx09xGCygfqPlbE24Tc,hold,normal,large,narrow_corridor,none,,,VLM: hold; human_state=normal; object_property=large; spatial_context=narrow_corridor; risk_factor=none; selected_frame=113; gt_activity=holding; human_iou=0.602; object_iou=1.000,113
P028,1,warehouse_1_event_21_plasticbox_0001_carrying_001141_001250.mp4,3,44,16,Hunavsim,Warehouse,1,plasticbox_0001,warehouse_1_event_21_plasticbox_0001_carrying_001141_001250.mp4,https://1drv.ms/v/c/e14d2464c52103f1/IQDBinhNVrAXTae_0Kh7Z5EYASqHmfF6fYmf614SEEP62-4,"A worker in a yellow safety vest or a light uniform carries a plastic storage box beside the white warehouse wall, yellow forklift, stacked pallets, and blue rolling bins.",,,,,,,,,,
P028,2,warehouse_2_event_29_smallbox_0001_lifting_001827_001932.mp4,2,42,55,Hunavsim,Warehouse,2,smallbox_0001,warehouse_2_event_29_smallbox_0001_lifting_001827_001932.mp4,https://1drv.ms/v/c/e14d2464c52103f1/IQCPZrACKH9lQrYtluKYx9HvAWJqiHi6WfuSPonKRPaMTQM,"A person in a white or light gray outfit lifts a small box beside the white warehouse wall, yellow forklift, stacked pallets, and blue rolling bins.",,,,,,,,,,
P028,3,warehouse_3_event_56_trashcan_0001_lifting_002885_002972.mp4,1,43,89,Hunavsim,Warehouse,3,trashcan_0001,warehouse_3_event_56_trashcan_0001_lifting_002885_002972.mp4,https://1drv.ms/v/c/e14d2464c52103f1/IQCSvH0IY5a-Q6Zox_XXD-lZAeo0Erh4wbDDhgjtBqdKLAs,"A worker in a purple shirt and jeans lifts a trash can in the open warehouse aisle near pallet stacks, a yellow forklift, and industrial shelving.",,,,,,,,,,
P028,4,office_1_event_91_largebox_0001_kicking_003802_003884.mp4,5,55,182,Hunavsim,Office,1,largebox_0001,office_1_event_91_largebox_0001_kicking_003802_003884.mp4,https://1drv.ms/v/c/e14d2464c52103f1/IQAz-apCWcszQKcr9HBEUVJaAVxZcpIbQ8I90NG3eHL0TJw,"A person in a white or gray outfit kicks a large cardboard box in a meeting-style office with rows of chairs, desks, monitors, and a dark patterned carpet.",,,,,,,,,,
P028,5,warehouse_3_event_57_tripod_0001_lifting_002856_002928.mp4,4,46,91,Hunavsim,Warehouse,3,tripod_0001,warehouse_3_event_57_tripod_0001_lifting_002856_002928.mp4,https://1drv.ms/v/c/e14d2464c52103f1/IQDD4Dh6eGodSbP4fWk3HHGCAY0ygXmaNfRs_eQiFMPPJpo,"A worker in a purple shirt and jeans lifts a tripod in the open warehouse aisle near pallet stacks, a yellow forklift, and industrial shelving.",,,,,,,,,,
P028,6,office_1_event_99_largebox_0002_carrying_004090_004124.mp4,4,56,185,Hunavsim,Office,1,largebox_0002,office_1_event_99_largebox_0002_carrying_004090_004124.mp4,https://1drv.ms/v/c/e14d2464c52103f1/IQBGtwzUcfaqRrdLcPOsniOmAYRxEOMGhbpcr0eEF-evMMI,"A person in a white or gray outfit carries a large cardboard box in a meeting-style office with rows of chairs, desks, monitors, and a dark patterned carpet.",,,,,,,,,,
P028,7,office_1_event_140_monitor_0003_lifting_005263_005309.mp4,1,61,194,Hunavsim,Office,1,monitor_0003,office_1_event_140_monitor_0003_lifting_005263_005309.mp4,https://1drv.ms/v/c/e14d2464c52103f1/IQBmWeaL6_KISKV3OurtNgfjAc9Jvig_OQj064SE-WQc24I,"A person in a pink or light-colored outfit lifts a computer monitor in a bright office room with desks, black chairs, computer monitors, doorway signage, and wall decorations.",,,,,,,,,,
P028,8,hospital_1_event_16_suitcase_0001_kicking_001188_001254.mp4,3,50,115,Hunavsim,Hospital,1,suitcase_0001,hospital_1_event_16_suitcase_0001_kicking_001188_001254.mp4,https://1drv.ms/v/c/e14d2464c52103f1/IQDN3Bxi8pD7RZleNQxtYp_0AVrMX0Ls1Rz86eSBKIvTcX8,"A person in dark clothing near the hospital wall kicks a suitcase in a hospital hallway with windows, yellow railings, benches, and blue storage carts.",,,,,,,,,,
P028,9,svl-meeting-gates-2-2019-04-08_0_image_8_pushing_000729_000750_H3_O3.mp4,5,33,42,JRDB,svl-meeting-gates-2-2019-04-08_0,8,chair,svl-meeting-gates-2-2019-04-08_0_image_8_pushing_000729_000750_H3_O3.mp4,https://1drv.ms/v/c/e14d2464c52103f1/IQDmnfiYYgzWS6VZ24DKs-0IAfl6Mdb_nm1fEWK1CFYqlQQ,A man in a black polo reaches toward and pushes a chair at the right side of the room.,https://1drv.ms/i/c/e14d2464c52103f1/IQCf8NsAg2s7QJfOsZm4seZhAazJrS8dAGRh4LuzOenqp3c,hold,strained,large,narrow_corridor,object_motion_risk,,,VLM: hold; human_state=strained; object_property=large; spatial_context=narrow_corridor; risk_factor=object_motion_risk; selected_frame=17; gt_activity=pushing; human_iou=0.989; object_iou=0.173,17
P028,10,forbes-cafe-2019-01-22_0_image_0_holding_001066_001290_H89_O1.mp4,4,19,23,JRDB,forbes-cafe-2019-01-22_0,0,skateboard/segway/hoverboard,forbes-cafe-2019-01-22_0_image_0_holding_001066_001290_H89_O1.mp4,https://1drv.ms/v/c/e14d2464c52103f1/IQDII4nNsFoBS6jWzA3RfD4KAc-2xhht32Race3IOwhewIE,A man in dark clothing near a counter holds a small skateboard or segway-like object at hand level.,https://1drv.ms/i/c/e14d2464c52103f1/IQAltU6V3g21T6-jVcJyyL0NATfZlx09xGCygfqPlbE24Tc,hold,normal,large,narrow_corridor,none,,,VLM: hold; human_state=normal; object_property=large; spatial_context=narrow_corridor; risk_factor=none; selected_frame=113; gt_activity=holding; human_iou=0.602; object_iou=1.000,113
P029,1,warehouse_1_event_21_plasticbox_0001_carrying_001141_001250.mp4,4,44,16,Hunavsim,Warehouse,1,plasticbox_0001,warehouse_1_event_21_plasticbox_0001_carrying_001141_001250.mp4,https://1drv.ms/v/c/e14d2464c52103f1/IQDBinhNVrAXTae_0Kh7Z5EYASqHmfF6fYmf614SEEP62-4,"A worker in a yellow safety vest or a light uniform carries a plastic storage box beside the white warehouse wall, yellow forklift, stacked pallets, and blue rolling bins.",,,,,,,,,,
P029,2,warehouse_2_event_29_smallbox_0001_lifting_001827_001932.mp4,3,42,55,Hunavsim,Warehouse,2,smallbox_0001,warehouse_2_event_29_smallbox_0001_lifting_001827_001932.mp4,https://1drv.ms/v/c/e14d2464c52103f1/IQCPZrACKH9lQrYtluKYx9HvAWJqiHi6WfuSPonKRPaMTQM,"A person in a white or light gray outfit lifts a small box beside the white warehouse wall, yellow forklift, stacked pallets, and blue rolling bins.",,,,,,,,,,
P029,3,warehouse_3_event_56_trashcan_0001_lifting_002885_002972.mp4,2,43,89,Hunavsim,Warehouse,3,trashcan_0001,warehouse_3_event_56_trashcan_0001_lifting_002885_002972.mp4,https://1drv.ms/v/c/e14d2464c52103f1/IQCSvH0IY5a-Q6Zox_XXD-lZAeo0Erh4wbDDhgjtBqdKLAs,"A worker in a purple shirt and jeans lifts a trash can in the open warehouse aisle near pallet stacks, a yellow forklift, and industrial shelving.",,,,,,,,,,
P029,4,office_1_event_91_largebox_0001_carrying_003885_003932.mp4,1,55,183,Hunavsim,Office,1,largebox_0001,office_1_event_91_largebox_0001_carrying_003885_003932.mp4,https://1drv.ms/v/c/e14d2464c52103f1/IQAoYngm5DsDTIDJMGSnwXnoASHUd6W_RdAc4rpKR0AIn8o,"A person in a white or gray outfit carries a large cardboard box in a meeting-style office with rows of chairs, desks, monitors, and a dark patterned carpet.",,,,,,,,,,
P029,5,warehouse_3_event_57_tripod_0001_lifting_002856_002928.mp4,5,46,91,Hunavsim,Warehouse,3,tripod_0001,warehouse_3_event_57_tripod_0001_lifting_002856_002928.mp4,https://1drv.ms/v/c/e14d2464c52103f1/IQDD4Dh6eGodSbP4fWk3HHGCAY0ygXmaNfRs_eQiFMPPJpo,"A worker in a purple shirt and jeans lifts a tripod in the open warehouse aisle near pallet stacks, a yellow forklift, and industrial shelving.",,,,,,,,,,
P029,6,office_1_event_99_largebox_0002_carrying_004090_004124.mp4,5,56,185,Hunavsim,Office,1,largebox_0002,office_1_event_99_largebox_0002_carrying_004090_004124.mp4,https://1drv.ms/v/c/e14d2464c52103f1/IQBGtwzUcfaqRrdLcPOsniOmAYRxEOMGhbpcr0eEF-evMMI,"A person in a white or gray outfit carries a large cardboard box in a meeting-style office with rows of chairs, desks, monitors, and a dark patterned carpet.",,,,,,,,,,
P029,7,office_1_event_140_monitor_0003_lifting_005263_005309.mp4,2,61,194,Hunavsim,Office,1,monitor_0003,office_1_event_140_monitor_0003_lifting_005263_005309.mp4,https://1drv.ms/v/c/e14d2464c52103f1/IQBmWeaL6_KISKV3OurtNgfjAc9Jvig_OQj064SE-WQc24I,"A person in a pink or light-colored outfit lifts a computer monitor in a bright office room with desks, black chairs, computer monitors, doorway signage, and wall decorations.",,,,,,,,,,
P029,8,hospital_1_event_16_suitcase_0001_kicking_001188_001254.mp4,4,50,115,Hunavsim,Hospital,1,suitcase_0001,hospital_1_event_16_suitcase_0001_kicking_001188_001254.mp4,https://1drv.ms/v/c/e14d2464c52103f1/IQDN3Bxi8pD7RZleNQxtYp_0AVrMX0Ls1Rz86eSBKIvTcX8,"A person in dark clothing near the hospital wall kicks a suitcase in a hospital hallway with windows, yellow railings, benches, and blue storage carts.",,,,,,,,,,
P029,9,svl-meeting-gates-2-2019-04-08_1_image_0_carrying_000798_000834_H27_O65000.mp4,1,38,46,JRDB,svl-meeting-gates-2-2019-04-08_1,0,monitor,svl-meeting-gates-2-2019-04-08_1_image_0_carrying_000798_000834_H27_O65000.mp4,https://1drv.ms/v/c/e14d2464c52103f1/IQDRM1Ha9sLFR5BOB5PEST0uAVyYYhLVsoDkHB0GcqFWWQU,A person in a dark jacket near a hallway doorway carries a monitor at chest height.,https://1drv.ms/i/c/e14d2464c52103f1/IQAI3SMymQnQS4L7ERExb1lkAbmKOkoLDAhROV4dm51CV7k,holding,normal,small,open_space,none,,,VLM: holding; human_state=normal; object_property=small; spatial_context=open_space; risk_factor=none; selected_frame=19; gt_activity=carrying; human_iou=0.000; object_iou=0.000,19
P029,10,forbes-cafe-2019-01-22_0_image_0_holding_001066_001290_H89_O1.mp4,5,19,23,JRDB,forbes-cafe-2019-01-22_0,0,skateboard/segway/hoverboard,forbes-cafe-2019-01-22_0_image_0_holding_001066_001290_H89_O1.mp4,https://1drv.ms/v/c/e14d2464c52103f1/IQDII4nNsFoBS6jWzA3RfD4KAc-2xhht32Race3IOwhewIE,A man in dark clothing near a counter holds a small skateboard or segway-like object at hand level.,https://1drv.ms/i/c/e14d2464c52103f1/IQAltU6V3g21T6-jVcJyyL0NATfZlx09xGCygfqPlbE24Tc,hold,normal,large,narrow_corridor,none,,,VLM: hold; human_state=normal; object_property=large; spatial_context=narrow_corridor; risk_factor=none; selected_frame=113; gt_activity=holding; human_iou=0.602; object_iou=1.000,113
P030,1,warehouse_1_event_21_plasticbox_0001_carrying_001141_001250.mp4,5,44,16,Hunavsim,Warehouse,1,plasticbox_0001,warehouse_1_event_21_plasticbox_0001_carrying_001141_001250.mp4,https://1drv.ms/v/c/e14d2464c52103f1/IQDBinhNVrAXTae_0Kh7Z5EYASqHmfF6fYmf614SEEP62-4,"A worker in a yellow safety vest or a light uniform carries a plastic storage box beside the white warehouse wall, yellow forklift, stacked pallets, and blue rolling bins.",,,,,,,,,,
P030,2,warehouse_2_event_29_smallbox_0001_lifting_001827_001932.mp4,4,42,55,Hunavsim,Warehouse,2,smallbox_0001,warehouse_2_event_29_smallbox_0001_lifting_001827_001932.mp4,https://1drv.ms/v/c/e14d2464c52103f1/IQCPZrACKH9lQrYtluKYx9HvAWJqiHi6WfuSPonKRPaMTQM,"A person in a white or light gray outfit lifts a small box beside the white warehouse wall, yellow forklift, stacked pallets, and blue rolling bins.",,,,,,,,,,
P030,3,warehouse_3_event_56_trashcan_0001_lifting_002885_002972.mp4,3,43,89,Hunavsim,Warehouse,3,trashcan_0001,warehouse_3_event_56_trashcan_0001_lifting_002885_002972.mp4,https://1drv.ms/v/c/e14d2464c52103f1/IQCSvH0IY5a-Q6Zox_XXD-lZAeo0Erh4wbDDhgjtBqdKLAs,"A worker in a purple shirt and jeans lifts a trash can in the open warehouse aisle near pallet stacks, a yellow forklift, and industrial shelving.",,,,,,,,,,
P030,4,office_1_event_91_largebox_0001_carrying_003885_003932.mp4,2,55,183,Hunavsim,Office,1,largebox_0001,office_1_event_91_largebox_0001_carrying_003885_003932.mp4,https://1drv.ms/v/c/e14d2464c52103f1/IQAoYngm5DsDTIDJMGSnwXnoASHUd6W_RdAc4rpKR0AIn8o,"A person in a white or gray outfit carries a large cardboard box in a meeting-style office with rows of chairs, desks, monitors, and a dark patterned carpet.",,,,,,,,,,
P030,5,hospital_1_event_07_tripod_0001_carrying_000583_000623.mp4,1,49,103,Hunavsim,Hospital,1,tripod_0001,hospital_1_event_07_tripod_0001_carrying_000583_000623.mp4,https://1drv.ms/v/c/e14d2464c52103f1/IQDd_KGNpIVUS4dC3ipv9li9AfIal4rwMyNbXm1oe-7trgM,"A person in a dark top and shorts or gray pants carries a tripod in a bright hospital corridor with white walls, blue doors, yellow caution signs, and medical equipment along the wall.",,,,,,,,,,
P030,6,office_1_event_99_largebox_0002_putting_down_004125_004146.mp4,1,56,186,Hunavsim,Office,1,largebox_0002,office_1_event_99_largebox_0002_putting_down_004125_004146.mp4,https://1drv.ms/v/c/e14d2464c52103f1/IQB_VMEqmXjVR7aWWVF5HvJsAaIoght7nB588s9QFk-ItIc,"A person in a white or gray outfit puts down a large cardboard box in a meeting-style office with rows of chairs, desks, monitors, and a dark patterned carpet.",,,,,,,,,,
P030,7,office_1_event_140_monitor_0003_lifting_005263_005309.mp4,3,61,194,Hunavsim,Office,1,monitor_0003,office_1_event_140_monitor_0003_lifting_005263_005309.mp4,https://1drv.ms/v/c/e14d2464c52103f1/IQBmWeaL6_KISKV3OurtNgfjAc9Jvig_OQj064SE-WQc24I,"A person in a pink or light-colored outfit lifts a computer monitor in a bright office room with desks, black chairs, computer monitors, doorway signage, and wall decorations.",,,,,,,,,,
P030,8,hospital_1_event_16_suitcase_0001_kicking_001188_001254.mp4,5,50,115,Hunavsim,Hospital,1,suitcase_0001,hospital_1_event_16_suitcase_0001_kicking_001188_001254.mp4,https://1drv.ms/v/c/e14d2464c52103f1/IQDN3Bxi8pD7RZleNQxtYp_0AVrMX0Ls1Rz86eSBKIvTcX8,"A person in dark clothing near the hospital wall kicks a suitcase in a hospital hallway with windows, yellow railings, benches, and blue storage carts.",,,,,,,,,,
P030,9,svl-meeting-gates-2-2019-04-08_1_image_0_carrying_000798_000834_H27_O65000.mp4,2,38,46,JRDB,svl-meeting-gates-2-2019-04-08_1,0,monitor,svl-meeting-gates-2-2019-04-08_1_image_0_carrying_000798_000834_H27_O65000.mp4,https://1drv.ms/v/c/e14d2464c52103f1/IQDRM1Ha9sLFR5BOB5PEST0uAVyYYhLVsoDkHB0GcqFWWQU,A person in a dark jacket near a hallway doorway carries a monitor at chest height.,https://1drv.ms/i/c/e14d2464c52103f1/IQAI3SMymQnQS4L7ERExb1lkAbmKOkoLDAhROV4dm51CV7k,holding,normal,small,open_space,none,,,VLM: holding; human_state=normal; object_property=small; spatial_context=open_space; risk_factor=none; selected_frame=19; gt_activity=carrying; human_iou=0.000; object_iou=0.000,19
P030,10,gates-foyer-2019-01-17_0_image_0_pushing_merged_000048_000105_H7_O65000.mp4,1,2,2,JRDB,gates-foyer-2019-01-17_0,0,trolley,gates-foyer-2019-01-17_0_image_0_pushing_merged_000048_000105_H7_O65000.mp4,https://1drv.ms/v/c/e14d2464c52103f1/IQDyqm2yMlsmS49fe2geV_m-ARS9OQjXdLz5w7maJ8vff38,A person in a dark top and light pants pushes a small trolley through the foyer near several standing people.,https://1drv.ms/i/c/e14d2464c52103f1/IQDYsSXukhBfTLiO0CwapADAAUOoant9NBebzCms78eU6lk,hold,normal,large,open_space,none,,,VLM: hold; human_state=normal; object_property=large; spatial_context=open_space; risk_factor=none; selected_frame=43; gt_activity=pushing; human_iou=0.867; object_iou=1.000,43
P031,1,warehouse_1_event_21_plasticbox_0001_put_down_001251_001361.mp4,1,44,17,Hunavsim,Warehouse,1,plasticbox_0001,warehouse_1_event_21_plasticbox_0001_put_down_001251_001361.mp4,https://1drv.ms/v/c/e14d2464c52103f1/IQC7fOq6tVEaTLPx0e7vOUgiAcEXt6unmxGld3tgritw4Nk,"A worker in a yellow safety vest or a light uniform puts down a plastic storage box beside the white warehouse wall, yellow forklift, stacked pallets, and blue rolling bins.",,,,,,,,,,
P031,2,warehouse_2_event_29_smallbox_0001_lifting_001827_001932.mp4,5,42,55,Hunavsim,Warehouse,2,smallbox_0001,warehouse_2_event_29_smallbox_0001_lifting_001827_001932.mp4,https://1drv.ms/v/c/e14d2464c52103f1/IQCPZrACKH9lQrYtluKYx9HvAWJqiHi6WfuSPonKRPaMTQM,"A person in a white or light gray outfit lifts a small box beside the white warehouse wall, yellow forklift, stacked pallets, and blue rolling bins.",,,,,,,,,,
P031,3,warehouse_3_event_56_trashcan_0001_lifting_002885_002972.mp4,4,43,89,Hunavsim,Warehouse,3,trashcan_0001,warehouse_3_event_56_trashcan_0001_lifting_002885_002972.mp4,https://1drv.ms/v/c/e14d2464c52103f1/IQCSvH0IY5a-Q6Zox_XXD-lZAeo0Erh4wbDDhgjtBqdKLAs,"A worker in a purple shirt and jeans lifts a trash can in the open warehouse aisle near pallet stacks, a yellow forklift, and industrial shelving.",,,,,,,,,,
P031,4,office_1_event_91_largebox_0001_carrying_003885_003932.mp4,3,55,183,Hunavsim,Office,1,largebox_0001,office_1_event_91_largebox_0001_carrying_003885_003932.mp4,https://1drv.ms/v/c/e14d2464c52103f1/IQAoYngm5DsDTIDJMGSnwXnoASHUd6W_RdAc4rpKR0AIn8o,"A person in a white or gray outfit carries a large cardboard box in a meeting-style office with rows of chairs, desks, monitors, and a dark patterned carpet.",,,,,,,,,,
P031,5,hospital_1_event_07_tripod_0001_carrying_000583_000623.mp4,2,49,103,Hunavsim,Hospital,1,tripod_0001,hospital_1_event_07_tripod_0001_carrying_000583_000623.mp4,https://1drv.ms/v/c/e14d2464c52103f1/IQDd_KGNpIVUS4dC3ipv9li9AfIal4rwMyNbXm1oe-7trgM,"A person in a dark top and shorts or gray pants carries a tripod in a bright hospital corridor with white walls, blue doors, yellow caution signs, and medical equipment along the wall.",,,,,,,,,,
P031,6,office_1_event_99_largebox_0002_putting_down_004125_004146.mp4,2,56,186,Hunavsim,Office,1,largebox_0002,office_1_event_99_largebox_0002_putting_down_004125_004146.mp4,https://1drv.ms/v/c/e14d2464c52103f1/IQB_VMEqmXjVR7aWWVF5HvJsAaIoght7nB588s9QFk-ItIc,"A person in a white or gray outfit puts down a large cardboard box in a meeting-style office with rows of chairs, desks, monitors, and a dark patterned carpet.",,,,,,,,,,
P031,7,office_1_event_140_monitor_0003_lifting_005263_005309.mp4,4,61,194,Hunavsim,Office,1,monitor_0003,office_1_event_140_monitor_0003_lifting_005263_005309.mp4,https://1drv.ms/v/c/e14d2464c52103f1/IQBmWeaL6_KISKV3OurtNgfjAc9Jvig_OQj064SE-WQc24I,"A person in a pink or light-colored outfit lifts a computer monitor in a bright office room with desks, black chairs, computer monitors, doorway signage, and wall decorations.",,,,,,,,,,
P031,8,cubberly-auditorium-2019-04-22_0_image_6_riding_000828_000888_H121_O65000.mp4,1,17,20,JRDB,cubberly-auditorium-2019-04-22_0,6,bicycle/scooter,cubberly-auditorium-2019-04-22_0_image_6_riding_000828_000888_H121_O65000.mp4,https://1drv.ms/v/c/e14d2464c52103f1/IQA9CtJ9BNBuQrhbRCDpNDCHAdKcw45JW35C_QY-hd65ay4,A woman in a patterned jacket rides or stands with a small wheeled bicycle or scooter device near a wall sign.,https://1drv.ms/i/c/e14d2464c52103f1/IQCxJcZQhI3MS4q-kCax4e1sAYrlhAawCex8slo9JnWpKOw,standing behind,normal,small,narrow_corridor,object_motion_risk,,,VLM: standing behind; human_state=normal; object_property=small; spatial_context=narrow_corridor; risk_factor=object_motion_risk; selected_frame=16; gt_activity=riding; human_iou=1.000; object_iou=1.000,16
P031,9,hospital_1_event_35_floorlamp_0001_carrying_003468_003512.mp4,1,53,129,Hunavsim,Hospital,1,floorlamp_0001,hospital_1_event_35_floorlamp_0001_carrying_003468_003512.mp4,https://1drv.ms/v/c/e14d2464c52103f1/IQCbZcl8v1KbRaKhqW9LMCNfAaWGW1Qli06woNEXb4Rb_a8,"A person in patterned pants or dark clothing carries a floor lamp near hospital stairs, blue storage racks, yellow bins, and a wall-mounted medical table.",,,,,,,,,,
P031,10,gates-foyer-2019-01-17_0_image_0_pushing_merged_000048_000105_H7_O65000.mp4,2,2,2,JRDB,gates-foyer-2019-01-17_0,0,trolley,gates-foyer-2019-01-17_0_image_0_pushing_merged_000048_000105_H7_O65000.mp4,https://1drv.ms/v/c/e14d2464c52103f1/IQDyqm2yMlsmS49fe2geV_m-ARS9OQjXdLz5w7maJ8vff38,A person in a dark top and light pants pushes a small trolley through the foyer near several standing people.,https://1drv.ms/i/c/e14d2464c52103f1/IQDYsSXukhBfTLiO0CwapADAAUOoant9NBebzCms78eU6lk,hold,normal,large,open_space,none,,,VLM: hold; human_state=normal; object_property=large; spatial_context=open_space; risk_factor=none; selected_frame=43; gt_activity=pushing; human_iou=0.867; object_iou=1.000,43
P032,1,warehouse_1_event_21_plasticbox_0001_put_down_001251_001361.mp4,2,44,17,Hunavsim,Warehouse,1,plasticbox_0001,warehouse_1_event_21_plasticbox_0001_put_down_001251_001361.mp4,https://1drv.ms/v/c/e14d2464c52103f1/IQC7fOq6tVEaTLPx0e7vOUgiAcEXt6unmxGld3tgritw4Nk,"A worker in a yellow safety vest or a light uniform puts down a plastic storage box beside the white warehouse wall, yellow forklift, stacked pallets, and blue rolling bins.",,,,,,,,,,
P032,2,warehouse_2_event_34_smallbox_0001_carrying_001959_002006.mp4,1,42,57,Hunavsim,Warehouse,2,smallbox_0001,warehouse_2_event_34_smallbox_0001_carrying_001959_002006.mp4,https://1drv.ms/v/c/e14d2464c52103f1/IQCkpsTOT4LERohlJ7Fx7mbPAW_HvZztpU0aVnnY9SLH1es,"A person in a white or light gray outfit carries a small box beside the white warehouse wall, yellow forklift, stacked pallets, and blue rolling bins.",,,,,,,,,,
P032,3,warehouse_3_event_56_trashcan_0001_lifting_002885_002972.mp4,5,43,89,Hunavsim,Warehouse,3,trashcan_0001,warehouse_3_event_56_trashcan_0001_lifting_002885_002972.mp4,https://1drv.ms/v/c/e14d2464c52103f1/IQCSvH0IY5a-Q6Zox_XXD-lZAeo0Erh4wbDDhgjtBqdKLAs,"A worker in a purple shirt and jeans lifts a trash can in the open warehouse aisle near pallet stacks, a yellow forklift, and industrial shelving.",,,,,,,,,,
P032,4,office_1_event_91_largebox_0001_carrying_003885_003932.mp4,4,55,183,Hunavsim,Office,1,largebox_0001,office_1_event_91_largebox_0001_carrying_003885_003932.mp4,https://1drv.ms/v/c/e14d2464c52103f1/IQAoYngm5DsDTIDJMGSnwXnoASHUd6W_RdAc4rpKR0AIn8o,"A person in a white or gray outfit carries a large cardboard box in a meeting-style office with rows of chairs, desks, monitors, and a dark patterned carpet.",,,,,,,,,,
P032,5,hospital_1_event_07_tripod_0001_carrying_000583_000623.mp4,3,49,103,Hunavsim,Hospital,1,tripod_0001,hospital_1_event_07_tripod_0001_carrying_000583_000623.mp4,https://1drv.ms/v/c/e14d2464c52103f1/IQDd_KGNpIVUS4dC3ipv9li9AfIal4rwMyNbXm1oe-7trgM,"A person in a dark top and shorts or gray pants carries a tripod in a bright hospital corridor with white walls, blue doors, yellow caution signs, and medical equipment along the wall.",,,,,,,,,,
P032,6,office_1_event_99_largebox_0002_putting_down_004125_004146.mp4,3,56,186,Hunavsim,Office,1,largebox_0002,office_1_event_99_largebox_0002_putting_down_004125_004146.mp4,https://1drv.ms/v/c/e14d2464c52103f1/IQB_VMEqmXjVR7aWWVF5HvJsAaIoght7nB588s9QFk-ItIc,"A person in a white or gray outfit puts down a large cardboard box in a meeting-style office with rows of chairs, desks, monitors, and a dark patterned carpet.",,,,,,,,,,
P032,7,office_1_event_140_monitor_0003_lifting_005263_005309.mp4,5,61,194,Hunavsim,Office,1,monitor_0003,office_1_event_140_monitor_0003_lifting_005263_005309.mp4,https://1drv.ms/v/c/e14d2464c52103f1/IQBmWeaL6_KISKV3OurtNgfjAc9Jvig_OQj064SE-WQc24I,"A person in a pink or light-colored outfit lifts a computer monitor in a bright office room with desks, black chairs, computer monitors, doorway signage, and wall decorations.",,,,,,,,,,
P032,8,cubberly-auditorium-2019-04-22_0_image_6_riding_000828_000888_H121_O65000.mp4,2,17,20,JRDB,cubberly-auditorium-2019-04-22_0,6,bicycle/scooter,cubberly-auditorium-2019-04-22_0_image_6_riding_000828_000888_H121_O65000.mp4,https://1drv.ms/v/c/e14d2464c52103f1/IQA9CtJ9BNBuQrhbRCDpNDCHAdKcw45JW35C_QY-hd65ay4,A woman in a patterned jacket rides or stands with a small wheeled bicycle or scooter device near a wall sign.,https://1drv.ms/i/c/e14d2464c52103f1/IQCxJcZQhI3MS4q-kCax4e1sAYrlhAawCex8slo9JnWpKOw,standing behind,normal,small,narrow_corridor,object_motion_risk,,,VLM: standing behind; human_state=normal; object_property=small; spatial_context=narrow_corridor; risk_factor=object_motion_risk; selected_frame=16; gt_activity=riding; human_iou=1.000; object_iou=1.000,16
P032,9,hospital_1_event_35_floorlamp_0001_carrying_003468_003512.mp4,2,53,129,Hunavsim,Hospital,1,floorlamp_0001,hospital_1_event_35_floorlamp_0001_carrying_003468_003512.mp4,https://1drv.ms/v/c/e14d2464c52103f1/IQCbZcl8v1KbRaKhqW9LMCNfAaWGW1Qli06woNEXb4Rb_a8,"A person in patterned pants or dark clothing carries a floor lamp near hospital stairs, blue storage racks, yellow bins, and a wall-mounted medical table.",,,,,,,,,,
P032,10,gates-foyer-2019-01-17_0_image_0_pushing_merged_000048_000105_H7_O65000.mp4,3,2,2,JRDB,gates-foyer-2019-01-17_0,0,trolley,gates-foyer-2019-01-17_0_image_0_pushing_merged_000048_000105_H7_O65000.mp4,https://1drv.ms/v/c/e14d2464c52103f1/IQDyqm2yMlsmS49fe2geV_m-ARS9OQjXdLz5w7maJ8vff38,A person in a dark top and light pants pushes a small trolley through the foyer near several standing people.,https://1drv.ms/i/c/e14d2464c52103f1/IQDYsSXukhBfTLiO0CwapADAAUOoant9NBebzCms78eU6lk,hold,normal,large,open_space,none,,,VLM: hold; human_state=normal; object_property=large; spatial_context=open_space; risk_factor=none; selected_frame=43; gt_activity=pushing; human_iou=0.867; object_iou=1.000,43
P033,1,warehouse_1_event_21_plasticbox_0001_put_down_001251_001361.mp4,3,44,17,Hunavsim,Warehouse,1,plasticbox_0001,warehouse_1_event_21_plasticbox_0001_put_down_001251_001361.mp4,https://1drv.ms/v/c/e14d2464c52103f1/IQC7fOq6tVEaTLPx0e7vOUgiAcEXt6unmxGld3tgritw4Nk,"A worker in a yellow safety vest or a light uniform puts down a plastic storage box beside the white warehouse wall, yellow forklift, stacked pallets, and blue rolling bins.",,,,,,,,,,
P033,2,warehouse_2_event_34_smallbox_0001_carrying_001959_002006.mp4,2,42,57,Hunavsim,Warehouse,2,smallbox_0001,warehouse_2_event_34_smallbox_0001_carrying_001959_002006.mp4,https://1drv.ms/v/c/e14d2464c52103f1/IQCkpsTOT4LERohlJ7Fx7mbPAW_HvZztpU0aVnnY9SLH1es,"A person in a white or light gray outfit carries a small box beside the white warehouse wall, yellow forklift, stacked pallets, and blue rolling bins.",,,,,,,,,,
P033,3,warehouse_1_event_08_largebox_0002_lift_000245_000262.mp4,1,45,6,Hunavsim,Warehouse,1,largebox_0002,warehouse_1_event_08_largebox_0002_lift_000245_000262.mp4,https://1drv.ms/v/c/e14d2464c52103f1/IQB1F7I75emiRIQjgUXqecDEAXbZbltY8QNSY7OlDjcL_kw,"A person in a dark outfit or purple pants lifts a large cardboard box in a yellow-and-white warehouse with a forklift, blue bins, pallets, and tall metal racks.",,,,,,,,,,
P033,4,office_1_event_91_largebox_0001_carrying_003885_003932.mp4,5,55,183,Hunavsim,Office,1,largebox_0001,office_1_event_91_largebox_0001_carrying_003885_003932.mp4,https://1drv.ms/v/c/e14d2464c52103f1/IQAoYngm5DsDTIDJMGSnwXnoASHUd6W_RdAc4rpKR0AIn8o,"A person in a white or gray outfit carries a large cardboard box in a meeting-style office with rows of chairs, desks, monitors, and a dark patterned carpet.",,,,,,,,,,
P033,5,hospital_1_event_07_tripod_0001_carrying_000583_000623.mp4,4,49,103,Hunavsim,Hospital,1,tripod_0001,hospital_1_event_07_tripod_0001_carrying_000583_000623.mp4,https://1drv.ms/v/c/e14d2464c52103f1/IQDd_KGNpIVUS4dC3ipv9li9AfIal4rwMyNbXm1oe-7trgM,"A person in a dark top and shorts or gray pants carries a tripod in a bright hospital corridor with white walls, blue doors, yellow caution signs, and medical equipment along the wall.",,,,,,,,,,
P033,6,office_1_event_99_largebox_0002_putting_down_004125_004146.mp4,4,56,186,Hunavsim,Office,1,largebox_0002,office_1_event_99_largebox_0002_putting_down_004125_004146.mp4,https://1drv.ms/v/c/e14d2464c52103f1/IQB_VMEqmXjVR7aWWVF5HvJsAaIoght7nB588s9QFk-ItIc,"A person in a white or gray outfit puts down a large cardboard box in a meeting-style office with rows of chairs, desks, monitors, and a dark patterned carpet.",,,,,,,,,,
P033,7,office_1_event_140_monitor_0003_putting_down_005310_005352.mp4,1,61,195,Hunavsim,Office,1,monitor_0003,office_1_event_140_monitor_0003_putting_down_005310_005352.mp4,https://1drv.ms/v/c/e14d2464c52103f1/IQBdrKcnqBH1S6p4kCkdcM-rAQAX97VpgD4jWU1-fdxW0H0,"A person in a pink or light-colored outfit puts down a computer monitor in a bright office room with desks, black chairs, computer monitors, doorway signage, and wall decorations.",,,,,,,,,,
P033,8,cubberly-auditorium-2019-04-22_0_image_6_riding_000828_000888_H121_O65000.mp4,3,17,20,JRDB,cubberly-auditorium-2019-04-22_0,6,bicycle/scooter,cubberly-auditorium-2019-04-22_0_image_6_riding_000828_000888_H121_O65000.mp4,https://1drv.ms/v/c/e14d2464c52103f1/IQA9CtJ9BNBuQrhbRCDpNDCHAdKcw45JW35C_QY-hd65ay4,A woman in a patterned jacket rides or stands with a small wheeled bicycle or scooter device near a wall sign.,https://1drv.ms/i/c/e14d2464c52103f1/IQCxJcZQhI3MS4q-kCax4e1sAYrlhAawCex8slo9JnWpKOw,standing behind,normal,small,narrow_corridor,object_motion_risk,,,VLM: standing behind; human_state=normal; object_property=small; spatial_context=narrow_corridor; risk_factor=object_motion_risk; selected_frame=16; gt_activity=riding; human_iou=1.000; object_iou=1.000,16
P033,9,hospital_1_event_35_floorlamp_0001_carrying_003468_003512.mp4,3,53,129,Hunavsim,Hospital,1,floorlamp_0001,hospital_1_event_35_floorlamp_0001_carrying_003468_003512.mp4,https://1drv.ms/v/c/e14d2464c52103f1/IQCbZcl8v1KbRaKhqW9LMCNfAaWGW1Qli06woNEXb4Rb_a8,"A person in patterned pants or dark clothing carries a floor lamp near hospital stairs, blue storage racks, yellow bins, and a wall-mounted medical table.",,,,,,,,,,
P033,10,gates-foyer-2019-01-17_0_image_0_pushing_merged_000048_000105_H7_O65000.mp4,4,2,2,JRDB,gates-foyer-2019-01-17_0,0,trolley,gates-foyer-2019-01-17_0_image_0_pushing_merged_000048_000105_H7_O65000.mp4,https://1drv.ms/v/c/e14d2464c52103f1/IQDyqm2yMlsmS49fe2geV_m-ARS9OQjXdLz5w7maJ8vff38,A person in a dark top and light pants pushes a small trolley through the foyer near several standing people.,https://1drv.ms/i/c/e14d2464c52103f1/IQDYsSXukhBfTLiO0CwapADAAUOoant9NBebzCms78eU6lk,hold,normal,large,open_space,none,,,VLM: hold; human_state=normal; object_property=large; spatial_context=open_space; risk_factor=none; selected_frame=43; gt_activity=pushing; human_iou=0.867; object_iou=1.000,43
P034,1,warehouse_1_event_21_plasticbox_0001_put_down_001251_001361.mp4,4,44,17,Hunavsim,Warehouse,1,plasticbox_0001,warehouse_1_event_21_plasticbox_0001_put_down_001251_001361.mp4,https://1drv.ms/v/c/e14d2464c52103f1/IQC7fOq6tVEaTLPx0e7vOUgiAcEXt6unmxGld3tgritw4Nk,"A worker in a yellow safety vest or a light uniform puts down a plastic storage box beside the white warehouse wall, yellow forklift, stacked pallets, and blue rolling bins.",,,,,,,,,,
P034,2,warehouse_2_event_34_smallbox_0001_carrying_001959_002006.mp4,3,42,57,Hunavsim,Warehouse,2,smallbox_0001,warehouse_2_event_34_smallbox_0001_carrying_001959_002006.mp4,https://1drv.ms/v/c/e14d2464c52103f1/IQCkpsTOT4LERohlJ7Fx7mbPAW_HvZztpU0aVnnY9SLH1es,"A person in a white or light gray outfit carries a small box beside the white warehouse wall, yellow forklift, stacked pallets, and blue rolling bins.",,,,,,,,,,
P034,3,warehouse_1_event_08_largebox_0002_lift_000245_000262.mp4,2,45,6,Hunavsim,Warehouse,1,largebox_0002,warehouse_1_event_08_largebox_0002_lift_000245_000262.mp4,https://1drv.ms/v/c/e14d2464c52103f1/IQB1F7I75emiRIQjgUXqecDEAXbZbltY8QNSY7OlDjcL_kw,"A person in a dark outfit or purple pants lifts a large cardboard box in a yellow-and-white warehouse with a forklift, blue bins, pallets, and tall metal racks.",,,,,,,,,,
P034,4,office_1_event_100_largebox_0001_carrying_004064_004113.mp4,1,55,187,Hunavsim,Office,1,largebox_0001,office_1_event_100_largebox_0001_carrying_004064_004113.mp4,https://1drv.ms/v/c/e14d2464c52103f1/IQBYXDimEtNMTIG4mST9fBTfAe73hefk2mXmL-jnQQcT2aM,"A person in a white or gray outfit carries a large cardboard box in a meeting-style office with rows of chairs, desks, monitors, and a dark patterned carpet.",,,,,,,,,,
P034,5,hospital_1_event_07_tripod_0001_carrying_000583_000623.mp4,5,49,103,Hunavsim,Hospital,1,tripod_0001,hospital_1_event_07_tripod_0001_carrying_000583_000623.mp4,https://1drv.ms/v/c/e14d2464c52103f1/IQDd_KGNpIVUS4dC3ipv9li9AfIal4rwMyNbXm1oe-7trgM,"A person in a dark top and shorts or gray pants carries a tripod in a bright hospital corridor with white walls, blue doors, yellow caution signs, and medical equipment along the wall.",,,,,,,,,,
P034,6,office_1_event_99_largebox_0002_putting_down_004125_004146.mp4,5,56,186,Hunavsim,Office,1,largebox_0002,office_1_event_99_largebox_0002_putting_down_004125_004146.mp4,https://1drv.ms/v/c/e14d2464c52103f1/IQB_VMEqmXjVR7aWWVF5HvJsAaIoght7nB588s9QFk-ItIc,"A person in a white or gray outfit puts down a large cardboard box in a meeting-style office with rows of chairs, desks, monitors, and a dark patterned carpet.",,,,,,,,,,
P034,7,office_1_event_140_monitor_0003_putting_down_005310_005352.mp4,2,61,195,Hunavsim,Office,1,monitor_0003,office_1_event_140_monitor_0003_putting_down_005310_005352.mp4,https://1drv.ms/v/c/e14d2464c52103f1/IQBdrKcnqBH1S6p4kCkdcM-rAQAX97VpgD4jWU1-fdxW0H0,"A person in a pink or light-colored outfit puts down a computer monitor in a bright office room with desks, black chairs, computer monitors, doorway signage, and wall decorations.",,,,,,,,,,
P034,8,cubberly-auditorium-2019-04-22_0_image_6_riding_000828_000888_H121_O65000.mp4,4,17,20,JRDB,cubberly-auditorium-2019-04-22_0,6,bicycle/scooter,cubberly-auditorium-2019-04-22_0_image_6_riding_000828_000888_H121_O65000.mp4,https://1drv.ms/v/c/e14d2464c52103f1/IQA9CtJ9BNBuQrhbRCDpNDCHAdKcw45JW35C_QY-hd65ay4,A woman in a patterned jacket rides or stands with a small wheeled bicycle or scooter device near a wall sign.,https://1drv.ms/i/c/e14d2464c52103f1/IQCxJcZQhI3MS4q-kCax4e1sAYrlhAawCex8slo9JnWpKOw,standing behind,normal,small,narrow_corridor,object_motion_risk,,,VLM: standing behind; human_state=normal; object_property=small; spatial_context=narrow_corridor; risk_factor=object_motion_risk; selected_frame=16; gt_activity=riding; human_iou=1.000; object_iou=1.000,16
P034,9,hospital_1_event_35_floorlamp_0001_carrying_003468_003512.mp4,4,53,129,Hunavsim,Hospital,1,floorlamp_0001,hospital_1_event_35_floorlamp_0001_carrying_003468_003512.mp4,https://1drv.ms/v/c/e14d2464c52103f1/IQCbZcl8v1KbRaKhqW9LMCNfAaWGW1Qli06woNEXb4Rb_a8,"A person in patterned pants or dark clothing carries a floor lamp near hospital stairs, blue storage racks, yellow bins, and a wall-mounted medical table.",,,,,,,,,,
P034,10,gates-foyer-2019-01-17_0_image_0_pushing_merged_000048_000105_H7_O65000.mp4,5,2,2,JRDB,gates-foyer-2019-01-17_0,0,trolley,gates-foyer-2019-01-17_0_image_0_pushing_merged_000048_000105_H7_O65000.mp4,https://1drv.ms/v/c/e14d2464c52103f1/IQDyqm2yMlsmS49fe2geV_m-ARS9OQjXdLz5w7maJ8vff38,A person in a dark top and light pants pushes a small trolley through the foyer near several standing people.,https://1drv.ms/i/c/e14d2464c52103f1/IQDYsSXukhBfTLiO0CwapADAAUOoant9NBebzCms78eU6lk,hold,normal,large,open_space,none,,,VLM: hold; human_state=normal; object_property=large; spatial_context=open_space; risk_factor=none; selected_frame=43; gt_activity=pushing; human_iou=0.867; object_iou=1.000,43
P035,1,warehouse_1_event_21_plasticbox_0001_put_down_001251_001361.mp4,5,44,17,Hunavsim,Warehouse,1,plasticbox_0001,warehouse_1_event_21_plasticbox_0001_put_down_001251_001361.mp4,https://1drv.ms/v/c/e14d2464c52103f1/IQC7fOq6tVEaTLPx0e7vOUgiAcEXt6unmxGld3tgritw4Nk,"A worker in a yellow safety vest or a light uniform puts down a plastic storage box beside the white warehouse wall, yellow forklift, stacked pallets, and blue rolling bins.",,,,,,,,,,
P035,2,warehouse_2_event_34_smallbox_0001_carrying_001959_002006.mp4,4,42,57,Hunavsim,Warehouse,2,smallbox_0001,warehouse_2_event_34_smallbox_0001_carrying_001959_002006.mp4,https://1drv.ms/v/c/e14d2464c52103f1/IQCkpsTOT4LERohlJ7Fx7mbPAW_HvZztpU0aVnnY9SLH1es,"A person in a white or light gray outfit carries a small box beside the white warehouse wall, yellow forklift, stacked pallets, and blue rolling bins.",,,,,,,,,,
P035,3,warehouse_1_event_08_largebox_0002_lift_000245_000262.mp4,3,45,6,Hunavsim,Warehouse,1,largebox_0002,warehouse_1_event_08_largebox_0002_lift_000245_000262.mp4,https://1drv.ms/v/c/e14d2464c52103f1/IQB1F7I75emiRIQjgUXqecDEAXbZbltY8QNSY7OlDjcL_kw,"A person in a dark outfit or purple pants lifts a large cardboard box in a yellow-and-white warehouse with a forklift, blue bins, pallets, and tall metal racks.",,,,,,,,,,
P035,4,office_1_event_100_largebox_0001_carrying_004064_004113.mp4,2,55,187,Hunavsim,Office,1,largebox_0001,office_1_event_100_largebox_0001_carrying_004064_004113.mp4,https://1drv.ms/v/c/e14d2464c52103f1/IQBYXDimEtNMTIG4mST9fBTfAe73hefk2mXmL-jnQQcT2aM,"A person in a white or gray outfit carries a large cardboard box in a meeting-style office with rows of chairs, desks, monitors, and a dark patterned carpet.",,,,,,,,,,
P035,5,hospital_1_event_07_tripod_0001_putting_down_000624_000654.mp4,1,49,104,Hunavsim,Hospital,1,tripod_0001,hospital_1_event_07_tripod_0001_putting_down_000624_000654.mp4,https://1drv.ms/v/c/e14d2464c52103f1/IQBIHPb5-abNR6r2z5FB3XOCAS4cjfho9E2x75uwvX7Cz70,"A person in a dark top and shorts or gray pants puts down a tripod in a bright hospital corridor with white walls, blue doors, yellow caution signs, and medical equipment along the wall.",,,,,,,,,,
P035,6,hospital_1_event_26_largetable_0001_putting_down_002505_002529.mp4,1,51,125,Hunavsim,Hospital,1,largetable_0001,hospital_1_event_26_largetable_0001_putting_down_002505_002529.mp4,https://1drv.ms/v/c/e14d2464c52103f1/IQAVMgLu99EuS4sJ-Bsd0-11AV_L3PklD_3r_SDeuBvD-Rc,"A person in gray pants near another dark-clothed person puts down a large table in a hospital hallway with windows, yellow railings, benches, and blue storage carts.",,,,,,,,,,
P035,7,office_1_event_11_clothesstand_0001_lifting_001007_001068.mp4,5,54,143,Hunavsim,Office,1,clothesstand_0001,office_1_event_11_clothesstand_0001_lifting_001007_001068.mp4,https://1drv.ms/v/c/e14d2464c52103f1/IQCMK2tRcdIHTJt2VCPl000pAYKvbewkC77R2wqDKxUiXys,"A person in dark clothing lifts a clothes stand in an office lobby with a long table, monitors, large windows, potted plants, and patterned carpet.",,,,,,,,,,
P035,8,office_1_event_56_smalltable_0001_putting_down_002628_002664.mp4,4,65,168,Hunavsim,Office,1,smalltable_0001,office_1_event_56_smalltable_0001_putting_down_002628_002664.mp4,https://1drv.ms/v/c/e14d2464c52103f1/IQA3hCFixyXGSasuu7V35MEIAddYI8U1X7PnQ0AO9eDpu0c,"A person in a white or gray outfit puts down a small table in a meeting-style office with rows of chairs, desks, monitors, and a dark patterned carpet.",,,,,,,,,,
P035,9,svl-meeting-gates-2-2019-04-08_1_image_0_carrying_000798_000834_H27_O65000.mp4,3,38,46,JRDB,svl-meeting-gates-2-2019-04-08_1,0,monitor,svl-meeting-gates-2-2019-04-08_1_image_0_carrying_000798_000834_H27_O65000.mp4,https://1drv.ms/v/c/e14d2464c52103f1/IQDRM1Ha9sLFR5BOB5PEST0uAVyYYhLVsoDkHB0GcqFWWQU,A person in a dark jacket near a hallway doorway carries a monitor at chest height.,https://1drv.ms/i/c/e14d2464c52103f1/IQAI3SMymQnQS4L7ERExb1lkAbmKOkoLDAhROV4dm51CV7k,holding,normal,small,open_space,none,,,VLM: holding; human_state=normal; object_property=small; spatial_context=open_space; risk_factor=none; selected_frame=19; gt_activity=carrying; human_iou=0.000; object_iou=0.000,19
P035,10,gates-159-group-meeting-2019-04-03_0_image_0_carrying_000000_000030_H2_O1.mp4,1,20,24,JRDB,gates-159-group-meeting-2019-04-03_0,0,machines,gates-159-group-meeting-2019-04-03_0_image_0_carrying_000000_000030_H2_O1.mp4,https://1drv.ms/v/c/e14d2464c52103f1/IQAv-HhVjcAUT6iR_y57A_fWAZF3yAfCctL-yTV4UFFzI4U,A man in a black shirt at a meeting table carries a small machine-like item near the right-side table area.,https://1drv.ms/i/c/e14d2464c52103f1/IQDJP6aLHMRZSqY8qiEwyT3NAVXzqveqZPdgywjE13cRf_E,hold,normal,large,open_space,object_motion_risk,,,VLM: hold; human_state=normal; object_property=large; spatial_context=open_space; risk_factor=object_motion_risk; selected_frame=9; gt_activity=carrying; human_iou=0.522; object_iou=0.732,9
P036,1,warehouse_1_event_21_plasticbox_0001_kicking_001362_001392.mp4,1,44,18,Hunavsim,Warehouse,1,plasticbox_0001,warehouse_1_event_21_plasticbox_0001_kicking_001362_001392.mp4,https://1drv.ms/v/c/e14d2464c52103f1/IQABGFHAgNVPToG0yUVa6IyQAVg3LU8DTiQaKnIoqX_TsB0,"A worker in a yellow safety vest or a light uniform kicks a plastic storage box beside the white warehouse wall, yellow forklift, stacked pallets, and blue rolling bins.",,,,,,,,,,
P036,2,warehouse_2_event_34_smallbox_0001_carrying_001959_002006.mp4,5,42,57,Hunavsim,Warehouse,2,smallbox_0001,warehouse_2_event_34_smallbox_0001_carrying_001959_002006.mp4,https://1drv.ms/v/c/e14d2464c52103f1/IQCkpsTOT4LERohlJ7Fx7mbPAW_HvZztpU0aVnnY9SLH1es,"A person in a white or light gray outfit carries a small box beside the white warehouse wall, yellow forklift, stacked pallets, and blue rolling bins.",,,,,,,,,,
P036,3,warehouse_1_event_08_largebox_0002_lift_000245_000262.mp4,4,45,6,Hunavsim,Warehouse,1,largebox_0002,warehouse_1_event_08_largebox_0002_lift_000245_000262.mp4,https://1drv.ms/v/c/e14d2464c52103f1/IQB1F7I75emiRIQjgUXqecDEAXbZbltY8QNSY7OlDjcL_kw,"A person in a dark outfit or purple pants lifts a large cardboard box in a yellow-and-white warehouse with a forklift, blue bins, pallets, and tall metal racks.",,,,,,,,,,
P036,4,office_1_event_100_largebox_0001_carrying_004064_004113.mp4,3,55,187,Hunavsim,Office,1,largebox_0001,office_1_event_100_largebox_0001_carrying_004064_004113.mp4,https://1drv.ms/v/c/e14d2464c52103f1/IQBYXDimEtNMTIG4mST9fBTfAe73hefk2mXmL-jnQQcT2aM,"A person in a white or gray outfit carries a large cardboard box in a meeting-style office with rows of chairs, desks, monitors, and a dark patterned carpet.",,,,,,,,,,
P036,5,hospital_1_event_07_tripod_0001_putting_down_000624_000654.mp4,2,49,104,Hunavsim,Hospital,1,tripod_0001,hospital_1_event_07_tripod_0001_putting_down_000624_000654.mp4,https://1drv.ms/v/c/e14d2464c52103f1/IQBIHPb5-abNR6r2z5FB3XOCAS4cjfho9E2x75uwvX7Cz70,"A person in a dark top and shorts or gray pants puts down a tripod in a bright hospital corridor with white walls, blue doors, yellow caution signs, and medical equipment along the wall.",,,,,,,,,,
P036,6,hospital_1_event_26_largetable_0001_putting_down_002505_002529.mp4,2,51,125,Hunavsim,Hospital,1,largetable_0001,hospital_1_event_26_largetable_0001_putting_down_002505_002529.mp4,https://1drv.ms/v/c/e14d2464c52103f1/IQAVMgLu99EuS4sJ-Bsd0-11AV_L3PklD_3r_SDeuBvD-Rc,"A person in gray pants near another dark-clothed person puts down a large table in a hospital hallway with windows, yellow railings, benches, and blue storage carts.",,,,,,,,,,
P036,7,office_1_event_11_clothesstand_0001_putting_down_001069_001109.mp4,1,54,144,Hunavsim,Office,1,clothesstand_0001,office_1_event_11_clothesstand_0001_putting_down_001069_001109.mp4,https://1drv.ms/v/c/e14d2464c52103f1/IQBS96pW-Uw-R58jW5-Lv3pPAVbZCR4AeY1himTfIKt9nsE,"A person in dark clothing puts down a clothes stand in an office lobby with a long table, monitors, large windows, potted plants, and patterned carpet.",,,,,,,,,,
P036,8,office_1_event_56_smalltable_0001_putting_down_002628_002664.mp4,5,65,168,Hunavsim,Office,1,smalltable_0001,office_1_event_56_smalltable_0001_putting_down_002628_002664.mp4,https://1drv.ms/v/c/e14d2464c52103f1/IQA3hCFixyXGSasuu7V35MEIAddYI8U1X7PnQ0AO9eDpu0c,"A person in a white or gray outfit puts down a small table in a meeting-style office with rows of chairs, desks, monitors, and a dark patterned carpet.",,,,,,,,,,
P036,9,svl-meeting-gates-2-2019-04-08_1_image_0_carrying_000798_000834_H27_O65000.mp4,4,38,46,JRDB,svl-meeting-gates-2-2019-04-08_1,0,monitor,svl-meeting-gates-2-2019-04-08_1_image_0_carrying_000798_000834_H27_O65000.mp4,https://1drv.ms/v/c/e14d2464c52103f1/IQDRM1Ha9sLFR5BOB5PEST0uAVyYYhLVsoDkHB0GcqFWWQU,A person in a dark jacket near a hallway doorway carries a monitor at chest height.,https://1drv.ms/i/c/e14d2464c52103f1/IQAI3SMymQnQS4L7ERExb1lkAbmKOkoLDAhROV4dm51CV7k,holding,normal,small,open_space,none,,,VLM: holding; human_state=normal; object_property=small; spatial_context=open_space; risk_factor=none; selected_frame=19; gt_activity=carrying; human_iou=0.000; object_iou=0.000,19
P036,10,gates-159-group-meeting-2019-04-03_0_image_0_carrying_000000_000030_H2_O1.mp4,2,20,24,JRDB,gates-159-group-meeting-2019-04-03_0,0,machines,gates-159-group-meeting-2019-04-03_0_image_0_carrying_000000_000030_H2_O1.mp4,https://1drv.ms/v/c/e14d2464c52103f1/IQAv-HhVjcAUT6iR_y57A_fWAZF3yAfCctL-yTV4UFFzI4U,A man in a black shirt at a meeting table carries a small machine-like item near the right-side table area.,https://1drv.ms/i/c/e14d2464c52103f1/IQDJP6aLHMRZSqY8qiEwyT3NAVXzqveqZPdgywjE13cRf_E,hold,normal,large,open_space,object_motion_risk,,,VLM: hold; human_state=normal; object_property=large; spatial_context=open_space; risk_factor=object_motion_risk; selected_frame=9; gt_activity=carrying; human_iou=0.522; object_iou=0.732,9
P037,1,warehouse_1_event_21_plasticbox_0001_kicking_001362_001392.mp4,2,44,18,Hunavsim,Warehouse,1,plasticbox_0001,warehouse_1_event_21_plasticbox_0001_kicking_001362_001392.mp4,https://1drv.ms/v/c/e14d2464c52103f1/IQABGFHAgNVPToG0yUVa6IyQAVg3LU8DTiQaKnIoqX_TsB0,"A worker in a yellow safety vest or a light uniform kicks a plastic storage box beside the white warehouse wall, yellow forklift, stacked pallets, and blue rolling bins.",,,,,,,,,,
P037,2,warehouse_3_event_11_smallbox_0001_carrying_000801_000905.mp4,1,42,65,Hunavsim,Warehouse,3,smallbox_0001,warehouse_3_event_11_smallbox_0001_carrying_000801_000905.mp4,https://1drv.ms/v/c/e14d2464c52103f1/IQBFY61LIznoQ7SP7meMorGAAV4x5TPyPY8mXKeG1eh2pp8,"A worker in a yellow safety vest or a light uniform carries a small box in a yellow-and-white warehouse with a forklift, blue bins, pallets, and tall metal racks.",,,,,,,,,,
P037,3,warehouse_1_event_08_largebox_0002_lift_000245_000262.mp4,5,45,6,Hunavsim,Warehouse,1,largebox_0002,warehouse_1_event_08_largebox_0002_lift_000245_000262.mp4,https://1drv.ms/v/c/e14d2464c52103f1/IQB1F7I75emiRIQjgUXqecDEAXbZbltY8QNSY7OlDjcL_kw,"A person in a dark outfit or purple pants lifts a large cardboard box in a yellow-and-white warehouse with a forklift, blue bins, pallets, and tall metal racks.",,,,,,,,,,
P037,4,office_1_event_100_largebox_0001_carrying_004064_004113.mp4,4,55,187,Hunavsim,Office,1,largebox_0001,office_1_event_100_largebox_0001_carrying_004064_004113.mp4,https://1drv.ms/v/c/e14d2464c52103f1/IQBYXDimEtNMTIG4mST9fBTfAe73hefk2mXmL-jnQQcT2aM,"A person in a white or gray outfit carries a large cardboard box in a meeting-style office with rows of chairs, desks, monitors, and a dark patterned carpet.",,,,,,,,,,
P037,5,hospital_1_event_07_tripod_0001_putting_down_000624_000654.mp4,3,49,104,Hunavsim,Hospital,1,tripod_0001,hospital_1_event_07_tripod_0001_putting_down_000624_000654.mp4,https://1drv.ms/v/c/e14d2464c52103f1/IQBIHPb5-abNR6r2z5FB3XOCAS4cjfho9E2x75uwvX7Cz70,"A person in a dark top and shorts or gray pants puts down a tripod in a bright hospital corridor with white walls, blue doors, yellow caution signs, and medical equipment along the wall.",,,,,,,,,,
P037,6,hospital_1_event_26_largetable_0001_putting_down_002505_002529.mp4,3,51,125,Hunavsim,Hospital,1,largetable_0001,hospital_1_event_26_largetable_0001_putting_down_002505_002529.mp4,https://1drv.ms/v/c/e14d2464c52103f1/IQAVMgLu99EuS4sJ-Bsd0-11AV_L3PklD_3r_SDeuBvD-Rc,"A person in gray pants near another dark-clothed person puts down a large table in a hospital hallway with windows, yellow railings, benches, and blue storage carts.",,,,,,,,,,
P037,7,office_1_event_11_clothesstand_0001_putting_down_001069_001109.mp4,2,54,144,Hunavsim,Office,1,clothesstand_0001,office_1_event_11_clothesstand_0001_putting_down_001069_001109.mp4,https://1drv.ms/v/c/e14d2464c52103f1/IQBS96pW-Uw-R58jW5-Lv3pPAVbZCR4AeY1himTfIKt9nsE,"A person in dark clothing puts down a clothes stand in an office lobby with a long table, monitors, large windows, potted plants, and patterned carpet.",,,,,,,,,,
P037,8,office_1_event_56_smalltable_0001_lifting_002665_002705.mp4,1,65,169,Hunavsim,Office,1,smalltable_0001,office_1_event_56_smalltable_0001_lifting_002665_002705.mp4,https://1drv.ms/v/c/e14d2464c52103f1/IQDjTXg4FhjgTbVPAk3gDX9hAdbEQF-0TrGWPVscMJHNZ6s,"A person in a white or gray outfit lifts a small table in a meeting-style office with rows of chairs, desks, monitors, and a dark patterned carpet.",,,,,,,,,,
P037,9,svl-meeting-gates-2-2019-04-08_1_image_0_carrying_000798_000834_H27_O65000.mp4,5,38,46,JRDB,svl-meeting-gates-2-2019-04-08_1,0,monitor,svl-meeting-gates-2-2019-04-08_1_image_0_carrying_000798_000834_H27_O65000.mp4,https://1drv.ms/v/c/e14d2464c52103f1/IQDRM1Ha9sLFR5BOB5PEST0uAVyYYhLVsoDkHB0GcqFWWQU,A person in a dark jacket near a hallway doorway carries a monitor at chest height.,https://1drv.ms/i/c/e14d2464c52103f1/IQAI3SMymQnQS4L7ERExb1lkAbmKOkoLDAhROV4dm51CV7k,holding,normal,small,open_space,none,,,VLM: holding; human_state=normal; object_property=small; spatial_context=open_space; risk_factor=none; selected_frame=19; gt_activity=carrying; human_iou=0.000; object_iou=0.000,19
P037,10,gates-159-group-meeting-2019-04-03_0_image_0_carrying_000000_000030_H2_O1.mp4,3,20,24,JRDB,gates-159-group-meeting-2019-04-03_0,0,machines,gates-159-group-meeting-2019-04-03_0_image_0_carrying_000000_000030_H2_O1.mp4,https://1drv.ms/v/c/e14d2464c52103f1/IQAv-HhVjcAUT6iR_y57A_fWAZF3yAfCctL-yTV4UFFzI4U,A man in a black shirt at a meeting table carries a small machine-like item near the right-side table area.,https://1drv.ms/i/c/e14d2464c52103f1/IQDJP6aLHMRZSqY8qiEwyT3NAVXzqveqZPdgywjE13cRf_E,hold,normal,large,open_space,object_motion_risk,,,VLM: hold; human_state=normal; object_property=large; spatial_context=open_space; risk_factor=object_motion_risk; selected_frame=9; gt_activity=carrying; human_iou=0.522; object_iou=0.732,9
P038,1,warehouse_1_event_21_plasticbox_0001_kicking_001362_001392.mp4,3,44,18,Hunavsim,Warehouse,1,plasticbox_0001,warehouse_1_event_21_plasticbox_0001_kicking_001362_001392.mp4,https://1drv.ms/v/c/e14d2464c52103f1/IQABGFHAgNVPToG0yUVa6IyQAVg3LU8DTiQaKnIoqX_TsB0,"A worker in a yellow safety vest or a light uniform kicks a plastic storage box beside the white warehouse wall, yellow forklift, stacked pallets, and blue rolling bins.",,,,,,,,,,
P038,2,warehouse_3_event_11_smallbox_0001_carrying_000801_000905.mp4,2,42,65,Hunavsim,Warehouse,3,smallbox_0001,warehouse_3_event_11_smallbox_0001_carrying_000801_000905.mp4,https://1drv.ms/v/c/e14d2464c52103f1/IQBFY61LIznoQ7SP7meMorGAAV4x5TPyPY8mXKeG1eh2pp8,"A worker in a yellow safety vest or a light uniform carries a small box in a yellow-and-white warehouse with a forklift, blue bins, pallets, and tall metal racks.",,,,,,,,,,
P038,3,warehouse_1_event_19_largebox_0002_putting_down_000760_000807.mp4,1,45,11,Hunavsim,Warehouse,1,largebox_0002,warehouse_1_event_19_largebox_0002_putting_down_000760_000807.mp4,https://1drv.ms/v/c/e14d2464c52103f1/IQATH292xPcRSb1zbp--Ee2uARpq9RJZHOpCLNrxNaRFN_U,"A worker in a yellow safety vest or a light uniform puts down a large cardboard box in a yellow-and-white warehouse with a forklift, blue bins, pallets, and tall metal racks.",,,,,,,,,,
P038,4,office_1_event_100_largebox_0001_carrying_004064_004113.mp4,5,55,187,Hunavsim,Office,1,largebox_0001,office_1_event_100_largebox_0001_carrying_004064_004113.mp4,https://1drv.ms/v/c/e14d2464c52103f1/IQBYXDimEtNMTIG4mST9fBTfAe73hefk2mXmL-jnQQcT2aM,"A person in a white or gray outfit carries a large cardboard box in a meeting-style office with rows of chairs, desks, monitors, and a dark patterned carpet.",,,,,,,,,,
P038,5,hospital_1_event_07_tripod_0001_putting_down_000624_000654.mp4,4,49,104,Hunavsim,Hospital,1,tripod_0001,hospital_1_event_07_tripod_0001_putting_down_000624_000654.mp4,https://1drv.ms/v/c/e14d2464c52103f1/IQBIHPb5-abNR6r2z5FB3XOCAS4cjfho9E2x75uwvX7Cz70,"A person in a dark top and shorts or gray pants puts down a tripod in a bright hospital corridor with white walls, blue doors, yellow caution signs, and medical equipment along the wall.",,,,,,,,,,
P038,6,hospital_1_event_26_largetable_0001_putting_down_002505_002529.mp4,4,51,125,Hunavsim,Hospital,1,largetable_0001,hospital_1_event_26_largetable_0001_putting_down_002505_002529.mp4,https://1drv.ms/v/c/e14d2464c52103f1/IQAVMgLu99EuS4sJ-Bsd0-11AV_L3PklD_3r_SDeuBvD-Rc,"A person in gray pants near another dark-clothed person puts down a large table in a hospital hallway with windows, yellow railings, benches, and blue storage carts.",,,,,,,,,,
P038,7,office_1_event_11_clothesstand_0001_putting_down_001069_001109.mp4,3,54,144,Hunavsim,Office,1,clothesstand_0001,office_1_event_11_clothesstand_0001_putting_down_001069_001109.mp4,https://1drv.ms/v/c/e14d2464c52103f1/IQBS96pW-Uw-R58jW5-Lv3pPAVbZCR4AeY1himTfIKt9nsE,"A person in dark clothing puts down a clothes stand in an office lobby with a long table, monitors, large windows, potted plants, and patterned carpet.",,,,,,,,,,
P038,8,office_1_event_56_smalltable_0001_lifting_002665_002705.mp4,2,65,169,Hunavsim,Office,1,smalltable_0001,office_1_event_56_smalltable_0001_lifting_002665_002705.mp4,https://1drv.ms/v/c/e14d2464c52103f1/IQDjTXg4FhjgTbVPAk3gDX9hAdbEQF-0TrGWPVscMJHNZ6s,"A person in a white or gray outfit lifts a small table in a meeting-style office with rows of chairs, desks, monitors, and a dark patterned carpet.",,,,,,,,,,
P038,9,svl-meeting-gates-2-2019-04-08_1_image_6_carrying_000714_000777_H27_O65000.mp4,1,38,47,JRDB,svl-meeting-gates-2-2019-04-08_1,6,monitor,svl-meeting-gates-2-2019-04-08_1_image_6_carrying_000714_000777_H27_O65000.mp4,https://1drv.ms/v/c/e14d2464c52103f1/IQDs6Op8eJj3SprQrIvkdyT4AWgiT__LWZB1R1e9YCwPMVw,A dark-jacketed person near a hallway doorway carries a monitor in front of their body.,https://1drv.ms/i/c/e14d2464c52103f1/IQC55t5HmHXfQLrmpriZM5EjAZEZu91-Ua5DDB7xLxM63Zc,hold,normal,large,narrow_corridor,object_motion_risk,,,VLM: hold; human_state=normal; object_property=large; spatial_context=narrow_corridor; risk_factor=object_motion_risk; selected_frame=49; gt_activity=carrying; human_iou=0.974; object_iou=1.000,49
P038,10,gates-159-group-meeting-2019-04-03_0_image_0_carrying_000000_000030_H2_O1.mp4,4,20,24,JRDB,gates-159-group-meeting-2019-04-03_0,0,machines,gates-159-group-meeting-2019-04-03_0_image_0_carrying_000000_000030_H2_O1.mp4,https://1drv.ms/v/c/e14d2464c52103f1/IQAv-HhVjcAUT6iR_y57A_fWAZF3yAfCctL-yTV4UFFzI4U,A man in a black shirt at a meeting table carries a small machine-like item near the right-side table area.,https://1drv.ms/i/c/e14d2464c52103f1/IQDJP6aLHMRZSqY8qiEwyT3NAVXzqveqZPdgywjE13cRf_E,hold,normal,large,open_space,object_motion_risk,,,VLM: hold; human_state=normal; object_property=large; spatial_context=open_space; risk_factor=object_motion_risk; selected_frame=9; gt_activity=carrying; human_iou=0.522; object_iou=0.732,9
P039,1,warehouse_1_event_21_plasticbox_0001_kicking_001362_001392.mp4,4,44,18,Hunavsim,Warehouse,1,plasticbox_0001,warehouse_1_event_21_plasticbox_0001_kicking_001362_001392.mp4,https://1drv.ms/v/c/e14d2464c52103f1/IQABGFHAgNVPToG0yUVa6IyQAVg3LU8DTiQaKnIoqX_TsB0,"A worker in a yellow safety vest or a light uniform kicks a plastic storage box beside the white warehouse wall, yellow forklift, stacked pallets, and blue rolling bins.",,,,,,,,,,
P039,2,warehouse_3_event_11_smallbox_0001_carrying_000801_000905.mp4,3,42,65,Hunavsim,Warehouse,3,smallbox_0001,warehouse_3_event_11_smallbox_0001_carrying_000801_000905.mp4,https://1drv.ms/v/c/e14d2464c52103f1/IQBFY61LIznoQ7SP7meMorGAAV4x5TPyPY8mXKeG1eh2pp8,"A worker in a yellow safety vest or a light uniform carries a small box in a yellow-and-white warehouse with a forklift, blue bins, pallets, and tall metal racks.",,,,,,,,,,
P039,3,warehouse_1_event_19_largebox_0002_putting_down_000760_000807.mp4,2,45,11,Hunavsim,Warehouse,1,largebox_0002,warehouse_1_event_19_largebox_0002_putting_down_000760_000807.mp4,https://1drv.ms/v/c/e14d2464c52103f1/IQATH292xPcRSb1zbp--Ee2uARpq9RJZHOpCLNrxNaRFN_U,"A worker in a yellow safety vest or a light uniform puts down a large cardboard box in a yellow-and-white warehouse with a forklift, blue bins, pallets, and tall metal racks.",,,,,,,,,,
P039,4,office_1_event_100_largebox_0001_putting_down_004114_004146.mp4,1,55,188,Hunavsim,Office,1,largebox_0001,office_1_event_100_largebox_0001_putting_down_004114_004146.mp4,https://1drv.ms/v/c/e14d2464c52103f1/IQA7HDcOghYCQY4LKFaRZnVcAa9SjQ5Sa17gYqwwWk_vaSs,"A person in a white or gray outfit puts down a large cardboard box in a meeting-style office with rows of chairs, desks, monitors, and a dark patterned carpet.",,,,,,,,,,
P039,5,hospital_1_event_07_tripod_0001_putting_down_000624_000654.mp4,5,49,104,Hunavsim,Hospital,1,tripod_0001,hospital_1_event_07_tripod_0001_putting_down_000624_000654.mp4,https://1drv.ms/v/c/e14d2464c52103f1/IQBIHPb5-abNR6r2z5FB3XOCAS4cjfho9E2x75uwvX7Cz70,"A person in a dark top and shorts or gray pants puts down a tripod in a bright hospital corridor with white walls, blue doors, yellow caution signs, and medical equipment along the wall.",,,,,,,,,,
P039,6,hospital_1_event_26_largetable_0001_putting_down_002505_002529.mp4,5,51,125,Hunavsim,Hospital,1,largetable_0001,hospital_1_event_26_largetable_0001_putting_down_002505_002529.mp4,https://1drv.ms/v/c/e14d2464c52103f1/IQAVMgLu99EuS4sJ-Bsd0-11AV_L3PklD_3r_SDeuBvD-Rc,"A person in gray pants near another dark-clothed person puts down a large table in a hospital hallway with windows, yellow railings, benches, and blue storage carts.",,,,,,,,,,
P039,7,office_1_event_11_clothesstand_0001_putting_down_001069_001109.mp4,4,54,144,Hunavsim,Office,1,clothesstand_0001,office_1_event_11_clothesstand_0001_putting_down_001069_001109.mp4,https://1drv.ms/v/c/e14d2464c52103f1/IQBS96pW-Uw-R58jW5-Lv3pPAVbZCR4AeY1himTfIKt9nsE,"A person in dark clothing puts down a clothes stand in an office lobby with a long table, monitors, large windows, potted plants, and patterned carpet.",,,,,,,,,,
P039,8,office_1_event_56_smalltable_0001_lifting_002665_002705.mp4,3,65,169,Hunavsim,Office,1,smalltable_0001,office_1_event_56_smalltable_0001_lifting_002665_002705.mp4,https://1drv.ms/v/c/e14d2464c52103f1/IQDjTXg4FhjgTbVPAk3gDX9hAdbEQF-0TrGWPVscMJHNZ6s,"A person in a white or gray outfit lifts a small table in a meeting-style office with rows of chairs, desks, monitors, and a dark patterned carpet.",,,,,,,,,,
P039,9,svl-meeting-gates-2-2019-04-08_1_image_6_carrying_000714_000777_H27_O65000.mp4,2,38,47,JRDB,svl-meeting-gates-2-2019-04-08_1,6,monitor,svl-meeting-gates-2-2019-04-08_1_image_6_carrying_000714_000777_H27_O65000.mp4,https://1drv.ms/v/c/e14d2464c52103f1/IQDs6Op8eJj3SprQrIvkdyT4AWgiT__LWZB1R1e9YCwPMVw,A dark-jacketed person near a hallway doorway carries a monitor in front of their body.,https://1drv.ms/i/c/e14d2464c52103f1/IQC55t5HmHXfQLrmpriZM5EjAZEZu91-Ua5DDB7xLxM63Zc,hold,normal,large,narrow_corridor,object_motion_risk,,,VLM: hold; human_state=normal; object_property=large; spatial_context=narrow_corridor; risk_factor=object_motion_risk; selected_frame=49; gt_activity=carrying; human_iou=0.974; object_iou=1.000,49
P039,10,gates-159-group-meeting-2019-04-03_0_image_0_carrying_000000_000030_H2_O1.mp4,5,20,24,JRDB,gates-159-group-meeting-2019-04-03_0,0,machines,gates-159-group-meeting-2019-04-03_0_image_0_carrying_000000_000030_H2_O1.mp4,https://1drv.ms/v/c/e14d2464c52103f1/IQAv-HhVjcAUT6iR_y57A_fWAZF3yAfCctL-yTV4UFFzI4U,A man in a black shirt at a meeting table carries a small machine-like item near the right-side table area.,https://1drv.ms/i/c/e14d2464c52103f1/IQDJP6aLHMRZSqY8qiEwyT3NAVXzqveqZPdgywjE13cRf_E,hold,normal,large,open_space,object_motion_risk,,,VLM: hold; human_state=normal; object_property=large; spatial_context=open_space; risk_factor=object_motion_risk; selected_frame=9; gt_activity=carrying; human_iou=0.522; object_iou=0.732,9
P040,1,warehouse_1_event_21_plasticbox_0001_kicking_001362_001392.mp4,5,44,18,Hunavsim,Warehouse,1,plasticbox_0001,warehouse_1_event_21_plasticbox_0001_kicking_001362_001392.mp4,https://1drv.ms/v/c/e14d2464c52103f1/IQABGFHAgNVPToG0yUVa6IyQAVg3LU8DTiQaKnIoqX_TsB0,"A worker in a yellow safety vest or a light uniform kicks a plastic storage box beside the white warehouse wall, yellow forklift, stacked pallets, and blue rolling bins.",,,,,,,,,,
P040,2,warehouse_3_event_11_smallbox_0001_carrying_000801_000905.mp4,4,42,65,Hunavsim,Warehouse,3,smallbox_0001,warehouse_3_event_11_smallbox_0001_carrying_000801_000905.mp4,https://1drv.ms/v/c/e14d2464c52103f1/IQBFY61LIznoQ7SP7meMorGAAV4x5TPyPY8mXKeG1eh2pp8,"A worker in a yellow safety vest or a light uniform carries a small box in a yellow-and-white warehouse with a forklift, blue bins, pallets, and tall metal racks.",,,,,,,,,,
P040,3,warehouse_1_event_19_largebox_0002_putting_down_000760_000807.mp4,3,45,11,Hunavsim,Warehouse,1,largebox_0002,warehouse_1_event_19_largebox_0002_putting_down_000760_000807.mp4,https://1drv.ms/v/c/e14d2464c52103f1/IQATH292xPcRSb1zbp--Ee2uARpq9RJZHOpCLNrxNaRFN_U,"A worker in a yellow safety vest or a light uniform puts down a large cardboard box in a yellow-and-white warehouse with a forklift, blue bins, pallets, and tall metal racks.",,,,,,,,,,
P040,4,office_1_event_100_largebox_0001_putting_down_004114_004146.mp4,2,55,188,Hunavsim,Office,1,largebox_0001,office_1_event_100_largebox_0001_putting_down_004114_004146.mp4,https://1drv.ms/v/c/e14d2464c52103f1/IQA7HDcOghYCQY4LKFaRZnVcAa9SjQ5Sa17gYqwwWk_vaSs,"A person in a white or gray outfit puts down a large cardboard box in a meeting-style office with rows of chairs, desks, monitors, and a dark patterned carpet.",,,,,,,,,,
P040,5,hospital_1_event_07_tripod_0001_lifting_000655_000674.mp4,1,49,105,Hunavsim,Hospital,1,tripod_0001,hospital_1_event_07_tripod_0001_lifting_000655_000674.mp4,https://1drv.ms/v/c/e14d2464c52103f1/IQDjz-zsnzTYTpL9I_MQ_I_bAbD9qipkPMwwvPP9u3Sk5zs,"A person in a dark top and shorts or gray pants lifts a tripod in a bright hospital corridor with white walls, blue doors, yellow caution signs, and medical equipment along the wall.",,,,,,,,,,
P040,6,office_1_event_11_clothesstand_0001_putting_down_000960_001006.mp4,1,54,142,Hunavsim,Office,1,clothesstand_0001,office_1_event_11_clothesstand_0001_putting_down_000960_001006.mp4,https://1drv.ms/v/c/e14d2464c52103f1/IQDaYvtguNDwT4_KpYotQDBIASbb8sgz1HHcQdP3RfBx0NA,"A person in dark clothing puts down a clothes stand in an office lobby with a long table, monitors, large windows, potted plants, and patterned carpet.",,,,,,,,,,
P040,7,office_1_event_140_monitor_0003_putting_down_005310_005352.mp4,3,61,195,Hunavsim,Office,1,monitor_0003,office_1_event_140_monitor_0003_putting_down_005310_005352.mp4,https://1drv.ms/v/c/e14d2464c52103f1/IQBdrKcnqBH1S6p4kCkdcM-rAQAX97VpgD4jWU1-fdxW0H0,"A person in a pink or light-colored outfit puts down a computer monitor in a bright office room with desks, black chairs, computer monitors, doorway signage, and wall decorations.",,,,,,,,,,
P040,8,cubberly-auditorium-2019-04-22_0_image_6_riding_000828_000888_H121_O65000.mp4,5,17,20,JRDB,cubberly-auditorium-2019-04-22_0,6,bicycle/scooter,cubberly-auditorium-2019-04-22_0_image_6_riding_000828_000888_H121_O65000.mp4,https://1drv.ms/v/c/e14d2464c52103f1/IQA9CtJ9BNBuQrhbRCDpNDCHAdKcw45JW35C_QY-hd65ay4,A woman in a patterned jacket rides or stands with a small wheeled bicycle or scooter device near a wall sign.,https://1drv.ms/i/c/e14d2464c52103f1/IQCxJcZQhI3MS4q-kCax4e1sAYrlhAawCex8slo9JnWpKOw,standing behind,normal,small,narrow_corridor,object_motion_risk,,,VLM: standing behind; human_state=normal; object_property=small; spatial_context=narrow_corridor; risk_factor=object_motion_risk; selected_frame=16; gt_activity=riding; human_iou=1.000; object_iou=1.000,16
P040,9,hospital_1_event_35_floorlamp_0001_carrying_003468_003512.mp4,5,53,129,Hunavsim,Hospital,1,floorlamp_0001,hospital_1_event_35_floorlamp_0001_carrying_003468_003512.mp4,https://1drv.ms/v/c/e14d2464c52103f1/IQCbZcl8v1KbRaKhqW9LMCNfAaWGW1Qli06woNEXb4Rb_a8,"A person in patterned pants or dark clothing carries a floor lamp near hospital stairs, blue storage racks, yellow bins, and a wall-mounted medical table.",,,,,,,,,,
P040,10,gates-159-group-meeting-2019-04-03_0_image_0_pushing_000000_000087_H3_O8.mp4,1,21,25,JRDB,gates-159-group-meeting-2019-04-03_0,0,chair/sofa,gates-159-group-meeting-2019-04-03_0_image_0_pushing_000000_000087_H3_O8.mp4,https://1drv.ms/v/c/e14d2464c52103f1/IQBrkaxTk5xRRo95YPFrMXmuAY4pyitDQExefFF3Ggkqltw,A young man in a black T-shirt pushes a chair near the right side of a meeting table.,https://1drv.ms/i/c/e14d2464c52103f1/IQAVvG8VcOH4RaYse_oIzyCPATrWmix-Fbpsb4eCOFE2Nss,hold,normal,large,open_space,object_motion_risk,,,VLM: hold; human_state=normal; object_property=large; spatial_context=open_space; risk_factor=object_motion_risk; selected_frame=45; gt_activity=pushing; human_iou=0.000; object_iou=0.071,45
P041,1,warehouse_1_event_45_plasticbox_0001_kick_001777_002003.mp4,1,44,24,Hunavsim,Warehouse,1,plasticbox_0001,warehouse_1_event_45_plasticbox_0001_kick_001777_002003.mp4,https://1drv.ms/v/c/e14d2464c52103f1/IQAVoikMeWDCT5UCuNogVEkvAXqP-t6OFpzao_fDxgSxOXA,"A person in a white or light gray outfit kicks a plastic storage box beside the white warehouse wall, yellow forklift, stacked pallets, and blue rolling bins.",,,,,,,,,,
P041,2,warehouse_3_event_11_smallbox_0001_carrying_000801_000905.mp4,5,42,65,Hunavsim,Warehouse,3,smallbox_0001,warehouse_3_event_11_smallbox_0001_carrying_000801_000905.mp4,https://1drv.ms/v/c/e14d2464c52103f1/IQBFY61LIznoQ7SP7meMorGAAV4x5TPyPY8mXKeG1eh2pp8,"A worker in a yellow safety vest or a light uniform carries a small box in a yellow-and-white warehouse with a forklift, blue bins, pallets, and tall metal racks.",,,,,,,,,,
P041,3,warehouse_1_event_19_largebox_0002_putting_down_000760_000807.mp4,4,45,11,Hunavsim,Warehouse,1,largebox_0002,warehouse_1_event_19_largebox_0002_putting_down_000760_000807.mp4,https://1drv.ms/v/c/e14d2464c52103f1/IQATH292xPcRSb1zbp--Ee2uARpq9RJZHOpCLNrxNaRFN_U,"A worker in a yellow safety vest or a light uniform puts down a large cardboard box in a yellow-and-white warehouse with a forklift, blue bins, pallets, and tall metal racks.",,,,,,,,,,
P041,4,office_1_event_100_largebox_0001_putting_down_004114_004146.mp4,3,55,188,Hunavsim,Office,1,largebox_0001,office_1_event_100_largebox_0001_putting_down_004114_004146.mp4,https://1drv.ms/v/c/e14d2464c52103f1/IQA7HDcOghYCQY4LKFaRZnVcAa9SjQ5Sa17gYqwwWk_vaSs,"A person in a white or gray outfit puts down a large cardboard box in a meeting-style office with rows of chairs, desks, monitors, and a dark patterned carpet.",,,,,,,,,,
P041,5,hospital_1_event_07_tripod_0001_lifting_000655_000674.mp4,2,49,105,Hunavsim,Hospital,1,tripod_0001,hospital_1_event_07_tripod_0001_lifting_000655_000674.mp4,https://1drv.ms/v/c/e14d2464c52103f1/IQDjz-zsnzTYTpL9I_MQ_I_bAbD9qipkPMwwvPP9u3Sk5zs,"A person in a dark top and shorts or gray pants lifts a tripod in a bright hospital corridor with white walls, blue doors, yellow caution signs, and medical equipment along the wall.",,,,,,,,,,
P041,6,office_1_event_11_clothesstand_0001_putting_down_000960_001006.mp4,2,54,142,Hunavsim,Office,1,clothesstand_0001,office_1_event_11_clothesstand_0001_putting_down_000960_001006.mp4,https://1drv.ms/v/c/e14d2464c52103f1/IQDaYvtguNDwT4_KpYotQDBIASbb8sgz1HHcQdP3RfBx0NA,"A person in dark clothing puts down a clothes stand in an office lobby with a long table, monitors, large windows, potted plants, and patterned carpet.",,,,,,,,,,
P041,7,office_1_event_140_monitor_0003_putting_down_005310_005352.mp4,4,61,195,Hunavsim,Office,1,monitor_0003,office_1_event_140_monitor_0003_putting_down_005310_005352.mp4,https://1drv.ms/v/c/e14d2464c52103f1/IQBdrKcnqBH1S6p4kCkdcM-rAQAX97VpgD4jWU1-fdxW0H0,"A person in a pink or light-colored outfit puts down a computer monitor in a bright office room with desks, black chairs, computer monitors, doorway signage, and wall decorations.",,,,,,,,,,
P041,8,cubberly-auditorium-2019-04-22_0_image_6_riding_001137_001173_H121_O65000.mp4,1,17,21,JRDB,cubberly-auditorium-2019-04-22_0,6,bicycle/scooter,cubberly-auditorium-2019-04-22_0_image_6_riding_001137_001173_H121_O65000.mp4,https://1drv.ms/v/c/e14d2464c52103f1/IQAp3zEXjKcySKJEOrM1eZK3AYAZdWG-ztG0u3muBIg0gKk,A woman in a patterned jacket rides or holds a small bicycle or scooter device in a lobby.,https://1drv.ms/i/c/e14d2464c52103f1/IQB_urvbauaQQqrIkakYpo87AUynjSPWVHiPk6UNbrEK5gE,carrying,strained,large,narrow_corridor,fall_risk,,,VLM: carrying; human_state=strained; object_property=large; spatial_context=narrow_corridor; risk_factor=fall_risk; selected_frame=29; gt_activity=riding; human_iou=1.000; object_iou=1.000,29
P041,9,office_1_event_43_plasticbox_0001_kicking_002048_002148.mp4,3,64,159,Hunavsim,Office,1,plasticbox_0001,office_1_event_43_plasticbox_0001_kicking_002048_002148.mp4,https://1drv.ms/v/c/e14d2464c52103f1/IQBST3FmL-i8R7QZl3gOP7dEAY9UmG3lg5K0h8sOl8kol8Q,"A person in dark clothing kicks a plastic storage box in a meeting-style office with rows of chairs, desks, monitors, and a dark patterned carpet.",,,,,,,,,,
P041,10,gates-159-group-meeting-2019-04-03_0_image_0_pushing_000000_000087_H3_O8.mp4,2,21,25,JRDB,gates-159-group-meeting-2019-04-03_0,0,chair/sofa,gates-159-group-meeting-2019-04-03_0_image_0_pushing_000000_000087_H3_O8.mp4,https://1drv.ms/v/c/e14d2464c52103f1/IQBrkaxTk5xRRo95YPFrMXmuAY4pyitDQExefFF3Ggkqltw,A young man in a black T-shirt pushes a chair near the right side of a meeting table.,https://1drv.ms/i/c/e14d2464c52103f1/IQAVvG8VcOH4RaYse_oIzyCPATrWmix-Fbpsb4eCOFE2Nss,hold,normal,large,open_space,object_motion_risk,,,VLM: hold; human_state=normal; object_property=large; spatial_context=open_space; risk_factor=object_motion_risk; selected_frame=45; gt_activity=pushing; human_iou=0.000; object_iou=0.071,45
P042,1,warehouse_1_event_45_plasticbox_0001_kick_001777_002003.mp4,2,44,24,Hunavsim,Warehouse,1,plasticbox_0001,warehouse_1_event_45_plasticbox_0001_kick_001777_002003.mp4,https://1drv.ms/v/c/e14d2464c52103f1/IQAVoikMeWDCT5UCuNogVEkvAXqP-t6OFpzao_fDxgSxOXA,"A person in a white or light gray outfit kicks a plastic storage box beside the white warehouse wall, yellow forklift, stacked pallets, and blue rolling bins.",,,,,,,,,,
P042,2,warehouse_3_event_11_smallbox_0001_putting_down_000906_000962.mp4,1,42,66,Hunavsim,Warehouse,3,smallbox_0001,warehouse_3_event_11_smallbox_0001_putting_down_000906_000962.mp4,https://1drv.ms/v/c/e14d2464c52103f1/IQBXAp072y4zQZTnFo8C89W1ARsdwh0Pu4J5x8YHy_VhlF4,"A worker in a yellow safety vest or a light uniform puts down a small box beside the white warehouse wall, yellow forklift, stacked pallets, and blue rolling bins.",,,,,,,,,,
P042,3,warehouse_1_event_19_largebox_0002_putting_down_000760_000807.mp4,5,45,11,Hunavsim,Warehouse,1,largebox_0002,warehouse_1_event_19_largebox_0002_putting_down_000760_000807.mp4,https://1drv.ms/v/c/e14d2464c52103f1/IQATH292xPcRSb1zbp--Ee2uARpq9RJZHOpCLNrxNaRFN_U,"A worker in a yellow safety vest or a light uniform puts down a large cardboard box in a yellow-and-white warehouse with a forklift, blue bins, pallets, and tall metal racks.",,,,,,,,,,
P042,4,office_1_event_100_largebox_0001_putting_down_004114_004146.mp4,4,55,188,Hunavsim,Office,1,largebox_0001,office_1_event_100_largebox_0001_putting_down_004114_004146.mp4,https://1drv.ms/v/c/e14d2464c52103f1/IQA7HDcOghYCQY4LKFaRZnVcAa9SjQ5Sa17gYqwwWk_vaSs,"A person in a white or gray outfit puts down a large cardboard box in a meeting-style office with rows of chairs, desks, monitors, and a dark patterned carpet.",,,,,,,,,,
P042,5,hospital_1_event_07_tripod_0001_lifting_000655_000674.mp4,3,49,105,Hunavsim,Hospital,1,tripod_0001,hospital_1_event_07_tripod_0001_lifting_000655_000674.mp4,https://1drv.ms/v/c/e14d2464c52103f1/IQDjz-zsnzTYTpL9I_MQ_I_bAbD9qipkPMwwvPP9u3Sk5zs,"A person in a dark top and shorts or gray pants lifts a tripod in a bright hospital corridor with white walls, blue doors, yellow caution signs, and medical equipment along the wall.",,,,,,,,,,
P042,6,office_1_event_11_clothesstand_0001_putting_down_000960_001006.mp4,3,54,142,Hunavsim,Office,1,clothesstand_0001,office_1_event_11_clothesstand_0001_putting_down_000960_001006.mp4,https://1drv.ms/v/c/e14d2464c52103f1/IQDaYvtguNDwT4_KpYotQDBIASbb8sgz1HHcQdP3RfBx0NA,"A person in dark clothing puts down a clothes stand in an office lobby with a long table, monitors, large windows, potted plants, and patterned carpet.",,,,,,,,,,
P042,7,office_1_event_140_monitor_0003_putting_down_005310_005352.mp4,5,61,195,Hunavsim,Office,1,monitor_0003,office_1_event_140_monitor_0003_putting_down_005310_005352.mp4,https://1drv.ms/v/c/e14d2464c52103f1/IQBdrKcnqBH1S6p4kCkdcM-rAQAX97VpgD4jWU1-fdxW0H0,"A person in a pink or light-colored outfit puts down a computer monitor in a bright office room with desks, black chairs, computer monitors, doorway signage, and wall decorations.",,,,,,,,,,
P042,8,cubberly-auditorium-2019-04-22_0_image_6_riding_001137_001173_H121_O65000.mp4,2,17,21,JRDB,cubberly-auditorium-2019-04-22_0,6,bicycle/scooter,cubberly-auditorium-2019-04-22_0_image_6_riding_001137_001173_H121_O65000.mp4,https://1drv.ms/v/c/e14d2464c52103f1/IQAp3zEXjKcySKJEOrM1eZK3AYAZdWG-ztG0u3muBIg0gKk,A woman in a patterned jacket rides or holds a small bicycle or scooter device in a lobby.,https://1drv.ms/i/c/e14d2464c52103f1/IQB_urvbauaQQqrIkakYpo87AUynjSPWVHiPk6UNbrEK5gE,carrying,strained,large,narrow_corridor,fall_risk,,,VLM: carrying; human_state=strained; object_property=large; spatial_context=narrow_corridor; risk_factor=fall_risk; selected_frame=29; gt_activity=riding; human_iou=1.000; object_iou=1.000,29
P042,9,office_1_event_43_plasticbox_0001_kicking_002048_002148.mp4,4,64,159,Hunavsim,Office,1,plasticbox_0001,office_1_event_43_plasticbox_0001_kicking_002048_002148.mp4,https://1drv.ms/v/c/e14d2464c52103f1/IQBST3FmL-i8R7QZl3gOP7dEAY9UmG3lg5K0h8sOl8kol8Q,"A person in dark clothing kicks a plastic storage box in a meeting-style office with rows of chairs, desks, monitors, and a dark patterned carpet.",,,,,,,,,,
P042,10,gates-159-group-meeting-2019-04-03_0_image_0_pushing_000000_000087_H3_O8.mp4,3,21,25,JRDB,gates-159-group-meeting-2019-04-03_0,0,chair/sofa,gates-159-group-meeting-2019-04-03_0_image_0_pushing_000000_000087_H3_O8.mp4,https://1drv.ms/v/c/e14d2464c52103f1/IQBrkaxTk5xRRo95YPFrMXmuAY4pyitDQExefFF3Ggkqltw,A young man in a black T-shirt pushes a chair near the right side of a meeting table.,https://1drv.ms/i/c/e14d2464c52103f1/IQAVvG8VcOH4RaYse_oIzyCPATrWmix-Fbpsb4eCOFE2Nss,hold,normal,large,open_space,object_motion_risk,,,VLM: hold; human_state=normal; object_property=large; spatial_context=open_space; risk_factor=object_motion_risk; selected_frame=45; gt_activity=pushing; human_iou=0.000; object_iou=0.071,45
P043,1,warehouse_1_event_45_plasticbox_0001_kick_001777_002003.mp4,3,44,24,Hunavsim,Warehouse,1,plasticbox_0001,warehouse_1_event_45_plasticbox_0001_kick_001777_002003.mp4,https://1drv.ms/v/c/e14d2464c52103f1/IQAVoikMeWDCT5UCuNogVEkvAXqP-t6OFpzao_fDxgSxOXA,"A person in a white or light gray outfit kicks a plastic storage box beside the white warehouse wall, yellow forklift, stacked pallets, and blue rolling bins.",,,,,,,,,,
P043,2,warehouse_3_event_11_smallbox_0001_putting_down_000906_000962.mp4,2,42,66,Hunavsim,Warehouse,3,smallbox_0001,warehouse_3_event_11_smallbox_0001_putting_down_000906_000962.mp4,https://1drv.ms/v/c/e14d2464c52103f1/IQBXAp072y4zQZTnFo8C89W1ARsdwh0Pu4J5x8YHy_VhlF4,"A worker in a yellow safety vest or a light uniform puts down a small box beside the white warehouse wall, yellow forklift, stacked pallets, and blue rolling bins.",,,,,,,,,,
P043,3,warehouse_1_event_19_largebox_0002_lifting_000808_000885.mp4,1,45,12,Hunavsim,Warehouse,1,largebox_0002,warehouse_1_event_19_largebox_0002_lifting_000808_000885.mp4,https://1drv.ms/v/c/e14d2464c52103f1/IQAbjfsIeGxGS4hEfv1pWnncAXucOhyRfsSyr1SYsp-CvMI,"A worker in a yellow safety vest or a light uniform lifts a large cardboard box in a yellow-and-white warehouse with a forklift, blue bins, pallets, and tall metal racks.",,,,,,,,,,
P043,4,office_1_event_100_largebox_0001_putting_down_004114_004146.mp4,5,55,188,Hunavsim,Office,1,largebox_0001,office_1_event_100_largebox_0001_putting_down_004114_004146.mp4,https://1drv.ms/v/c/e14d2464c52103f1/IQA7HDcOghYCQY4LKFaRZnVcAa9SjQ5Sa17gYqwwWk_vaSs,"A person in a white or gray outfit puts down a large cardboard box in a meeting-style office with rows of chairs, desks, monitors, and a dark patterned carpet.",,,,,,,,,,
P043,5,hospital_1_event_07_tripod_0001_lifting_000655_000674.mp4,4,49,105,Hunavsim,Hospital,1,tripod_0001,hospital_1_event_07_tripod_0001_lifting_000655_000674.mp4,https://1drv.ms/v/c/e14d2464c52103f1/IQDjz-zsnzTYTpL9I_MQ_I_bAbD9qipkPMwwvPP9u3Sk5zs,"A person in a dark top and shorts or gray pants lifts a tripod in a bright hospital corridor with white walls, blue doors, yellow caution signs, and medical equipment along the wall.",,,,,,,,,,
P043,6,office_1_event_11_clothesstand_0001_putting_down_000960_001006.mp4,4,54,142,Hunavsim,Office,1,clothesstand_0001,office_1_event_11_clothesstand_0001_putting_down_000960_001006.mp4,https://1drv.ms/v/c/e14d2464c52103f1/IQDaYvtguNDwT4_KpYotQDBIASbb8sgz1HHcQdP3RfBx0NA,"A person in dark clothing puts down a clothes stand in an office lobby with a long table, monitors, large windows, potted plants, and patterned carpet.",,,,,,,,,,
P043,7,office_1_event_140_monitor_0003_lifting_005353_005408.mp4,1,61,196,Hunavsim,Office,1,monitor_0003,office_1_event_140_monitor_0003_lifting_005353_005408.mp4,https://1drv.ms/v/c/e14d2464c52103f1/IQCH6O8FrXtLT6hx7MplN3brAejgePuTl6Wt-DIrw9R3h8M,"A person in a pink or light-colored outfit lifts a computer monitor in a bright office room with desks, black chairs, computer monitors, doorway signage, and wall decorations.",,,,,,,,,,
P043,8,cubberly-auditorium-2019-04-22_0_image_6_riding_001137_001173_H121_O65000.mp4,3,17,21,JRDB,cubberly-auditorium-2019-04-22_0,6,bicycle/scooter,cubberly-auditorium-2019-04-22_0_image_6_riding_001137_001173_H121_O65000.mp4,https://1drv.ms/v/c/e14d2464c52103f1/IQAp3zEXjKcySKJEOrM1eZK3AYAZdWG-ztG0u3muBIg0gKk,A woman in a patterned jacket rides or holds a small bicycle or scooter device in a lobby.,https://1drv.ms/i/c/e14d2464c52103f1/IQB_urvbauaQQqrIkakYpo87AUynjSPWVHiPk6UNbrEK5gE,carrying,strained,large,narrow_corridor,fall_risk,,,VLM: carrying; human_state=strained; object_property=large; spatial_context=narrow_corridor; risk_factor=fall_risk; selected_frame=29; gt_activity=riding; human_iou=1.000; object_iou=1.000,29
P043,9,office_1_event_43_plasticbox_0001_kicking_002048_002148.mp4,5,64,159,Hunavsim,Office,1,plasticbox_0001,office_1_event_43_plasticbox_0001_kicking_002048_002148.mp4,https://1drv.ms/v/c/e14d2464c52103f1/IQBST3FmL-i8R7QZl3gOP7dEAY9UmG3lg5K0h8sOl8kol8Q,"A person in dark clothing kicks a plastic storage box in a meeting-style office with rows of chairs, desks, monitors, and a dark patterned carpet.",,,,,,,,,,
P043,10,gates-159-group-meeting-2019-04-03_0_image_0_pushing_000000_000087_H3_O8.mp4,4,21,25,JRDB,gates-159-group-meeting-2019-04-03_0,0,chair/sofa,gates-159-group-meeting-2019-04-03_0_image_0_pushing_000000_000087_H3_O8.mp4,https://1drv.ms/v/c/e14d2464c52103f1/IQBrkaxTk5xRRo95YPFrMXmuAY4pyitDQExefFF3Ggkqltw,A young man in a black T-shirt pushes a chair near the right side of a meeting table.,https://1drv.ms/i/c/e14d2464c52103f1/IQAVvG8VcOH4RaYse_oIzyCPATrWmix-Fbpsb4eCOFE2Nss,hold,normal,large,open_space,object_motion_risk,,,VLM: hold; human_state=normal; object_property=large; spatial_context=open_space; risk_factor=object_motion_risk; selected_frame=45; gt_activity=pushing; human_iou=0.000; object_iou=0.071,45
P044,1,warehouse_1_event_45_plasticbox_0001_kick_001777_002003.mp4,4,44,24,Hunavsim,Warehouse,1,plasticbox_0001,warehouse_1_event_45_plasticbox_0001_kick_001777_002003.mp4,https://1drv.ms/v/c/e14d2464c52103f1/IQAVoikMeWDCT5UCuNogVEkvAXqP-t6OFpzao_fDxgSxOXA,"A person in a white or light gray outfit kicks a plastic storage box beside the white warehouse wall, yellow forklift, stacked pallets, and blue rolling bins.",,,,,,,,,,
P044,2,warehouse_3_event_11_smallbox_0001_putting_down_000906_000962.mp4,3,42,66,Hunavsim,Warehouse,3,smallbox_0001,warehouse_3_event_11_smallbox_0001_putting_down_000906_000962.mp4,https://1drv.ms/v/c/e14d2464c52103f1/IQBXAp072y4zQZTnFo8C89W1ARsdwh0Pu4J5x8YHy_VhlF4,"A worker in a yellow safety vest or a light uniform puts down a small box beside the white warehouse wall, yellow forklift, stacked pallets, and blue rolling bins.",,,,,,,,,,
P044,3,warehouse_1_event_19_largebox_0002_lifting_000808_000885.mp4,2,45,12,Hunavsim,Warehouse,1,largebox_0002,warehouse_1_event_19_largebox_0002_lifting_000808_000885.mp4,https://1drv.ms/v/c/e14d2464c52103f1/IQAbjfsIeGxGS4hEfv1pWnncAXucOhyRfsSyr1SYsp-CvMI,"A worker in a yellow safety vest or a light uniform lifts a large cardboard box in a yellow-and-white warehouse with a forklift, blue bins, pallets, and tall metal racks.",,,,,,,,,,
P044,4,office_1_event_100_largebox_0001_kicking_004147_004226.mp4,1,55,189,Hunavsim,Office,1,largebox_0001,office_1_event_100_largebox_0001_kicking_004147_004226.mp4,https://1drv.ms/v/c/e14d2464c52103f1/IQAyRrlq4XGdSLgumF4wLcF6AXsnfW_rTrYx_W38n0nwGnA,"A person in a white or gray outfit kicks a large cardboard box in a meeting-style office with rows of chairs, desks, monitors, and a dark patterned carpet.",,,,,,,,,,
P044,5,hospital_1_event_07_tripod_0001_lifting_000655_000674.mp4,5,49,105,Hunavsim,Hospital,1,tripod_0001,hospital_1_event_07_tripod_0001_lifting_000655_000674.mp4,https://1drv.ms/v/c/e14d2464c52103f1/IQDjz-zsnzTYTpL9I_MQ_I_bAbD9qipkPMwwvPP9u3Sk5zs,"A person in a dark top and shorts or gray pants lifts a tripod in a bright hospital corridor with white walls, blue doors, yellow caution signs, and medical equipment along the wall.",,,,,,,,,,
P044,6,office_1_event_11_clothesstand_0001_putting_down_000960_001006.mp4,5,54,142,Hunavsim,Office,1,clothesstand_0001,office_1_event_11_clothesstand_0001_putting_down_000960_001006.mp4,https://1drv.ms/v/c/e14d2464c52103f1/IQDaYvtguNDwT4_KpYotQDBIASbb8sgz1HHcQdP3RfBx0NA,"A person in dark clothing puts down a clothes stand in an office lobby with a long table, monitors, large windows, potted plants, and patterned carpet.",,,,,,,,,,
P044,7,office_1_event_140_monitor_0003_lifting_005353_005408.mp4,2,61,196,Hunavsim,Office,1,monitor_0003,office_1_event_140_monitor_0003_lifting_005353_005408.mp4,https://1drv.ms/v/c/e14d2464c52103f1/IQCH6O8FrXtLT6hx7MplN3brAejgePuTl6Wt-DIrw9R3h8M,"A person in a pink or light-colored outfit lifts a computer monitor in a bright office room with desks, black chairs, computer monitors, doorway signage, and wall decorations.",,,,,,,,,,
P044,8,cubberly-auditorium-2019-04-22_0_image_6_riding_001137_001173_H121_O65000.mp4,4,17,21,JRDB,cubberly-auditorium-2019-04-22_0,6,bicycle/scooter,cubberly-auditorium-2019-04-22_0_image_6_riding_001137_001173_H121_O65000.mp4,https://1drv.ms/v/c/e14d2464c52103f1/IQAp3zEXjKcySKJEOrM1eZK3AYAZdWG-ztG0u3muBIg0gKk,A woman in a patterned jacket rides or holds a small bicycle or scooter device in a lobby.,https://1drv.ms/i/c/e14d2464c52103f1/IQB_urvbauaQQqrIkakYpo87AUynjSPWVHiPk6UNbrEK5gE,carrying,strained,large,narrow_corridor,fall_risk,,,VLM: carrying; human_state=strained; object_property=large; spatial_context=narrow_corridor; risk_factor=fall_risk; selected_frame=29; gt_activity=riding; human_iou=1.000; object_iou=1.000,29
P044,9,office_1_event_52_plasticbox_0001_kicking_002460_002502.mp4,1,64,167,Hunavsim,Office,1,plasticbox_0001,office_1_event_52_plasticbox_0001_kicking_002460_002502.mp4,https://1drv.ms/v/c/e14d2464c52103f1/IQCIBhaMHRKASYOJIkogu8usAVkLzHFXVEFznwSZC8DQKvM,"A person in a white or gray outfit kicks a plastic storage box in a meeting-style office with rows of chairs, desks, monitors, and a dark patterned carpet.",,,,,,,,,,
P044,10,gates-159-group-meeting-2019-04-03_0_image_0_pushing_000000_000087_H3_O8.mp4,5,21,25,JRDB,gates-159-group-meeting-2019-04-03_0,0,chair/sofa,gates-159-group-meeting-2019-04-03_0_image_0_pushing_000000_000087_H3_O8.mp4,https://1drv.ms/v/c/e14d2464c52103f1/IQBrkaxTk5xRRo95YPFrMXmuAY4pyitDQExefFF3Ggkqltw,A young man in a black T-shirt pushes a chair near the right side of a meeting table.,https://1drv.ms/i/c/e14d2464c52103f1/IQAVvG8VcOH4RaYse_oIzyCPATrWmix-Fbpsb4eCOFE2Nss,hold,normal,large,open_space,object_motion_risk,,,VLM: hold; human_state=normal; object_property=large; spatial_context=open_space; risk_factor=object_motion_risk; selected_frame=45; gt_activity=pushing; human_iou=0.000; object_iou=0.071,45
P045,1,warehouse_1_event_45_plasticbox_0001_kick_001777_002003.mp4,5,44,24,Hunavsim,Warehouse,1,plasticbox_0001,warehouse_1_event_45_plasticbox_0001_kick_001777_002003.mp4,https://1drv.ms/v/c/e14d2464c52103f1/IQAVoikMeWDCT5UCuNogVEkvAXqP-t6OFpzao_fDxgSxOXA,"A person in a white or light gray outfit kicks a plastic storage box beside the white warehouse wall, yellow forklift, stacked pallets, and blue rolling bins.",,,,,,,,,,
P045,2,warehouse_3_event_11_smallbox_0001_putting_down_000906_000962.mp4,4,42,66,Hunavsim,Warehouse,3,smallbox_0001,warehouse_3_event_11_smallbox_0001_putting_down_000906_000962.mp4,https://1drv.ms/v/c/e14d2464c52103f1/IQBXAp072y4zQZTnFo8C89W1ARsdwh0Pu4J5x8YHy_VhlF4,"A worker in a yellow safety vest or a light uniform puts down a small box beside the white warehouse wall, yellow forklift, stacked pallets, and blue rolling bins.",,,,,,,,,,
P045,3,warehouse_1_event_19_largebox_0002_lifting_000808_000885.mp4,3,45,12,Hunavsim,Warehouse,1,largebox_0002,warehouse_1_event_19_largebox_0002_lifting_000808_000885.mp4,https://1drv.ms/v/c/e14d2464c52103f1/IQAbjfsIeGxGS4hEfv1pWnncAXucOhyRfsSyr1SYsp-CvMI,"A worker in a yellow safety vest or a light uniform lifts a large cardboard box in a yellow-and-white warehouse with a forklift, blue bins, pallets, and tall metal racks.",,,,,,,,,,
P045,4,office_1_event_100_largebox_0001_kicking_004147_004226.mp4,2,55,189,Hunavsim,Office,1,largebox_0001,office_1_event_100_largebox_0001_kicking_004147_004226.mp4,https://1drv.ms/v/c/e14d2464c52103f1/IQAyRrlq4XGdSLgumF4wLcF6AXsnfW_rTrYx_W38n0nwGnA,"A person in a white or gray outfit kicks a large cardboard box in a meeting-style office with rows of chairs, desks, monitors, and a dark patterned carpet.",,,,,,,,,,
P045,5,hospital_1_event_10_tripod_0001_lifting_000849_000879.mp4,1,49,107,Hunavsim,Hospital,1,tripod_0001,hospital_1_event_10_tripod_0001_lifting_000849_000879.mp4,https://1drv.ms/v/c/e14d2464c52103f1/IQD4jQEgbM7-SoVyKY8HJQyiAVCsOty9mSMj0d6DUjs3ekY,"A person in a dark top and shorts or gray pants lifts a tripod in a bright hospital corridor with white walls, blue doors, yellow caution signs, and medical equipment along the wall.",,,,,,,,,,
P045,6,office_1_event_11_clothesstand_0001_lifting_001007_001068.mp4,1,54,143,Hunavsim,Office,1,clothesstand_0001,office_1_event_11_clothesstand_0001_lifting_001007_001068.mp4,https://1drv.ms/v/c/e14d2464c52103f1/IQCMK2tRcdIHTJt2VCPl000pAYKvbewkC77R2wqDKxUiXys,"A person in dark clothing lifts a clothes stand in an office lobby with a long table, monitors, large windows, potted plants, and patterned carpet.",,,,,,,,,,
P045,7,office_1_event_140_monitor_0003_lifting_005353_005408.mp4,3,61,196,Hunavsim,Office,1,monitor_0003,office_1_event_140_monitor_0003_lifting_005353_005408.mp4,https://1drv.ms/v/c/e14d2464c52103f1/IQCH6O8FrXtLT6hx7MplN3brAejgePuTl6Wt-DIrw9R3h8M,"A person in a pink or light-colored outfit lifts a computer monitor in a bright office room with desks, black chairs, computer monitors, doorway signage, and wall decorations.",,,,,,,,,,
P045,8,cubberly-auditorium-2019-04-22_0_image_6_riding_001137_001173_H121_O65000.mp4,5,17,21,JRDB,cubberly-auditorium-2019-04-22_0,6,bicycle/scooter,cubberly-auditorium-2019-04-22_0_image_6_riding_001137_001173_H121_O65000.mp4,https://1drv.ms/v/c/e14d2464c52103f1/IQAp3zEXjKcySKJEOrM1eZK3AYAZdWG-ztG0u3muBIg0gKk,A woman in a patterned jacket rides or holds a small bicycle or scooter device in a lobby.,https://1drv.ms/i/c/e14d2464c52103f1/IQB_urvbauaQQqrIkakYpo87AUynjSPWVHiPk6UNbrEK5gE,carrying,strained,large,narrow_corridor,fall_risk,,,VLM: carrying; human_state=strained; object_property=large; spatial_context=narrow_corridor; risk_factor=fall_risk; selected_frame=29; gt_activity=riding; human_iou=1.000; object_iou=1.000,29
P045,9,office_1_event_52_plasticbox_0001_kicking_002460_002502.mp4,2,64,167,Hunavsim,Office,1,plasticbox_0001,office_1_event_52_plasticbox_0001_kicking_002460_002502.mp4,https://1drv.ms/v/c/e14d2464c52103f1/IQCIBhaMHRKASYOJIkogu8usAVkLzHFXVEFznwSZC8DQKvM,"A person in a white or gray outfit kicks a plastic storage box in a meeting-style office with rows of chairs, desks, monitors, and a dark patterned carpet.",,,,,,,,,,
P045,10,gates-159-group-meeting-2019-04-03_0_image_0_holding_000009_000201_H1_O7.mp4,1,22,26,JRDB,gates-159-group-meeting-2019-04-03_0,0,controller,gates-159-group-meeting-2019-04-03_0_image_0_holding_000009_000201_H1_O7.mp4,https://1drv.ms/v/c/e14d2464c52103f1/IQBsLWi9c6Q9Tr2PV9XuykHvAU6Lh77EroBdN-LXjUWO210,A bald man in a plaid shirt stands in the meeting room holding a small controller at his waist.,https://1drv.ms/i/c/e14d2464c52103f1/IQBz-9TfcGjTQ41zVfXLmPmOAY7c1btpk5Zh7U_bNqfPo_Y,hold,normal,small,open_space,none,,,VLM: hold; human_state=normal; object_property=small; spatial_context=open_space; risk_factor=none; selected_frame=97; gt_activity=holding; human_iou=1.000; object_iou=1.000,97
P046,1,warehouse_1_event_71_plasticbox_0001_kick_002715_002856.mp4,1,44,34,Hunavsim,Warehouse,1,plasticbox_0001,warehouse_1_event_71_plasticbox_0001_kick_002715_002856.mp4,https://1drv.ms/v/c/e14d2464c52103f1/IQC06qtUB2moRK_kLvhKgfenAUBUNIUoddAPFrq0LNLdh1M,"A worker in a purple shirt and jeans kicks a plastic storage box in the open warehouse aisle near pallet stacks, a yellow forklift, and industrial shelving.",,,,,,,,,,
P046,2,warehouse_3_event_11_smallbox_0001_putting_down_000906_000962.mp4,5,42,66,Hunavsim,Warehouse,3,smallbox_0001,warehouse_3_event_11_smallbox_0001_putting_down_000906_000962.mp4,https://1drv.ms/v/c/e14d2464c52103f1/IQBXAp072y4zQZTnFo8C89W1ARsdwh0Pu4J5x8YHy_VhlF4,"A worker in a yellow safety vest or a light uniform puts down a small box beside the white warehouse wall, yellow forklift, stacked pallets, and blue rolling bins.",,,,,,,,,,
P046,3,warehouse_1_event_19_largebox_0002_lifting_000808_000885.mp4,4,45,12,Hunavsim,Warehouse,1,largebox_0002,warehouse_1_event_19_largebox_0002_lifting_000808_000885.mp4,https://1drv.ms/v/c/e14d2464c52103f1/IQAbjfsIeGxGS4hEfv1pWnncAXucOhyRfsSyr1SYsp-CvMI,"A worker in a yellow safety vest or a light uniform lifts a large cardboard box in a yellow-and-white warehouse with a forklift, blue bins, pallets, and tall metal racks.",,,,,,,,,,
P046,4,office_1_event_100_largebox_0001_kicking_004147_004226.mp4,3,55,189,Hunavsim,Office,1,largebox_0001,office_1_event_100_largebox_0001_kicking_004147_004226.mp4,https://1drv.ms/v/c/e14d2464c52103f1/IQAyRrlq4XGdSLgumF4wLcF6AXsnfW_rTrYx_W38n0nwGnA,"A person in a white or gray outfit kicks a large cardboard box in a meeting-style office with rows of chairs, desks, monitors, and a dark patterned carpet.",,,,,,,,,,
P046,5,hospital_1_event_10_tripod_0001_lifting_000849_000879.mp4,2,49,107,Hunavsim,Hospital,1,tripod_0001,hospital_1_event_10_tripod_0001_lifting_000849_000879.mp4,https://1drv.ms/v/c/e14d2464c52103f1/IQD4jQEgbM7-SoVyKY8HJQyiAVCsOty9mSMj0d6DUjs3ekY,"A person in a dark top and shorts or gray pants lifts a tripod in a bright hospital corridor with white walls, blue doors, yellow caution signs, and medical equipment along the wall.",,,,,,,,,,
P046,6,office_1_event_11_clothesstand_0001_lifting_001007_001068.mp4,2,54,143,Hunavsim,Office,1,clothesstand_0001,office_1_event_11_clothesstand_0001_lifting_001007_001068.mp4,https://1drv.ms/v/c/e14d2464c52103f1/IQCMK2tRcdIHTJt2VCPl000pAYKvbewkC77R2wqDKxUiXys,"A person in dark clothing lifts a clothes stand in an office lobby with a long table, monitors, large windows, potted plants, and patterned carpet.",,,,,,,,,,
P046,7,office_1_event_140_monitor_0003_lifting_005353_005408.mp4,4,61,196,Hunavsim,Office,1,monitor_0003,office_1_event_140_monitor_0003_lifting_005353_005408.mp4,https://1drv.ms/v/c/e14d2464c52103f1/IQCH6O8FrXtLT6hx7MplN3brAejgePuTl6Wt-DIrw9R3h8M,"A person in a pink or light-colored outfit lifts a computer monitor in a bright office room with desks, black chairs, computer monitors, doorway signage, and wall decorations.",,,,,,,,,,
P046,8,packard-poster-session-2019-03-20_1_image_2_pulling_000189_000309_H21_O23.mp4,1,30,34,JRDB,packard-poster-session-2019-03-20_1,2,board,packard-poster-session-2019-03-20_1_image_2_pulling_000189_000309_H21_O23.mp4,https://1drv.ms/v/c/e14d2464c52103f1/IQDqAuKDNWyMRYIs64TSxKtNAQ4QKvxdn_57IIzfUlKptW0,A man in a gray sweater and tan pants pulls a large white display board or poster panel.,https://1drv.ms/i/c/e14d2464c52103f1/IQB76oF8RJu4R5SyXFASBJSZAfjppG0FRgbiaDVKC0AhwOs,hold,strained,large,open_space,object_motion_risk,,,VLM: hold; human_state=strained; object_property=large; spatial_context=open_space; risk_factor=object_motion_risk; selected_frame=31; gt_activity=pulling; human_iou=1.000; object_iou=1.000,31
P046,9,office_1_event_52_plasticbox_0001_kicking_002460_002502.mp4,3,64,167,Hunavsim,Office,1,plasticbox_0001,office_1_event_52_plasticbox_0001_kicking_002460_002502.mp4,https://1drv.ms/v/c/e14d2464c52103f1/IQCIBhaMHRKASYOJIkogu8usAVkLzHFXVEFznwSZC8DQKvM,"A person in a white or gray outfit kicks a plastic storage box in a meeting-style office with rows of chairs, desks, monitors, and a dark patterned carpet.",,,,,,,,,,
P046,10,gates-159-group-meeting-2019-04-03_0_image_0_holding_000009_000201_H1_O7.mp4,2,22,26,JRDB,gates-159-group-meeting-2019-04-03_0,0,controller,gates-159-group-meeting-2019-04-03_0_image_0_holding_000009_000201_H1_O7.mp4,https://1drv.ms/v/c/e14d2464c52103f1/IQBsLWi9c6Q9Tr2PV9XuykHvAU6Lh77EroBdN-LXjUWO210,A bald man in a plaid shirt stands in the meeting room holding a small controller at his waist.,https://1drv.ms/i/c/e14d2464c52103f1/IQBz-9TfcGjTQ41zVfXLmPmOAY7c1btpk5Zh7U_bNqfPo_Y,hold,normal,small,open_space,none,,,VLM: hold; human_state=normal; object_property=small; spatial_context=open_space; risk_factor=none; selected_frame=97; gt_activity=holding; human_iou=1.000; object_iou=1.000,97
P047,1,warehouse_1_event_71_plasticbox_0001_kick_002715_002856.mp4,2,44,34,Hunavsim,Warehouse,1,plasticbox_0001,warehouse_1_event_71_plasticbox_0001_kick_002715_002856.mp4,https://1drv.ms/v/c/e14d2464c52103f1/IQC06qtUB2moRK_kLvhKgfenAUBUNIUoddAPFrq0LNLdh1M,"A worker in a purple shirt and jeans kicks a plastic storage box in the open warehouse aisle near pallet stacks, a yellow forklift, and industrial shelving.",,,,,,,,,,
P047,2,warehouse_3_event_11_smallbox_0001_lifting_000963_000982.mp4,1,42,67,Hunavsim,Warehouse,3,smallbox_0001,warehouse_3_event_11_smallbox_0001_lifting_000963_000982.mp4,https://1drv.ms/v/c/e14d2464c52103f1/IQBldy3zpf01Sp2IS6Es9C7MAUiBukedCh9nJwKXYHJ0yAY,"A worker in a yellow safety vest or a light uniform lifts a small box beside the white warehouse wall, yellow forklift, stacked pallets, and blue rolling bins.",,,,,,,,,,
P047,3,warehouse_1_event_19_largebox_0002_lifting_000808_000885.mp4,5,45,12,Hunavsim,Warehouse,1,largebox_0002,warehouse_1_event_19_largebox_0002_lifting_000808_000885.mp4,https://1drv.ms/v/c/e14d2464c52103f1/IQAbjfsIeGxGS4hEfv1pWnncAXucOhyRfsSyr1SYsp-CvMI,"A worker in a yellow safety vest or a light uniform lifts a large cardboard box in a yellow-and-white warehouse with a forklift, blue bins, pallets, and tall metal racks.",,,,,,,,,,
P047,4,office_1_event_100_largebox_0001_kicking_004147_004226.mp4,4,55,189,Hunavsim,Office,1,largebox_0001,office_1_event_100_largebox_0001_kicking_004147_004226.mp4,https://1drv.ms/v/c/e14d2464c52103f1/IQAyRrlq4XGdSLgumF4wLcF6AXsnfW_rTrYx_W38n0nwGnA,"A person in a white or gray outfit kicks a large cardboard box in a meeting-style office with rows of chairs, desks, monitors, and a dark patterned carpet.",,,,,,,,,,
P047,5,hospital_1_event_10_tripod_0001_lifting_000849_000879.mp4,3,49,107,Hunavsim,Hospital,1,tripod_0001,hospital_1_event_10_tripod_0001_lifting_000849_000879.mp4,https://1drv.ms/v/c/e14d2464c52103f1/IQD4jQEgbM7-SoVyKY8HJQyiAVCsOty9mSMj0d6DUjs3ekY,"A person in a dark top and shorts or gray pants lifts a tripod in a bright hospital corridor with white walls, blue doors, yellow caution signs, and medical equipment along the wall.",,,,,,,,,,
P047,6,office_1_event_11_clothesstand_0001_lifting_001007_001068.mp4,3,54,143,Hunavsim,Office,1,clothesstand_0001,office_1_event_11_clothesstand_0001_lifting_001007_001068.mp4,https://1drv.ms/v/c/e14d2464c52103f1/IQCMK2tRcdIHTJt2VCPl000pAYKvbewkC77R2wqDKxUiXys,"A person in dark clothing lifts a clothes stand in an office lobby with a long table, monitors, large windows, potted plants, and patterned carpet.",,,,,,,,,,
P047,7,office_1_event_140_monitor_0003_lifting_005353_005408.mp4,5,61,196,Hunavsim,Office,1,monitor_0003,office_1_event_140_monitor_0003_lifting_005353_005408.mp4,https://1drv.ms/v/c/e14d2464c52103f1/IQCH6O8FrXtLT6hx7MplN3brAejgePuTl6Wt-DIrw9R3h8M,"A person in a pink or light-colored outfit lifts a computer monitor in a bright office room with desks, black chairs, computer monitors, doorway signage, and wall decorations.",,,,,,,,,,
P047,8,packard-poster-session-2019-03-20_1_image_2_pulling_000189_000309_H21_O23.mp4,2,30,34,JRDB,packard-poster-session-2019-03-20_1,2,board,packard-poster-session-2019-03-20_1_image_2_pulling_000189_000309_H21_O23.mp4,https://1drv.ms/v/c/e14d2464c52103f1/IQDqAuKDNWyMRYIs64TSxKtNAQ4QKvxdn_57IIzfUlKptW0,A man in a gray sweater and tan pants pulls a large white display board or poster panel.,https://1drv.ms/i/c/e14d2464c52103f1/IQB76oF8RJu4R5SyXFASBJSZAfjppG0FRgbiaDVKC0AhwOs,hold,strained,large,open_space,object_motion_risk,,,VLM: hold; human_state=strained; object_property=large; spatial_context=open_space; risk_factor=object_motion_risk; selected_frame=31; gt_activity=pulling; human_iou=1.000; object_iou=1.000,31
P047,9,office_1_event_52_plasticbox_0001_kicking_002460_002502.mp4,4,64,167,Hunavsim,Office,1,plasticbox_0001,office_1_event_52_plasticbox_0001_kicking_002460_002502.mp4,https://1drv.ms/v/c/e14d2464c52103f1/IQCIBhaMHRKASYOJIkogu8usAVkLzHFXVEFznwSZC8DQKvM,"A person in a white or gray outfit kicks a plastic storage box in a meeting-style office with rows of chairs, desks, monitors, and a dark patterned carpet.",,,,,,,,,,
P047,10,gates-159-group-meeting-2019-04-03_0_image_0_holding_000009_000201_H1_O7.mp4,3,22,26,JRDB,gates-159-group-meeting-2019-04-03_0,0,controller,gates-159-group-meeting-2019-04-03_0_image_0_holding_000009_000201_H1_O7.mp4,https://1drv.ms/v/c/e14d2464c52103f1/IQBsLWi9c6Q9Tr2PV9XuykHvAU6Lh77EroBdN-LXjUWO210,A bald man in a plaid shirt stands in the meeting room holding a small controller at his waist.,https://1drv.ms/i/c/e14d2464c52103f1/IQBz-9TfcGjTQ41zVfXLmPmOAY7c1btpk5Zh7U_bNqfPo_Y,hold,normal,small,open_space,none,,,VLM: hold; human_state=normal; object_property=small; spatial_context=open_space; risk_factor=none; selected_frame=97; gt_activity=holding; human_iou=1.000; object_iou=1.000,97
P048,1,warehouse_1_event_71_plasticbox_0001_kick_002715_002856.mp4,3,44,34,Hunavsim,Warehouse,1,plasticbox_0001,warehouse_1_event_71_plasticbox_0001_kick_002715_002856.mp4,https://1drv.ms/v/c/e14d2464c52103f1/IQC06qtUB2moRK_kLvhKgfenAUBUNIUoddAPFrq0LNLdh1M,"A worker in a purple shirt and jeans kicks a plastic storage box in the open warehouse aisle near pallet stacks, a yellow forklift, and industrial shelving.",,,,,,,,,,
P048,2,warehouse_3_event_11_smallbox_0001_lifting_000963_000982.mp4,2,42,67,Hunavsim,Warehouse,3,smallbox_0001,warehouse_3_event_11_smallbox_0001_lifting_000963_000982.mp4,https://1drv.ms/v/c/e14d2464c52103f1/IQBldy3zpf01Sp2IS6Es9C7MAUiBukedCh9nJwKXYHJ0yAY,"A worker in a yellow safety vest or a light uniform lifts a small box beside the white warehouse wall, yellow forklift, stacked pallets, and blue rolling bins.",,,,,,,,,,
P048,3,warehouse_1_event_19_largebox_0002_carrying_000886_000986.mp4,1,45,13,Hunavsim,Warehouse,1,largebox_0002,warehouse_1_event_19_largebox_0002_carrying_000886_000986.mp4,https://1drv.ms/v/c/e14d2464c52103f1/IQCPy-inhgpHQ7DK5PVWShUQAXmu5uqbCT_siOJhlsoRCEs,"A worker in a yellow safety vest or a light uniform carries a large cardboard box in a yellow-and-white warehouse with a forklift, blue bins, pallets, and tall metal racks.",,,,,,,,,,
P048,4,office_1_event_100_largebox_0001_kicking_004147_004226.mp4,5,55,189,Hunavsim,Office,1,largebox_0001,office_1_event_100_largebox_0001_kicking_004147_004226.mp4,https://1drv.ms/v/c/e14d2464c52103f1/IQAyRrlq4XGdSLgumF4wLcF6AXsnfW_rTrYx_W38n0nwGnA,"A person in a white or gray outfit kicks a large cardboard box in a meeting-style office with rows of chairs, desks, monitors, and a dark patterned carpet.",,,,,,,,,,
P048,5,hospital_1_event_10_tripod_0001_lifting_000849_000879.mp4,4,49,107,Hunavsim,Hospital,1,tripod_0001,hospital_1_event_10_tripod_0001_lifting_000849_000879.mp4,https://1drv.ms/v/c/e14d2464c52103f1/IQD4jQEgbM7-SoVyKY8HJQyiAVCsOty9mSMj0d6DUjs3ekY,"A person in a dark top and shorts or gray pants lifts a tripod in a bright hospital corridor with white walls, blue doors, yellow caution signs, and medical equipment along the wall.",,,,,,,,,,
P048,6,office_1_event_11_clothesstand_0001_lifting_001007_001068.mp4,4,54,143,Hunavsim,Office,1,clothesstand_0001,office_1_event_11_clothesstand_0001_lifting_001007_001068.mp4,https://1drv.ms/v/c/e14d2464c52103f1/IQCMK2tRcdIHTJt2VCPl000pAYKvbewkC77R2wqDKxUiXys,"A person in dark clothing lifts a clothes stand in an office lobby with a long table, monitors, large windows, potted plants, and patterned carpet.",,,,,,,,,,
P048,7,office_1_event_173_monitor_0004_lifting_007546_007596.mp4,1,62,208,Hunavsim,Office,1,monitor_0004,office_1_event_173_monitor_0004_lifting_007546_007596.mp4,https://1drv.ms/v/c/e14d2464c52103f1/IQAxLjDDihmxQqrTxogqYGLiARPV8punDG_n19uGsyQtgr4,"A person in a dark top near the office doorway lifts a computer monitor in a bright office room with desks, black chairs, computer monitors, doorway signage, and wall decorations.",,,,,,,,,,
P048,8,packard-poster-session-2019-03-20_1_image_2_pulling_000189_000309_H21_O23.mp4,3,30,34,JRDB,packard-poster-session-2019-03-20_1,2,board,packard-poster-session-2019-03-20_1_image_2_pulling_000189_000309_H21_O23.mp4,https://1drv.ms/v/c/e14d2464c52103f1/IQDqAuKDNWyMRYIs64TSxKtNAQ4QKvxdn_57IIzfUlKptW0,A man in a gray sweater and tan pants pulls a large white display board or poster panel.,https://1drv.ms/i/c/e14d2464c52103f1/IQB76oF8RJu4R5SyXFASBJSZAfjppG0FRgbiaDVKC0AhwOs,hold,strained,large,open_space,object_motion_risk,,,VLM: hold; human_state=strained; object_property=large; spatial_context=open_space; risk_factor=object_motion_risk; selected_frame=31; gt_activity=pulling; human_iou=1.000; object_iou=1.000,31
P048,9,office_1_event_52_plasticbox_0001_kicking_002460_002502.mp4,5,64,167,Hunavsim,Office,1,plasticbox_0001,office_1_event_52_plasticbox_0001_kicking_002460_002502.mp4,https://1drv.ms/v/c/e14d2464c52103f1/IQCIBhaMHRKASYOJIkogu8usAVkLzHFXVEFznwSZC8DQKvM,"A person in a white or gray outfit kicks a plastic storage box in a meeting-style office with rows of chairs, desks, monitors, and a dark patterned carpet.",,,,,,,,,,
P048,10,gates-159-group-meeting-2019-04-03_0_image_0_holding_000009_000201_H1_O7.mp4,4,22,26,JRDB,gates-159-group-meeting-2019-04-03_0,0,controller,gates-159-group-meeting-2019-04-03_0_image_0_holding_000009_000201_H1_O7.mp4,https://1drv.ms/v/c/e14d2464c52103f1/IQBsLWi9c6Q9Tr2PV9XuykHvAU6Lh77EroBdN-LXjUWO210,A bald man in a plaid shirt stands in the meeting room holding a small controller at his waist.,https://1drv.ms/i/c/e14d2464c52103f1/IQBz-9TfcGjTQ41zVfXLmPmOAY7c1btpk5Zh7U_bNqfPo_Y,hold,normal,small,open_space,none,,,VLM: hold; human_state=normal; object_property=small; spatial_context=open_space; risk_factor=none; selected_frame=97; gt_activity=holding; human_iou=1.000; object_iou=1.000,97
P049,1,warehouse_1_event_71_plasticbox_0001_kick_002715_002856.mp4,4,44,34,Hunavsim,Warehouse,1,plasticbox_0001,warehouse_1_event_71_plasticbox_0001_kick_002715_002856.mp4,https://1drv.ms/v/c/e14d2464c52103f1/IQC06qtUB2moRK_kLvhKgfenAUBUNIUoddAPFrq0LNLdh1M,"A worker in a purple shirt and jeans kicks a plastic storage box in the open warehouse aisle near pallet stacks, a yellow forklift, and industrial shelving.",,,,,,,,,,
P049,2,warehouse_3_event_11_smallbox_0001_lifting_000963_000982.mp4,3,42,67,Hunavsim,Warehouse,3,smallbox_0001,warehouse_3_event_11_smallbox_0001_lifting_000963_000982.mp4,https://1drv.ms/v/c/e14d2464c52103f1/IQBldy3zpf01Sp2IS6Es9C7MAUiBukedCh9nJwKXYHJ0yAY,"A worker in a yellow safety vest or a light uniform lifts a small box beside the white warehouse wall, yellow forklift, stacked pallets, and blue rolling bins.",,,,,,,,,,
P049,3,warehouse_1_event_19_largebox_0002_carrying_000886_000986.mp4,2,45,13,Hunavsim,Warehouse,1,largebox_0002,warehouse_1_event_19_largebox_0002_carrying_000886_000986.mp4,https://1drv.ms/v/c/e14d2464c52103f1/IQCPy-inhgpHQ7DK5PVWShUQAXmu5uqbCT_siOJhlsoRCEs,"A worker in a yellow safety vest or a light uniform carries a large cardboard box in a yellow-and-white warehouse with a forklift, blue bins, pallets, and tall metal racks.",,,,,,,,,,
P049,4,warehouse_2_event_02_woodchair_0001_carrying_000301_000398.mp4,3,47,39,Hunavsim,Warehouse,2,woodchair_0001,warehouse_2_event_02_woodchair_0001_carrying_000301_000398.mp4,https://1drv.ms/v/c/e14d2464c52103f1/IQCdsuQvbRKjQ5h_Xpr9Sj3dASNdtEgHnP3SK4uO-hNxxOY,"A person in a dark outfit or purple pants carries a wooden chair in a yellow-and-white warehouse with a forklift, blue bins, pallets, and tall metal racks.",,,,,,,,,,
P049,5,hospital_1_event_10_tripod_0001_lifting_000849_000879.mp4,5,49,107,Hunavsim,Hospital,1,tripod_0001,hospital_1_event_10_tripod_0001_lifting_000849_000879.mp4,https://1drv.ms/v/c/e14d2464c52103f1/IQD4jQEgbM7-SoVyKY8HJQyiAVCsOty9mSMj0d6DUjs3ekY,"A person in a dark top and shorts or gray pants lifts a tripod in a bright hospital corridor with white walls, blue doors, yellow caution signs, and medical equipment along the wall.",,,,,,,,,,
P049,6,office_1_event_48_monitor_0002_putting_down_002264_002292.mp4,1,60,162,Hunavsim,Office,1,monitor_0002,office_1_event_48_monitor_0002_putting_down_002264_002292.mp4,https://1drv.ms/v/c/e14d2464c52103f1/IQBcnjfm2xO6RZAeZCragrcJAZsm7FYBY79rjEApUXVwtsM,"A person in dark clothing puts down a computer monitor in a meeting-style office with rows of chairs, desks, monitors, and a dark patterned carpet.",,,,,,,,,,
P049,7,office_1_event_11_clothesstand_0001_putting_down_001069_001109.mp4,5,54,144,Hunavsim,Office,1,clothesstand_0001,office_1_event_11_clothesstand_0001_putting_down_001069_001109.mp4,https://1drv.ms/v/c/e14d2464c52103f1/IQBS96pW-Uw-R58jW5-Lv3pPAVbZCR4AeY1himTfIKt9nsE,"A person in dark clothing puts down a clothes stand in an office lobby with a long table, monitors, large windows, potted plants, and patterned carpet.",,,,,,,,,,
P049,8,office_1_event_56_smalltable_0001_lifting_002665_002705.mp4,4,65,169,Hunavsim,Office,1,smalltable_0001,office_1_event_56_smalltable_0001_lifting_002665_002705.mp4,https://1drv.ms/v/c/e14d2464c52103f1/IQDjTXg4FhjgTbVPAk3gDX9hAdbEQF-0TrGWPVscMJHNZ6s,"A person in a white or gray outfit lifts a small table in a meeting-style office with rows of chairs, desks, monitors, and a dark patterned carpet.",,,,,,,,,,
P049,9,svl-meeting-gates-2-2019-04-08_1_image_6_carrying_000714_000777_H27_O65000.mp4,3,38,47,JRDB,svl-meeting-gates-2-2019-04-08_1,6,monitor,svl-meeting-gates-2-2019-04-08_1_image_6_carrying_000714_000777_H27_O65000.mp4,https://1drv.ms/v/c/e14d2464c52103f1/IQDs6Op8eJj3SprQrIvkdyT4AWgiT__LWZB1R1e9YCwPMVw,A dark-jacketed person near a hallway doorway carries a monitor in front of their body.,https://1drv.ms/i/c/e14d2464c52103f1/IQC55t5HmHXfQLrmpriZM5EjAZEZu91-Ua5DDB7xLxM63Zc,hold,normal,large,narrow_corridor,object_motion_risk,,,VLM: hold; human_state=normal; object_property=large; spatial_context=narrow_corridor; risk_factor=object_motion_risk; selected_frame=49; gt_activity=carrying; human_iou=0.974; object_iou=1.000,49
P049,10,gates-159-group-meeting-2019-04-03_0_image_0_holding_000009_000201_H1_O7.mp4,5,22,26,JRDB,gates-159-group-meeting-2019-04-03_0,0,controller,gates-159-group-meeting-2019-04-03_0_image_0_holding_000009_000201_H1_O7.mp4,https://1drv.ms/v/c/e14d2464c52103f1/IQBsLWi9c6Q9Tr2PV9XuykHvAU6Lh77EroBdN-LXjUWO210,A bald man in a plaid shirt stands in the meeting room holding a small controller at his waist.,https://1drv.ms/i/c/e14d2464c52103f1/IQBz-9TfcGjTQ41zVfXLmPmOAY7c1btpk5Zh7U_bNqfPo_Y,hold,normal,small,open_space,none,,,VLM: hold; human_state=normal; object_property=small; spatial_context=open_space; risk_factor=none; selected_frame=97; gt_activity=holding; human_iou=1.000; object_iou=1.000,97
P050,1,warehouse_1_event_71_plasticbox_0001_kick_002715_002856.mp4,5,44,34,Hunavsim,Warehouse,1,plasticbox_0001,warehouse_1_event_71_plasticbox_0001_kick_002715_002856.mp4,https://1drv.ms/v/c/e14d2464c52103f1/IQC06qtUB2moRK_kLvhKgfenAUBUNIUoddAPFrq0LNLdh1M,"A worker in a purple shirt and jeans kicks a plastic storage box in the open warehouse aisle near pallet stacks, a yellow forklift, and industrial shelving.",,,,,,,,,,
P050,2,warehouse_3_event_11_smallbox_0001_lifting_000963_000982.mp4,4,42,67,Hunavsim,Warehouse,3,smallbox_0001,warehouse_3_event_11_smallbox_0001_lifting_000963_000982.mp4,https://1drv.ms/v/c/e14d2464c52103f1/IQBldy3zpf01Sp2IS6Es9C7MAUiBukedCh9nJwKXYHJ0yAY,"A worker in a yellow safety vest or a light uniform lifts a small box beside the white warehouse wall, yellow forklift, stacked pallets, and blue rolling bins.",,,,,,,,,,
P050,3,warehouse_1_event_19_largebox_0002_carrying_000886_000986.mp4,3,45,13,Hunavsim,Warehouse,1,largebox_0002,warehouse_1_event_19_largebox_0002_carrying_000886_000986.mp4,https://1drv.ms/v/c/e14d2464c52103f1/IQCPy-inhgpHQ7DK5PVWShUQAXmu5uqbCT_siOJhlsoRCEs,"A worker in a yellow safety vest or a light uniform carries a large cardboard box in a yellow-and-white warehouse with a forklift, blue bins, pallets, and tall metal racks.",,,,,,,,,,
P050,4,warehouse_2_event_02_woodchair_0001_carrying_000301_000398.mp4,4,47,39,Hunavsim,Warehouse,2,woodchair_0001,warehouse_2_event_02_woodchair_0001_carrying_000301_000398.mp4,https://1drv.ms/v/c/e14d2464c52103f1/IQCdsuQvbRKjQ5h_Xpr9Sj3dASNdtEgHnP3SK4uO-hNxxOY,"A person in a dark outfit or purple pants carries a wooden chair in a yellow-and-white warehouse with a forklift, blue bins, pallets, and tall metal racks.",,,,,,,,,,
P050,5,hospital_1_event_10_tripod_0001_putting_down_000880_000928.mp4,1,49,108,Hunavsim,Hospital,1,tripod_0001,hospital_1_event_10_tripod_0001_putting_down_000880_000928.mp4,https://1drv.ms/v/c/e14d2464c52103f1/IQAOewVqbi1dSYBgnjVpEMYSAfqbjf-Rx0OHRtTyxrfVehQ,"A person in a dark top and shorts or gray pants puts down a tripod in a bright hospital corridor with white walls, blue doors, yellow caution signs, and medical equipment along the wall.",,,,,,,,,,
P050,6,office_1_event_48_monitor_0002_putting_down_002264_002292.mp4,2,60,162,Hunavsim,Office,1,monitor_0002,office_1_event_48_monitor_0002_putting_down_002264_002292.mp4,https://1drv.ms/v/c/e14d2464c52103f1/IQBcnjfm2xO6RZAeZCragrcJAZsm7FYBY79rjEApUXVwtsM,"A person in dark clothing puts down a computer monitor in a meeting-style office with rows of chairs, desks, monitors, and a dark patterned carpet.",,,,,,,,,,
P050,7,office_1_event_11_clothesstand_0001_lifting_001110_001189.mp4,1,54,145,Hunavsim,Office,1,clothesstand_0001,office_1_event_11_clothesstand_0001_lifting_001110_001189.mp4,https://1drv.ms/v/c/e14d2464c52103f1/IQAFdqJJLaVdQ5VQ3VPuIN0LAQxEv4cF76bIEKxBJHPos-g,"A person in dark clothing lifts a clothes stand in an office lobby with a long table, monitors, large windows, potted plants, and patterned carpet.",,,,,,,,,,
P050,8,office_1_event_56_smalltable_0001_lifting_002665_002705.mp4,5,65,169,Hunavsim,Office,1,smalltable_0001,office_1_event_56_smalltable_0001_lifting_002665_002705.mp4,https://1drv.ms/v/c/e14d2464c52103f1/IQDjTXg4FhjgTbVPAk3gDX9hAdbEQF-0TrGWPVscMJHNZ6s,"A person in a white or gray outfit lifts a small table in a meeting-style office with rows of chairs, desks, monitors, and a dark patterned carpet.",,,,,,,,,,
P050,9,svl-meeting-gates-2-2019-04-08_1_image_6_carrying_000714_000777_H27_O65000.mp4,4,38,47,JRDB,svl-meeting-gates-2-2019-04-08_1,6,monitor,svl-meeting-gates-2-2019-04-08_1_image_6_carrying_000714_000777_H27_O65000.mp4,https://1drv.ms/v/c/e14d2464c52103f1/IQDs6Op8eJj3SprQrIvkdyT4AWgiT__LWZB1R1e9YCwPMVw,A dark-jacketed person near a hallway doorway carries a monitor in front of their body.,https://1drv.ms/i/c/e14d2464c52103f1/IQC55t5HmHXfQLrmpriZM5EjAZEZu91-Ua5DDB7xLxM63Zc,hold,normal,large,narrow_corridor,object_motion_risk,,,VLM: hold; human_state=normal; object_property=large; spatial_context=narrow_corridor; risk_factor=object_motion_risk; selected_frame=49; gt_activity=carrying; human_iou=0.974; object_iou=1.000,49
P050,10,gates-159-group-meeting-2019-04-03_0_image_0_carrying_000016_000240_H3_O2.mp4,1,23,27,JRDB,gates-159-group-meeting-2019-04-03_0,0,machines,gates-159-group-meeting-2019-04-03_0_image_0_carrying_000016_000240_H3_O2.mp4,https://1drv.ms/v/c/e14d2464c52103f1/IQBWLGwOTBq6QbA4jzhIdT1JAYHtA-zUxy89s0zPYQrzBbQ,A man in a gray shirt near the right side of the meeting room carries a small machine-like item near a table and doorway.,https://1drv.ms/i/c/e14d2464c52103f1/IQColSnnEcnMS6M5Y__QBldMATooOkAdVTNj2UGnubzY2CI,hold,strained,large,open_space,object_motion_risk,,,VLM: hold; human_state=strained; object_property=large; spatial_context=open_space; risk_factor=object_motion_risk; selected_frame=169; gt_activity=carrying; human_iou=0.026; object_iou=1.000,169
P051,1,warehouse_2_event_22_plasticbox_0001_carrying_001370_001520.mp4,1,44,50,Hunavsim,Warehouse,2,plasticbox_0001,warehouse_2_event_22_plasticbox_0001_carrying_001370_001520.mp4,https://1drv.ms/v/c/e14d2464c52103f1/IQAr0RUmoT2CSJwupUA_UpzSATx2EBdcCcV57D_wUMKXO0Q,"A worker in a yellow safety vest or a light uniform carries a plastic storage box beside the white warehouse wall, yellow forklift, stacked pallets, and blue rolling bins.",,,,,,,,,,
P051,2,warehouse_3_event_11_smallbox_0001_lifting_000963_000982.mp4,5,42,67,Hunavsim,Warehouse,3,smallbox_0001,warehouse_3_event_11_smallbox_0001_lifting_000963_000982.mp4,https://1drv.ms/v/c/e14d2464c52103f1/IQBldy3zpf01Sp2IS6Es9C7MAUiBukedCh9nJwKXYHJ0yAY,"A worker in a yellow safety vest or a light uniform lifts a small box beside the white warehouse wall, yellow forklift, stacked pallets, and blue rolling bins.",,,,,,,,,,
P051,3,warehouse_1_event_19_largebox_0002_carrying_000886_000986.mp4,4,45,13,Hunavsim,Warehouse,1,largebox_0002,warehouse_1_event_19_largebox_0002_carrying_000886_000986.mp4,https://1drv.ms/v/c/e14d2464c52103f1/IQCPy-inhgpHQ7DK5PVWShUQAXmu5uqbCT_siOJhlsoRCEs,"A worker in a yellow safety vest or a light uniform carries a large cardboard box in a yellow-and-white warehouse with a forklift, blue bins, pallets, and tall metal racks.",,,,,,,,,,
P051,4,warehouse_2_event_02_woodchair_0001_carrying_000301_000398.mp4,5,47,39,Hunavsim,Warehouse,2,woodchair_0001,warehouse_2_event_02_woodchair_0001_carrying_000301_000398.mp4,https://1drv.ms/v/c/e14d2464c52103f1/IQCdsuQvbRKjQ5h_Xpr9Sj3dASNdtEgHnP3SK4uO-hNxxOY,"A person in a dark outfit or purple pants carries a wooden chair in a yellow-and-white warehouse with a forklift, blue bins, pallets, and tall metal racks.",,,,,,,,,,
P051,5,hospital_1_event_10_tripod_0001_putting_down_000880_000928.mp4,2,49,108,Hunavsim,Hospital,1,tripod_0001,hospital_1_event_10_tripod_0001_putting_down_000880_000928.mp4,https://1drv.ms/v/c/e14d2464c52103f1/IQAOewVqbi1dSYBgnjVpEMYSAfqbjf-Rx0OHRtTyxrfVehQ,"A person in a dark top and shorts or gray pants puts down a tripod in a bright hospital corridor with white walls, blue doors, yellow caution signs, and medical equipment along the wall.",,,,,,,,,,
P051,6,office_1_event_48_monitor_0002_putting_down_002264_002292.mp4,3,60,162,Hunavsim,Office,1,monitor_0002,office_1_event_48_monitor_0002_putting_down_002264_002292.mp4,https://1drv.ms/v/c/e14d2464c52103f1/IQBcnjfm2xO6RZAeZCragrcJAZsm7FYBY79rjEApUXVwtsM,"A person in dark clothing puts down a computer monitor in a meeting-style office with rows of chairs, desks, monitors, and a dark patterned carpet.",,,,,,,,,,
P051,7,office_1_event_11_clothesstand_0001_lifting_001110_001189.mp4,2,54,145,Hunavsim,Office,1,clothesstand_0001,office_1_event_11_clothesstand_0001_lifting_001110_001189.mp4,https://1drv.ms/v/c/e14d2464c52103f1/IQAFdqJJLaVdQ5VQ3VPuIN0LAQxEv4cF76bIEKxBJHPos-g,"A person in dark clothing lifts a clothes stand in an office lobby with a long table, monitors, large windows, potted plants, and patterned carpet.",,,,,,,,,,
P051,8,office_1_event_56_smalltable_0001_putting_down_002706_002756.mp4,1,65,170,Hunavsim,Office,1,smalltable_0001,office_1_event_56_smalltable_0001_putting_down_002706_002756.mp4,https://1drv.ms/v/c/e14d2464c52103f1/IQAXeoDdu8GGS5j89KmSGMo1Aft4kB3yvQq4UBscoRQXXu4,"A person in a white or gray outfit puts down a small table in a meeting-style office with rows of chairs, desks, monitors, and a dark patterned carpet.",,,,,,,,,,
P051,9,svl-meeting-gates-2-2019-04-08_1_image_6_carrying_000714_000777_H27_O65000.mp4,5,38,47,JRDB,svl-meeting-gates-2-2019-04-08_1,6,monitor,svl-meeting-gates-2-2019-04-08_1_image_6_carrying_000714_000777_H27_O65000.mp4,https://1drv.ms/v/c/e14d2464c52103f1/IQDs6Op8eJj3SprQrIvkdyT4AWgiT__LWZB1R1e9YCwPMVw,A dark-jacketed person near a hallway doorway carries a monitor in front of their body.,https://1drv.ms/i/c/e14d2464c52103f1/IQC55t5HmHXfQLrmpriZM5EjAZEZu91-Ua5DDB7xLxM63Zc,hold,normal,large,narrow_corridor,object_motion_risk,,,VLM: hold; human_state=normal; object_property=large; spatial_context=narrow_corridor; risk_factor=object_motion_risk; selected_frame=49; gt_activity=carrying; human_iou=0.974; object_iou=1.000,49
P051,10,gates-159-group-meeting-2019-04-03_0_image_0_carrying_000016_000240_H3_O2.mp4,2,23,27,JRDB,gates-159-group-meeting-2019-04-03_0,0,machines,gates-159-group-meeting-2019-04-03_0_image_0_carrying_000016_000240_H3_O2.mp4,https://1drv.ms/v/c/e14d2464c52103f1/IQBWLGwOTBq6QbA4jzhIdT1JAYHtA-zUxy89s0zPYQrzBbQ,A man in a gray shirt near the right side of the meeting room carries a small machine-like item near a table and doorway.,https://1drv.ms/i/c/e14d2464c52103f1/IQColSnnEcnMS6M5Y__QBldMATooOkAdVTNj2UGnubzY2CI,hold,strained,large,open_space,object_motion_risk,,,VLM: hold; human_state=strained; object_property=large; spatial_context=open_space; risk_factor=object_motion_risk; selected_frame=169; gt_activity=carrying; human_iou=0.026; object_iou=1.000,169
P052,1,warehouse_2_event_22_plasticbox_0001_carrying_001370_001520.mp4,2,44,50,Hunavsim,Warehouse,2,plasticbox_0001,warehouse_2_event_22_plasticbox_0001_carrying_001370_001520.mp4,https://1drv.ms/v/c/e14d2464c52103f1/IQAr0RUmoT2CSJwupUA_UpzSATx2EBdcCcV57D_wUMKXO0Q,"A worker in a yellow safety vest or a light uniform carries a plastic storage box beside the white warehouse wall, yellow forklift, stacked pallets, and blue rolling bins.",,,,,,,,,,
P052,2,warehouse_3_event_27_smallbox_0001_carrying_001420_001470.mp4,1,42,74,Hunavsim,Warehouse,3,smallbox_0001,warehouse_3_event_27_smallbox_0001_carrying_001420_001470.mp4,https://1drv.ms/v/c/e14d2464c52103f1/IQCgMm6bA7L4S77ziAslblU9AfemEhyTC364ttnWUxi-EPw,"A worker in a yellow safety vest or a light uniform carries a small box beside the white warehouse wall, yellow forklift, stacked pallets, and blue rolling bins.",,,,,,,,,,
P052,3,warehouse_1_event_19_largebox_0002_carrying_000886_000986.mp4,5,45,13,Hunavsim,Warehouse,1,largebox_0002,warehouse_1_event_19_largebox_0002_carrying_000886_000986.mp4,https://1drv.ms/v/c/e14d2464c52103f1/IQCPy-inhgpHQ7DK5PVWShUQAXmu5uqbCT_siOJhlsoRCEs,"A worker in a yellow safety vest or a light uniform carries a large cardboard box in a yellow-and-white warehouse with a forklift, blue bins, pallets, and tall metal racks.",,,,,,,,,,
P052,4,warehouse_2_event_19_woodchair_0001_carrying_000827_000843.mp4,1,47,45,Hunavsim,Warehouse,2,woodchair_0001,warehouse_2_event_19_woodchair_0001_carrying_000827_000843.mp4,https://1drv.ms/v/c/e14d2464c52103f1/IQBt9uWTVLrnQaWJIZ0SPP7qAaNKA8PvR3N33VgJzNeI21A,"A worker in a yellow safety vest or a light uniform carries a wooden chair in a yellow-and-white warehouse with a forklift, blue bins, pallets, and tall metal racks.",,,,,,,,,,
P052,5,hospital_1_event_10_tripod_0001_putting_down_000880_000928.mp4,3,49,108,Hunavsim,Hospital,1,tripod_0001,hospital_1_event_10_tripod_0001_putting_down_000880_000928.mp4,https://1drv.ms/v/c/e14d2464c52103f1/IQAOewVqbi1dSYBgnjVpEMYSAfqbjf-Rx0OHRtTyxrfVehQ,"A person in a dark top and shorts or gray pants puts down a tripod in a bright hospital corridor with white walls, blue doors, yellow caution signs, and medical equipment along the wall.",,,,,,,,,,
P052,6,office_1_event_48_monitor_0002_putting_down_002264_002292.mp4,4,60,162,Hunavsim,Office,1,monitor_0002,office_1_event_48_monitor_0002_putting_down_002264_002292.mp4,https://1drv.ms/v/c/e14d2464c52103f1/IQBcnjfm2xO6RZAeZCragrcJAZsm7FYBY79rjEApUXVwtsM,"A person in dark clothing puts down a computer monitor in a meeting-style office with rows of chairs, desks, monitors, and a dark patterned carpet.",,,,,,,,,,
P052,7,office_1_event_11_clothesstand_0001_lifting_001110_001189.mp4,3,54,145,Hunavsim,Office,1,clothesstand_0001,office_1_event_11_clothesstand_0001_lifting_001110_001189.mp4,https://1drv.ms/v/c/e14d2464c52103f1/IQAFdqJJLaVdQ5VQ3VPuIN0LAQxEv4cF76bIEKxBJHPos-g,"A person in dark clothing lifts a clothes stand in an office lobby with a long table, monitors, large windows, potted plants, and patterned carpet.",,,,,,,,,,
P052,8,office_1_event_56_smalltable_0001_putting_down_002706_002756.mp4,2,65,170,Hunavsim,Office,1,smalltable_0001,office_1_event_56_smalltable_0001_putting_down_002706_002756.mp4,https://1drv.ms/v/c/e14d2464c52103f1/IQAXeoDdu8GGS5j89KmSGMo1Aft4kB3yvQq4UBscoRQXXu4,"A person in a white or gray outfit puts down a small table in a meeting-style office with rows of chairs, desks, monitors, and a dark patterned carpet.",,,,,,,,,,
P052,9,tressider-2019-04-26_2_image_4_pushing_000093_000303_H2_O65000.mp4,1,39,48,JRDB,tressider-2019-04-26_2,4,trolley,tressider-2019-04-26_2_image_4_pushing_000093_000303_H2_O65000.mp4,https://1drv.ms/v/c/e14d2464c52103f1/IQBqcie4uiA_R6kY8qtMZVclAXxi4mH9cy4Qaty_0HywTy4,A woman in a black-and-white striped sleeveless top pushes a stroller or wheelchair in a crowded cafe line.,https://1drv.ms/i/c/e14d2464c52103f1/IQCWzE15aRWlRpYZH5x0_dIqAVMHw6pNoY6DR3AAaKbw_gM,hold,normal,small,crowded,none,,,VLM: hold; human_state=normal; object_property=small; spatial_context=crowded; risk_factor=none; selected_frame=107; gt_activity=pushing; human_iou=0.994; object_iou=1.000,107
P052,10,gates-159-group-meeting-2019-04-03_0_image_0_carrying_000016_000240_H3_O2.mp4,3,23,27,JRDB,gates-159-group-meeting-2019-04-03_0,0,machines,gates-159-group-meeting-2019-04-03_0_image_0_carrying_000016_000240_H3_O2.mp4,https://1drv.ms/v/c/e14d2464c52103f1/IQBWLGwOTBq6QbA4jzhIdT1JAYHtA-zUxy89s0zPYQrzBbQ,A man in a gray shirt near the right side of the meeting room carries a small machine-like item near a table and doorway.,https://1drv.ms/i/c/e14d2464c52103f1/IQColSnnEcnMS6M5Y__QBldMATooOkAdVTNj2UGnubzY2CI,hold,strained,large,open_space,object_motion_risk,,,VLM: hold; human_state=strained; object_property=large; spatial_context=open_space; risk_factor=object_motion_risk; selected_frame=169; gt_activity=carrying; human_iou=0.026; object_iou=1.000,169
P053,1,warehouse_2_event_22_plasticbox_0001_carrying_001370_001520.mp4,3,44,50,Hunavsim,Warehouse,2,plasticbox_0001,warehouse_2_event_22_plasticbox_0001_carrying_001370_001520.mp4,https://1drv.ms/v/c/e14d2464c52103f1/IQAr0RUmoT2CSJwupUA_UpzSATx2EBdcCcV57D_wUMKXO0Q,"A worker in a yellow safety vest or a light uniform carries a plastic storage box beside the white warehouse wall, yellow forklift, stacked pallets, and blue rolling bins.",,,,,,,,,,
P053,2,warehouse_3_event_27_smallbox_0001_carrying_001420_001470.mp4,2,42,74,Hunavsim,Warehouse,3,smallbox_0001,warehouse_3_event_27_smallbox_0001_carrying_001420_001470.mp4,https://1drv.ms/v/c/e14d2464c52103f1/IQCgMm6bA7L4S77ziAslblU9AfemEhyTC364ttnWUxi-EPw,"A worker in a yellow safety vest or a light uniform carries a small box beside the white warehouse wall, yellow forklift, stacked pallets, and blue rolling bins.",,,,,,,,,,
P053,3,warehouse_2_event_17_largebox_0002_lifting_000756_000824.mp4,1,45,44,Hunavsim,Warehouse,2,largebox_0002,warehouse_2_event_17_largebox_0002_lifting_000756_000824.mp4,https://1drv.ms/v/c/e14d2464c52103f1/IQBY6V9MpKNMTawe46BDp3qWAY4tBfiOzQ0RP0W-iVBiVvM,"A worker in a yellow safety vest or a light uniform lifts a large cardboard box in a yellow-and-white warehouse with a forklift, blue bins, pallets, and tall metal racks.",,,,,,,,,,
P053,4,warehouse_2_event_19_woodchair_0001_carrying_000827_000843.mp4,2,47,45,Hunavsim,Warehouse,2,woodchair_0001,warehouse_2_event_19_woodchair_0001_carrying_000827_000843.mp4,https://1drv.ms/v/c/e14d2464c52103f1/IQBt9uWTVLrnQaWJIZ0SPP7qAaNKA8PvR3N33VgJzNeI21A,"A worker in a yellow safety vest or a light uniform carries a wooden chair in a yellow-and-white warehouse with a forklift, blue bins, pallets, and tall metal racks.",,,,,,,,,,
P053,5,hospital_1_event_10_tripod_0001_putting_down_000880_000928.mp4,4,49,108,Hunavsim,Hospital,1,tripod_0001,hospital_1_event_10_tripod_0001_putting_down_000880_000928.mp4,https://1drv.ms/v/c/e14d2464c52103f1/IQAOewVqbi1dSYBgnjVpEMYSAfqbjf-Rx0OHRtTyxrfVehQ,"A person in a dark top and shorts or gray pants puts down a tripod in a bright hospital corridor with white walls, blue doors, yellow caution signs, and medical equipment along the wall.",,,,,,,,,,
P053,6,office_1_event_48_monitor_0002_putting_down_002264_002292.mp4,5,60,162,Hunavsim,Office,1,monitor_0002,office_1_event_48_monitor_0002_putting_down_002264_002292.mp4,https://1drv.ms/v/c/e14d2464c52103f1/IQBcnjfm2xO6RZAeZCragrcJAZsm7FYBY79rjEApUXVwtsM,"A person in dark clothing puts down a computer monitor in a meeting-style office with rows of chairs, desks, monitors, and a dark patterned carpet.",,,,,,,,,,
P053,7,office_1_event_11_clothesstand_0001_lifting_001110_001189.mp4,4,54,145,Hunavsim,Office,1,clothesstand_0001,office_1_event_11_clothesstand_0001_lifting_001110_001189.mp4,https://1drv.ms/v/c/e14d2464c52103f1/IQAFdqJJLaVdQ5VQ3VPuIN0LAQxEv4cF76bIEKxBJHPos-g,"A person in dark clothing lifts a clothes stand in an office lobby with a long table, monitors, large windows, potted plants, and patterned carpet.",,,,,,,,,,
P053,8,office_1_event_56_smalltable_0001_putting_down_002706_002756.mp4,3,65,170,Hunavsim,Office,1,smalltable_0001,office_1_event_56_smalltable_0001_putting_down_002706_002756.mp4,https://1drv.ms/v/c/e14d2464c52103f1/IQAXeoDdu8GGS5j89KmSGMo1Aft4kB3yvQq4UBscoRQXXu4,"A person in a white or gray outfit puts down a small table in a meeting-style office with rows of chairs, desks, monitors, and a dark patterned carpet.",,,,,,,,,,
P053,9,tressider-2019-04-26_2_image_4_pushing_000093_000303_H2_O65000.mp4,2,39,48,JRDB,tressider-2019-04-26_2,4,trolley,tressider-2019-04-26_2_image_4_pushing_000093_000303_H2_O65000.mp4,https://1drv.ms/v/c/e14d2464c52103f1/IQBqcie4uiA_R6kY8qtMZVclAXxi4mH9cy4Qaty_0HywTy4,A woman in a black-and-white striped sleeveless top pushes a stroller or wheelchair in a crowded cafe line.,https://1drv.ms/i/c/e14d2464c52103f1/IQCWzE15aRWlRpYZH5x0_dIqAVMHw6pNoY6DR3AAaKbw_gM,hold,normal,small,crowded,none,,,VLM: hold; human_state=normal; object_property=small; spatial_context=crowded; risk_factor=none; selected_frame=107; gt_activity=pushing; human_iou=0.994; object_iou=1.000,107
P053,10,gates-159-group-meeting-2019-04-03_0_image_0_carrying_000016_000240_H3_O2.mp4,4,23,27,JRDB,gates-159-group-meeting-2019-04-03_0,0,machines,gates-159-group-meeting-2019-04-03_0_image_0_carrying_000016_000240_H3_O2.mp4,https://1drv.ms/v/c/e14d2464c52103f1/IQBWLGwOTBq6QbA4jzhIdT1JAYHtA-zUxy89s0zPYQrzBbQ,A man in a gray shirt near the right side of the meeting room carries a small machine-like item near a table and doorway.,https://1drv.ms/i/c/e14d2464c52103f1/IQColSnnEcnMS6M5Y__QBldMATooOkAdVTNj2UGnubzY2CI,hold,strained,large,open_space,object_motion_risk,,,VLM: hold; human_state=strained; object_property=large; spatial_context=open_space; risk_factor=object_motion_risk; selected_frame=169; gt_activity=carrying; human_iou=0.026; object_iou=1.000,169
P054,1,warehouse_2_event_22_plasticbox_0001_carrying_001370_001520.mp4,4,44,50,Hunavsim,Warehouse,2,plasticbox_0001,warehouse_2_event_22_plasticbox_0001_carrying_001370_001520.mp4,https://1drv.ms/v/c/e14d2464c52103f1/IQAr0RUmoT2CSJwupUA_UpzSATx2EBdcCcV57D_wUMKXO0Q,"A worker in a yellow safety vest or a light uniform carries a plastic storage box beside the white warehouse wall, yellow forklift, stacked pallets, and blue rolling bins.",,,,,,,,,,
P054,2,warehouse_3_event_27_smallbox_0001_carrying_001420_001470.mp4,3,42,74,Hunavsim,Warehouse,3,smallbox_0001,warehouse_3_event_27_smallbox_0001_carrying_001420_001470.mp4,https://1drv.ms/v/c/e14d2464c52103f1/IQCgMm6bA7L4S77ziAslblU9AfemEhyTC364ttnWUxi-EPw,"A worker in a yellow safety vest or a light uniform carries a small box beside the white warehouse wall, yellow forklift, stacked pallets, and blue rolling bins.",,,,,,,,,,
P054,3,warehouse_2_event_17_largebox_0002_lifting_000756_000824.mp4,2,45,44,Hunavsim,Warehouse,2,largebox_0002,warehouse_2_event_17_largebox_0002_lifting_000756_000824.mp4,https://1drv.ms/v/c/e14d2464c52103f1/IQBY6V9MpKNMTawe46BDp3qWAY4tBfiOzQ0RP0W-iVBiVvM,"A worker in a yellow safety vest or a light uniform lifts a large cardboard box in a yellow-and-white warehouse with a forklift, blue bins, pallets, and tall metal racks.",,,,,,,,,,
P054,4,warehouse_2_event_19_woodchair_0001_carrying_000827_000843.mp4,3,47,45,Hunavsim,Warehouse,2,woodchair_0001,warehouse_2_event_19_woodchair_0001_carrying_000827_000843.mp4,https://1drv.ms/v/c/e14d2464c52103f1/IQBt9uWTVLrnQaWJIZ0SPP7qAaNKA8PvR3N33VgJzNeI21A,"A worker in a yellow safety vest or a light uniform carries a wooden chair in a yellow-and-white warehouse with a forklift, blue bins, pallets, and tall metal racks.",,,,,,,,,,
P054,5,hospital_1_event_10_tripod_0001_putting_down_000880_000928.mp4,5,49,108,Hunavsim,Hospital,1,tripod_0001,hospital_1_event_10_tripod_0001_putting_down_000880_000928.mp4,https://1drv.ms/v/c/e14d2464c52103f1/IQAOewVqbi1dSYBgnjVpEMYSAfqbjf-Rx0OHRtTyxrfVehQ,"A person in a dark top and shorts or gray pants puts down a tripod in a bright hospital corridor with white walls, blue doors, yellow caution signs, and medical equipment along the wall.",,,,,,,,,,
P054,6,office_1_event_48_monitor_0002_kicking_002293_002303.mp4,1,60,163,Hunavsim,Office,1,monitor_0002,office_1_event_48_monitor_0002_kicking_002293_002303.mp4,https://1drv.ms/v/c/e14d2464c52103f1/IQDYJDYnhVSiSYWPMQwu5hPRAXZWtt5es7byUIqJX5-wTTU,"A person in dark clothing kicks a computer monitor in a meeting-style office with rows of chairs, desks, monitors, and a dark patterned carpet.",,,,,,,,,,
P054,7,office_1_event_11_clothesstand_0001_lifting_001110_001189.mp4,5,54,145,Hunavsim,Office,1,clothesstand_0001,office_1_event_11_clothesstand_0001_lifting_001110_001189.mp4,https://1drv.ms/v/c/e14d2464c52103f1/IQAFdqJJLaVdQ5VQ3VPuIN0LAQxEv4cF76bIEKxBJHPos-g,"A person in dark clothing lifts a clothes stand in an office lobby with a long table, monitors, large windows, potted plants, and patterned carpet.",,,,,,,,,,
P054,8,office_1_event_56_smalltable_0001_putting_down_002706_002756.mp4,4,65,170,Hunavsim,Office,1,smalltable_0001,office_1_event_56_smalltable_0001_putting_down_002706_002756.mp4,https://1drv.ms/v/c/e14d2464c52103f1/IQAXeoDdu8GGS5j89KmSGMo1Aft4kB3yvQq4UBscoRQXXu4,"A person in a white or gray outfit puts down a small table in a meeting-style office with rows of chairs, desks, monitors, and a dark patterned carpet.",,,,,,,,,,
P054,9,tressider-2019-04-26_2_image_4_pushing_000093_000303_H2_O65000.mp4,3,39,48,JRDB,tressider-2019-04-26_2,4,trolley,tressider-2019-04-26_2_image_4_pushing_000093_000303_H2_O65000.mp4,https://1drv.ms/v/c/e14d2464c52103f1/IQBqcie4uiA_R6kY8qtMZVclAXxi4mH9cy4Qaty_0HywTy4,A woman in a black-and-white striped sleeveless top pushes a stroller or wheelchair in a crowded cafe line.,https://1drv.ms/i/c/e14d2464c52103f1/IQCWzE15aRWlRpYZH5x0_dIqAVMHw6pNoY6DR3AAaKbw_gM,hold,normal,small,crowded,none,,,VLM: hold; human_state=normal; object_property=small; spatial_context=crowded; risk_factor=none; selected_frame=107; gt_activity=pushing; human_iou=0.994; object_iou=1.000,107
P054,10,gates-159-group-meeting-2019-04-03_0_image_0_carrying_000016_000240_H3_O2.mp4,5,23,27,JRDB,gates-159-group-meeting-2019-04-03_0,0,machines,gates-159-group-meeting-2019-04-03_0_image_0_carrying_000016_000240_H3_O2.mp4,https://1drv.ms/v/c/e14d2464c52103f1/IQBWLGwOTBq6QbA4jzhIdT1JAYHtA-zUxy89s0zPYQrzBbQ,A man in a gray shirt near the right side of the meeting room carries a small machine-like item near a table and doorway.,https://1drv.ms/i/c/e14d2464c52103f1/IQColSnnEcnMS6M5Y__QBldMATooOkAdVTNj2UGnubzY2CI,hold,strained,large,open_space,object_motion_risk,,,VLM: hold; human_state=strained; object_property=large; spatial_context=open_space; risk_factor=object_motion_risk; selected_frame=169; gt_activity=carrying; human_iou=0.026; object_iou=1.000,169
P055,1,warehouse_2_event_22_plasticbox_0001_carrying_001370_001520.mp4,5,44,50,Hunavsim,Warehouse,2,plasticbox_0001,warehouse_2_event_22_plasticbox_0001_carrying_001370_001520.mp4,https://1drv.ms/v/c/e14d2464c52103f1/IQAr0RUmoT2CSJwupUA_UpzSATx2EBdcCcV57D_wUMKXO0Q,"A worker in a yellow safety vest or a light uniform carries a plastic storage box beside the white warehouse wall, yellow forklift, stacked pallets, and blue rolling bins.",,,,,,,,,,
P055,2,warehouse_3_event_27_smallbox_0001_carrying_001420_001470.mp4,4,42,74,Hunavsim,Warehouse,3,smallbox_0001,warehouse_3_event_27_smallbox_0001_carrying_001420_001470.mp4,https://1drv.ms/v/c/e14d2464c52103f1/IQCgMm6bA7L4S77ziAslblU9AfemEhyTC364ttnWUxi-EPw,"A worker in a yellow safety vest or a light uniform carries a small box beside the white warehouse wall, yellow forklift, stacked pallets, and blue rolling bins.",,,,,,,,,,
P055,3,warehouse_2_event_17_largebox_0002_lifting_000756_000824.mp4,3,45,44,Hunavsim,Warehouse,2,largebox_0002,warehouse_2_event_17_largebox_0002_lifting_000756_000824.mp4,https://1drv.ms/v/c/e14d2464c52103f1/IQBY6V9MpKNMTawe46BDp3qWAY4tBfiOzQ0RP0W-iVBiVvM,"A worker in a yellow safety vest or a light uniform lifts a large cardboard box in a yellow-and-white warehouse with a forklift, blue bins, pallets, and tall metal racks.",,,,,,,,,,
P055,4,warehouse_2_event_19_woodchair_0001_carrying_000827_000843.mp4,4,47,45,Hunavsim,Warehouse,2,woodchair_0001,warehouse_2_event_19_woodchair_0001_carrying_000827_000843.mp4,https://1drv.ms/v/c/e14d2464c52103f1/IQBt9uWTVLrnQaWJIZ0SPP7qAaNKA8PvR3N33VgJzNeI21A,"A worker in a yellow safety vest or a light uniform carries a wooden chair in a yellow-and-white warehouse with a forklift, blue bins, pallets, and tall metal racks.",,,,,,,,,,
P055,5,hospital_1_event_10_tripod_0001_lifting_000929_000950.mp4,1,49,109,Hunavsim,Hospital,1,tripod_0001,hospital_1_event_10_tripod_0001_lifting_000929_000950.mp4,https://1drv.ms/v/c/e14d2464c52103f1/IQCLiH4VTndgTYhmi1h5yFO8AdkyrokasydkWehOr8zYOeM,"A person in a dark top and shorts or gray pants lifts a tripod in a bright hospital corridor with white walls, blue doors, yellow caution signs, and medical equipment along the wall.",,,,,,,,,,
P055,6,office_1_event_48_monitor_0002_kicking_002293_002303.mp4,2,60,163,Hunavsim,Office,1,monitor_0002,office_1_event_48_monitor_0002_kicking_002293_002303.mp4,https://1drv.ms/v/c/e14d2464c52103f1/IQDYJDYnhVSiSYWPMQwu5hPRAXZWtt5es7byUIqJX5-wTTU,"A person in dark clothing kicks a computer monitor in a meeting-style office with rows of chairs, desks, monitors, and a dark patterned carpet.",,,,,,,,,,
P055,7,office_1_event_12_clothesstand_0001_carrying_001269_001308.mp4,1,54,146,Hunavsim,Office,1,clothesstand_0001,office_1_event_12_clothesstand_0001_carrying_001269_001308.mp4,https://1drv.ms/v/c/e14d2464c52103f1/IQA0aOxu95OFT7xao9QcPlp3AZUrWixqPNltVIFtI2Lz6q0,"A person in dark clothing carries a clothes stand in a meeting-style office with rows of chairs, desks, monitors, and a dark patterned carpet.",,,,,,,,,,
P055,8,office_1_event_56_smalltable_0001_putting_down_002706_002756.mp4,5,65,170,Hunavsim,Office,1,smalltable_0001,office_1_event_56_smalltable_0001_putting_down_002706_002756.mp4,https://1drv.ms/v/c/e14d2464c52103f1/IQAXeoDdu8GGS5j89KmSGMo1Aft4kB3yvQq4UBscoRQXXu4,"A person in a white or gray outfit puts down a small table in a meeting-style office with rows of chairs, desks, monitors, and a dark patterned carpet.",,,,,,,,,,
P055,9,tressider-2019-04-26_2_image_4_pushing_000093_000303_H2_O65000.mp4,4,39,48,JRDB,tressider-2019-04-26_2,4,trolley,tressider-2019-04-26_2_image_4_pushing_000093_000303_H2_O65000.mp4,https://1drv.ms/v/c/e14d2464c52103f1/IQBqcie4uiA_R6kY8qtMZVclAXxi4mH9cy4Qaty_0HywTy4,A woman in a black-and-white striped sleeveless top pushes a stroller or wheelchair in a crowded cafe line.,https://1drv.ms/i/c/e14d2464c52103f1/IQCWzE15aRWlRpYZH5x0_dIqAVMHw6pNoY6DR3AAaKbw_gM,hold,normal,small,crowded,none,,,VLM: hold; human_state=normal; object_property=small; spatial_context=crowded; risk_factor=none; selected_frame=107; gt_activity=pushing; human_iou=0.994; object_iou=1.000,107
P055,10,gates-159-group-meeting-2019-04-03_0_image_0_pushing_000036_000087_H4_O9.mp4,1,24,28,JRDB,gates-159-group-meeting-2019-04-03_0,0,chair/sofa,gates-159-group-meeting-2019-04-03_0_image_0_pushing_000036_000087_H4_O9.mp4,https://1drv.ms/v/c/e14d2464c52103f1/IQA4cxz3u6CNSrXWqX9cgBFGAUDMDsu6lA574Jho5naMYeo,A young man in a black T-shirt pushes a chair at the meeting table.,https://1drv.ms/i/c/e14d2464c52103f1/IQBpnXT4JXtWT7ATaEL0pJ5OATgBMG_tdhCuW_VeayJu2gg,hold,normal,small,open_space,none,,,VLM: hold; human_state=normal; object_property=small; spatial_context=open_space; risk_factor=none; selected_frame=27; gt_activity=pushing; human_iou=0.035; object_iou=0.000,27
P056,1,warehouse_2_event_22_plasticbox_0001_putting_down_001521_001596.mp4,1,44,51,Hunavsim,Warehouse,2,plasticbox_0001,warehouse_2_event_22_plasticbox_0001_putting_down_001521_001596.mp4,https://1drv.ms/v/c/e14d2464c52103f1/IQBEe1sILXWqTbdBuQ18SXTmAYczPC8AMP7DTO9z4-Cqjn8,"A worker in a yellow safety vest or a light uniform puts down a plastic storage box beside the white warehouse wall, yellow forklift, stacked pallets, and blue rolling bins.",,,,,,,,,,
P056,2,warehouse_3_event_27_smallbox_0001_carrying_001420_001470.mp4,5,42,74,Hunavsim,Warehouse,3,smallbox_0001,warehouse_3_event_27_smallbox_0001_carrying_001420_001470.mp4,https://1drv.ms/v/c/e14d2464c52103f1/IQCgMm6bA7L4S77ziAslblU9AfemEhyTC364ttnWUxi-EPw,"A worker in a yellow safety vest or a light uniform carries a small box beside the white warehouse wall, yellow forklift, stacked pallets, and blue rolling bins.",,,,,,,,,,
P056,3,warehouse_2_event_17_largebox_0002_lifting_000756_000824.mp4,4,45,44,Hunavsim,Warehouse,2,largebox_0002,warehouse_2_event_17_largebox_0002_lifting_000756_000824.mp4,https://1drv.ms/v/c/e14d2464c52103f1/IQBY6V9MpKNMTawe46BDp3qWAY4tBfiOzQ0RP0W-iVBiVvM,"A worker in a yellow safety vest or a light uniform lifts a large cardboard box in a yellow-and-white warehouse with a forklift, blue bins, pallets, and tall metal racks.",,,,,,,,,,
P056,4,warehouse_2_event_19_woodchair_0001_carrying_000827_000843.mp4,5,47,45,Hunavsim,Warehouse,2,woodchair_0001,warehouse_2_event_19_woodchair_0001_carrying_000827_000843.mp4,https://1drv.ms/v/c/e14d2464c52103f1/IQBt9uWTVLrnQaWJIZ0SPP7qAaNKA8PvR3N33VgJzNeI21A,"A worker in a yellow safety vest or a light uniform carries a wooden chair in a yellow-and-white warehouse with a forklift, blue bins, pallets, and tall metal racks.",,,,,,,,,,
P056,5,hospital_1_event_10_tripod_0001_lifting_000929_000950.mp4,2,49,109,Hunavsim,Hospital,1,tripod_0001,hospital_1_event_10_tripod_0001_lifting_000929_000950.mp4,https://1drv.ms/v/c/e14d2464c52103f1/IQCLiH4VTndgTYhmi1h5yFO8AdkyrokasydkWehOr8zYOeM,"A person in a dark top and shorts or gray pants lifts a tripod in a bright hospital corridor with white walls, blue doors, yellow caution signs, and medical equipment along the wall.",,,,,,,,,,
P056,6,office_1_event_48_monitor_0002_kicking_002293_002303.mp4,3,60,163,Hunavsim,Office,1,monitor_0002,office_1_event_48_monitor_0002_kicking_002293_002303.mp4,https://1drv.ms/v/c/e14d2464c52103f1/IQDYJDYnhVSiSYWPMQwu5hPRAXZWtt5es7byUIqJX5-wTTU,"A person in dark clothing kicks a computer monitor in a meeting-style office with rows of chairs, desks, monitors, and a dark patterned carpet.",,,,,,,,,,
P056,7,office_1_event_12_clothesstand_0001_carrying_001269_001308.mp4,2,54,146,Hunavsim,Office,1,clothesstand_0001,office_1_event_12_clothesstand_0001_carrying_001269_001308.mp4,https://1drv.ms/v/c/e14d2464c52103f1/IQA0aOxu95OFT7xao9QcPlp3AZUrWixqPNltVIFtI2Lz6q0,"A person in dark clothing carries a clothes stand in a meeting-style office with rows of chairs, desks, monitors, and a dark patterned carpet.",,,,,,,,,,
P056,8,office_1_event_67_smalltable_0001_lifting_003131_003200.mp4,1,65,178,Hunavsim,Office,1,smalltable_0001,office_1_event_67_smalltable_0001_lifting_003131_003200.mp4,https://1drv.ms/v/c/e14d2464c52103f1/IQDqhFzVFCRWSI9GIrmd9oJyAXOTUPMoSfaPOXr0m0P7aRc,"A person in a white or gray outfit lifts a small table in a meeting-style office with rows of chairs, desks, monitors, and a dark patterned carpet.",,,,,,,,,,
P056,9,tressider-2019-04-26_2_image_4_pushing_000093_000303_H2_O65000.mp4,5,39,48,JRDB,tressider-2019-04-26_2,4,trolley,tressider-2019-04-26_2_image_4_pushing_000093_000303_H2_O65000.mp4,https://1drv.ms/v/c/e14d2464c52103f1/IQBqcie4uiA_R6kY8qtMZVclAXxi4mH9cy4Qaty_0HywTy4,A woman in a black-and-white striped sleeveless top pushes a stroller or wheelchair in a crowded cafe line.,https://1drv.ms/i/c/e14d2464c52103f1/IQCWzE15aRWlRpYZH5x0_dIqAVMHw6pNoY6DR3AAaKbw_gM,hold,normal,small,crowded,none,,,VLM: hold; human_state=normal; object_property=small; spatial_context=crowded; risk_factor=none; selected_frame=107; gt_activity=pushing; human_iou=0.994; object_iou=1.000,107
P056,10,gates-159-group-meeting-2019-04-03_0_image_0_pushing_000036_000087_H4_O9.mp4,2,24,28,JRDB,gates-159-group-meeting-2019-04-03_0,0,chair/sofa,gates-159-group-meeting-2019-04-03_0_image_0_pushing_000036_000087_H4_O9.mp4,https://1drv.ms/v/c/e14d2464c52103f1/IQA4cxz3u6CNSrXWqX9cgBFGAUDMDsu6lA574Jho5naMYeo,A young man in a black T-shirt pushes a chair at the meeting table.,https://1drv.ms/i/c/e14d2464c52103f1/IQBpnXT4JXtWT7ATaEL0pJ5OATgBMG_tdhCuW_VeayJu2gg,hold,normal,small,open_space,none,,,VLM: hold; human_state=normal; object_property=small; spatial_context=open_space; risk_factor=none; selected_frame=27; gt_activity=pushing; human_iou=0.035; object_iou=0.000,27
P057,1,warehouse_2_event_22_plasticbox_0001_putting_down_001521_001596.mp4,2,44,51,Hunavsim,Warehouse,2,plasticbox_0001,warehouse_2_event_22_plasticbox_0001_putting_down_001521_001596.mp4,https://1drv.ms/v/c/e14d2464c52103f1/IQBEe1sILXWqTbdBuQ18SXTmAYczPC8AMP7DTO9z4-Cqjn8,"A worker in a yellow safety vest or a light uniform puts down a plastic storage box beside the white warehouse wall, yellow forklift, stacked pallets, and blue rolling bins.",,,,,,,,,,
P057,2,warehouse_3_event_37_smallbox_0001_lifting_001816_001946.mp4,1,42,79,Hunavsim,Warehouse,3,smallbox_0001,warehouse_3_event_37_smallbox_0001_lifting_001816_001946.mp4,https://1drv.ms/v/c/e14d2464c52103f1/IQCtq_YiQh1xSJ6MddoFGJV_AZ8uNmf3BDt2NScAm3HScU0,"A person in a white or light gray outfit lifts a small box beside the white warehouse wall, yellow forklift, stacked pallets, and blue rolling bins.",,,,,,,,,,
P057,3,warehouse_2_event_17_largebox_0002_lifting_000756_000824.mp4,5,45,44,Hunavsim,Warehouse,2,largebox_0002,warehouse_2_event_17_largebox_0002_lifting_000756_000824.mp4,https://1drv.ms/v/c/e14d2464c52103f1/IQBY6V9MpKNMTawe46BDp3qWAY4tBfiOzQ0RP0W-iVBiVvM,"A worker in a yellow safety vest or a light uniform lifts a large cardboard box in a yellow-and-white warehouse with a forklift, blue bins, pallets, and tall metal racks.",,,,,,,,,,
P057,4,warehouse_3_event_02_woodchair_0001_carrying_000003_000039.mp4,1,47,60,Hunavsim,Warehouse,3,woodchair_0001,warehouse_3_event_02_woodchair_0001_carrying_000003_000039.mp4,https://1drv.ms/v/c/e14d2464c52103f1/IQDWqNcUpg1RRLvSE8Yta7SMATPWeN382HEs_qafkugsy2Y,"A person in a dark outfit or purple pants carries a wooden chair in a yellow-and-white warehouse with a forklift, blue bins, pallets, and tall metal racks.",,,,,,,,,,
P057,5,hospital_1_event_10_tripod_0001_lifting_000929_000950.mp4,3,49,109,Hunavsim,Hospital,1,tripod_0001,hospital_1_event_10_tripod_0001_lifting_000929_000950.mp4,https://1drv.ms/v/c/e14d2464c52103f1/IQCLiH4VTndgTYhmi1h5yFO8AdkyrokasydkWehOr8zYOeM,"A person in a dark top and shorts or gray pants lifts a tripod in a bright hospital corridor with white walls, blue doors, yellow caution signs, and medical equipment along the wall.",,,,,,,,,,
P057,6,office_1_event_48_monitor_0002_kicking_002293_002303.mp4,4,60,163,Hunavsim,Office,1,monitor_0002,office_1_event_48_monitor_0002_kicking_002293_002303.mp4,https://1drv.ms/v/c/e14d2464c52103f1/IQDYJDYnhVSiSYWPMQwu5hPRAXZWtt5es7byUIqJX5-wTTU,"A person in dark clothing kicks a computer monitor in a meeting-style office with rows of chairs, desks, monitors, and a dark patterned carpet.",,,,,,,,,,
P057,7,office_1_event_12_clothesstand_0001_carrying_001269_001308.mp4,3,54,146,Hunavsim,Office,1,clothesstand_0001,office_1_event_12_clothesstand_0001_carrying_001269_001308.mp4,https://1drv.ms/v/c/e14d2464c52103f1/IQA0aOxu95OFT7xao9QcPlp3AZUrWixqPNltVIFtI2Lz6q0,"A person in dark clothing carries a clothes stand in a meeting-style office with rows of chairs, desks, monitors, and a dark patterned carpet.",,,,,,,,,,
P057,8,office_1_event_67_smalltable_0001_lifting_003131_003200.mp4,2,65,178,Hunavsim,Office,1,smalltable_0001,office_1_event_67_smalltable_0001_lifting_003131_003200.mp4,https://1drv.ms/v/c/e14d2464c52103f1/IQDqhFzVFCRWSI9GIrmd9oJyAXOTUPMoSfaPOXr0m0P7aRc,"A person in a white or gray outfit lifts a small table in a meeting-style office with rows of chairs, desks, monitors, and a dark patterned carpet.",,,,,,,,,,
P057,9,tressider-2019-04-26_2_image_6_pushing_000000_000090_H2_O65000.mp4,1,39,51,JRDB,tressider-2019-04-26_2,6,trolley,tressider-2019-04-26_2_image_6_pushing_000000_000090_H2_O65000.mp4,https://1drv.ms/v/c/e14d2464c52103f1/IQCU_GiYKMCSRYJEorUSnzGiAdwCEMh9gSTg2fFRNyjA5cc,A woman in a black-and-white striped sleeveless top pushes a stroller or wheelchair in the foreground of a cafe scene.,https://1drv.ms/i/c/e14d2464c52103f1/IQBMj3m1j6SFTLSYcd6EilkCAabmEeBIF7B__DUGEJ-7MqY,push,normal,large,crowded,collision_risk,,,VLM: push; human_state=normal; object_property=large; spatial_context=crowded; risk_factor=collision_risk; selected_frame=47; gt_activity=pushing; human_iou=1.000; object_iou=1.000,47
P057,10,gates-159-group-meeting-2019-04-03_0_image_0_pushing_000036_000087_H4_O9.mp4,3,24,28,JRDB,gates-159-group-meeting-2019-04-03_0,0,chair/sofa,gates-159-group-meeting-2019-04-03_0_image_0_pushing_000036_000087_H4_O9.mp4,https://1drv.ms/v/c/e14d2464c52103f1/IQA4cxz3u6CNSrXWqX9cgBFGAUDMDsu6lA574Jho5naMYeo,A young man in a black T-shirt pushes a chair at the meeting table.,https://1drv.ms/i/c/e14d2464c52103f1/IQBpnXT4JXtWT7ATaEL0pJ5OATgBMG_tdhCuW_VeayJu2gg,hold,normal,small,open_space,none,,,VLM: hold; human_state=normal; object_property=small; spatial_context=open_space; risk_factor=none; selected_frame=27; gt_activity=pushing; human_iou=0.035; object_iou=0.000,27
P058,1,warehouse_2_event_22_plasticbox_0001_putting_down_001521_001596.mp4,3,44,51,Hunavsim,Warehouse,2,plasticbox_0001,warehouse_2_event_22_plasticbox_0001_putting_down_001521_001596.mp4,https://1drv.ms/v/c/e14d2464c52103f1/IQBEe1sILXWqTbdBuQ18SXTmAYczPC8AMP7DTO9z4-Cqjn8,"A worker in a yellow safety vest or a light uniform puts down a plastic storage box beside the white warehouse wall, yellow forklift, stacked pallets, and blue rolling bins.",,,,,,,,,,
P058,2,warehouse_3_event_37_smallbox_0001_lifting_001816_001946.mp4,2,42,79,Hunavsim,Warehouse,3,smallbox_0001,warehouse_3_event_37_smallbox_0001_lifting_001816_001946.mp4,https://1drv.ms/v/c/e14d2464c52103f1/IQCtq_YiQh1xSJ6MddoFGJV_AZ8uNmf3BDt2NScAm3HScU0,"A person in a white or light gray outfit lifts a small box beside the white warehouse wall, yellow forklift, stacked pallets, and blue rolling bins.",,,,,,,,,,
P058,3,warehouse_2_event_21_largebox_0002_lifting_001077_001129.mp4,1,45,46,Hunavsim,Warehouse,2,largebox_0002,warehouse_2_event_21_largebox_0002_lifting_001077_001129.mp4,https://1drv.ms/v/c/e14d2464c52103f1/IQCiLMx2YZQnQozR7BvDN2ZZAUYBSjT6XISXpQrc639yyy4,"A worker in a yellow safety vest or a light uniform lifts a large cardboard box beside the white warehouse wall, yellow forklift, stacked pallets, and blue rolling bins.",,,,,,,,,,
P058,4,warehouse_3_event_02_woodchair_0001_carrying_000003_000039.mp4,2,47,60,Hunavsim,Warehouse,3,woodchair_0001,warehouse_3_event_02_woodchair_0001_carrying_000003_000039.mp4,https://1drv.ms/v/c/e14d2464c52103f1/IQDWqNcUpg1RRLvSE8Yta7SMATPWeN382HEs_qafkugsy2Y,"A person in a dark outfit or purple pants carries a wooden chair in a yellow-and-white warehouse with a forklift, blue bins, pallets, and tall metal racks.",,,,,,,,,,
P058,5,hospital_1_event_10_tripod_0001_lifting_000929_000950.mp4,4,49,109,Hunavsim,Hospital,1,tripod_0001,hospital_1_event_10_tripod_0001_lifting_000929_000950.mp4,https://1drv.ms/v/c/e14d2464c52103f1/IQCLiH4VTndgTYhmi1h5yFO8AdkyrokasydkWehOr8zYOeM,"A person in a dark top and shorts or gray pants lifts a tripod in a bright hospital corridor with white walls, blue doors, yellow caution signs, and medical equipment along the wall.",,,,,,,,,,
P058,6,office_1_event_48_monitor_0002_kicking_002293_002303.mp4,5,60,163,Hunavsim,Office,1,monitor_0002,office_1_event_48_monitor_0002_kicking_002293_002303.mp4,https://1drv.ms/v/c/e14d2464c52103f1/IQDYJDYnhVSiSYWPMQwu5hPRAXZWtt5es7byUIqJX5-wTTU,"A person in dark clothing kicks a computer monitor in a meeting-style office with rows of chairs, desks, monitors, and a dark patterned carpet.",,,,,,,,,,
P058,7,office_1_event_12_clothesstand_0001_carrying_001269_001308.mp4,4,54,146,Hunavsim,Office,1,clothesstand_0001,office_1_event_12_clothesstand_0001_carrying_001269_001308.mp4,https://1drv.ms/v/c/e14d2464c52103f1/IQA0aOxu95OFT7xao9QcPlp3AZUrWixqPNltVIFtI2Lz6q0,"A person in dark clothing carries a clothes stand in a meeting-style office with rows of chairs, desks, monitors, and a dark patterned carpet.",,,,,,,,,,
P058,8,office_1_event_67_smalltable_0001_lifting_003131_003200.mp4,3,65,178,Hunavsim,Office,1,smalltable_0001,office_1_event_67_smalltable_0001_lifting_003131_003200.mp4,https://1drv.ms/v/c/e14d2464c52103f1/IQDqhFzVFCRWSI9GIrmd9oJyAXOTUPMoSfaPOXr0m0P7aRc,"A person in a white or gray outfit lifts a small table in a meeting-style office with rows of chairs, desks, monitors, and a dark patterned carpet.",,,,,,,,,,
P058,9,tressider-2019-04-26_2_image_6_pushing_000000_000090_H2_O65000.mp4,2,39,51,JRDB,tressider-2019-04-26_2,6,trolley,tressider-2019-04-26_2_image_6_pushing_000000_000090_H2_O65000.mp4,https://1drv.ms/v/c/e14d2464c52103f1/IQCU_GiYKMCSRYJEorUSnzGiAdwCEMh9gSTg2fFRNyjA5cc,A woman in a black-and-white striped sleeveless top pushes a stroller or wheelchair in the foreground of a cafe scene.,https://1drv.ms/i/c/e14d2464c52103f1/IQBMj3m1j6SFTLSYcd6EilkCAabmEeBIF7B__DUGEJ-7MqY,push,normal,large,crowded,collision_risk,,,VLM: push; human_state=normal; object_property=large; spatial_context=crowded; risk_factor=collision_risk; selected_frame=47; gt_activity=pushing; human_iou=1.000; object_iou=1.000,47
P058,10,gates-159-group-meeting-2019-04-03_0_image_0_pushing_000036_000087_H4_O9.mp4,4,24,28,JRDB,gates-159-group-meeting-2019-04-03_0,0,chair/sofa,gates-159-group-meeting-2019-04-03_0_image_0_pushing_000036_000087_H4_O9.mp4,https://1drv.ms/v/c/e14d2464c52103f1/IQA4cxz3u6CNSrXWqX9cgBFGAUDMDsu6lA574Jho5naMYeo,A young man in a black T-shirt pushes a chair at the meeting table.,https://1drv.ms/i/c/e14d2464c52103f1/IQBpnXT4JXtWT7ATaEL0pJ5OATgBMG_tdhCuW_VeayJu2gg,hold,normal,small,open_space,none,,,VLM: hold; human_state=normal; object_property=small; spatial_context=open_space; risk_factor=none; selected_frame=27; gt_activity=pushing; human_iou=0.035; object_iou=0.000,27
P059,1,warehouse_2_event_22_plasticbox_0001_putting_down_001521_001596.mp4,4,44,51,Hunavsim,Warehouse,2,plasticbox_0001,warehouse_2_event_22_plasticbox_0001_putting_down_001521_001596.mp4,https://1drv.ms/v/c/e14d2464c52103f1/IQBEe1sILXWqTbdBuQ18SXTmAYczPC8AMP7DTO9z4-Cqjn8,"A worker in a yellow safety vest or a light uniform puts down a plastic storage box beside the white warehouse wall, yellow forklift, stacked pallets, and blue rolling bins.",,,,,,,,,,
P059,2,warehouse_3_event_37_smallbox_0001_lifting_001816_001946.mp4,3,42,79,Hunavsim,Warehouse,3,smallbox_0001,warehouse_3_event_37_smallbox_0001_lifting_001816_001946.mp4,https://1drv.ms/v/c/e14d2464c52103f1/IQCtq_YiQh1xSJ6MddoFGJV_AZ8uNmf3BDt2NScAm3HScU0,"A person in a white or light gray outfit lifts a small box beside the white warehouse wall, yellow forklift, stacked pallets, and blue rolling bins.",,,,,,,,,,
P059,3,warehouse_2_event_21_largebox_0002_lifting_001077_001129.mp4,2,45,46,Hunavsim,Warehouse,2,largebox_0002,warehouse_2_event_21_largebox_0002_lifting_001077_001129.mp4,https://1drv.ms/v/c/e14d2464c52103f1/IQCiLMx2YZQnQozR7BvDN2ZZAUYBSjT6XISXpQrc639yyy4,"A worker in a yellow safety vest or a light uniform lifts a large cardboard box beside the white warehouse wall, yellow forklift, stacked pallets, and blue rolling bins.",,,,,,,,,,
P059,4,warehouse_3_event_02_woodchair_0001_carrying_000003_000039.mp4,3,47,60,Hunavsim,Warehouse,3,woodchair_0001,warehouse_3_event_02_woodchair_0001_carrying_000003_000039.mp4,https://1drv.ms/v/c/e14d2464c52103f1/IQDWqNcUpg1RRLvSE8Yta7SMATPWeN382HEs_qafkugsy2Y,"A person in a dark outfit or purple pants carries a wooden chair in a yellow-and-white warehouse with a forklift, blue bins, pallets, and tall metal racks.",,,,,,,,,,
P059,5,hospital_1_event_10_tripod_0001_lifting_000929_000950.mp4,5,49,109,Hunavsim,Hospital,1,tripod_0001,hospital_1_event_10_tripod_0001_lifting_000929_000950.mp4,https://1drv.ms/v/c/e14d2464c52103f1/IQCLiH4VTndgTYhmi1h5yFO8AdkyrokasydkWehOr8zYOeM,"A person in a dark top and shorts or gray pants lifts a tripod in a bright hospital corridor with white walls, blue doors, yellow caution signs, and medical equipment along the wall.",,,,,,,,,,
P059,6,office_1_event_51_monitor_0002_putting_down_002353_002391.mp4,1,60,164,Hunavsim,Office,1,monitor_0002,office_1_event_51_monitor_0002_putting_down_002353_002391.mp4,https://1drv.ms/v/c/e14d2464c52103f1/IQBi6H6FYOmhRJlNh561bjW1AWtsdFjbAasq8HV4CzHwJx8,"A person in a white or gray outfit puts down a computer monitor in a meeting-style office with rows of chairs, desks, monitors, and a dark patterned carpet.",,,,,,,,,,
P059,7,office_1_event_12_clothesstand_0001_carrying_001269_001308.mp4,5,54,146,Hunavsim,Office,1,clothesstand_0001,office_1_event_12_clothesstand_0001_carrying_001269_001308.mp4,https://1drv.ms/v/c/e14d2464c52103f1/IQA0aOxu95OFT7xao9QcPlp3AZUrWixqPNltVIFtI2Lz6q0,"A person in dark clothing carries a clothes stand in a meeting-style office with rows of chairs, desks, monitors, and a dark patterned carpet.",,,,,,,,,,
P059,8,office_1_event_67_smalltable_0001_lifting_003131_003200.mp4,4,65,178,Hunavsim,Office,1,smalltable_0001,office_1_event_67_smalltable_0001_lifting_003131_003200.mp4,https://1drv.ms/v/c/e14d2464c52103f1/IQDqhFzVFCRWSI9GIrmd9oJyAXOTUPMoSfaPOXr0m0P7aRc,"A person in a white or gray outfit lifts a small table in a meeting-style office with rows of chairs, desks, monitors, and a dark patterned carpet.",,,,,,,,,,
P059,9,tressider-2019-04-26_2_image_6_pushing_000000_000090_H2_O65000.mp4,3,39,51,JRDB,tressider-2019-04-26_2,6,trolley,tressider-2019-04-26_2_image_6_pushing_000000_000090_H2_O65000.mp4,https://1drv.ms/v/c/e14d2464c52103f1/IQCU_GiYKMCSRYJEorUSnzGiAdwCEMh9gSTg2fFRNyjA5cc,A woman in a black-and-white striped sleeveless top pushes a stroller or wheelchair in the foreground of a cafe scene.,https://1drv.ms/i/c/e14d2464c52103f1/IQBMj3m1j6SFTLSYcd6EilkCAabmEeBIF7B__DUGEJ-7MqY,push,normal,large,crowded,collision_risk,,,VLM: push; human_state=normal; object_property=large; spatial_context=crowded; risk_factor=collision_risk; selected_frame=47; gt_activity=pushing; human_iou=1.000; object_iou=1.000,47
P059,10,gates-159-group-meeting-2019-04-03_0_image_0_pushing_000036_000087_H4_O9.mp4,5,24,28,JRDB,gates-159-group-meeting-2019-04-03_0,0,chair/sofa,gates-159-group-meeting-2019-04-03_0_image_0_pushing_000036_000087_H4_O9.mp4,https://1drv.ms/v/c/e14d2464c52103f1/IQA4cxz3u6CNSrXWqX9cgBFGAUDMDsu6lA574Jho5naMYeo,A young man in a black T-shirt pushes a chair at the meeting table.,https://1drv.ms/i/c/e14d2464c52103f1/IQBpnXT4JXtWT7ATaEL0pJ5OATgBMG_tdhCuW_VeayJu2gg,hold,normal,small,open_space,none,,,VLM: hold; human_state=normal; object_property=small; spatial_context=open_space; risk_factor=none; selected_frame=27; gt_activity=pushing; human_iou=0.035; object_iou=0.000,27
P060,1,warehouse_2_event_22_plasticbox_0001_putting_down_001521_001596.mp4,5,44,51,Hunavsim,Warehouse,2,plasticbox_0001,warehouse_2_event_22_plasticbox_0001_putting_down_001521_001596.mp4,https://1drv.ms/v/c/e14d2464c52103f1/IQBEe1sILXWqTbdBuQ18SXTmAYczPC8AMP7DTO9z4-Cqjn8,"A worker in a yellow safety vest or a light uniform puts down a plastic storage box beside the white warehouse wall, yellow forklift, stacked pallets, and blue rolling bins.",,,,,,,,,,
P060,2,warehouse_3_event_37_smallbox_0001_lifting_001816_001946.mp4,4,42,79,Hunavsim,Warehouse,3,smallbox_0001,warehouse_3_event_37_smallbox_0001_lifting_001816_001946.mp4,https://1drv.ms/v/c/e14d2464c52103f1/IQCtq_YiQh1xSJ6MddoFGJV_AZ8uNmf3BDt2NScAm3HScU0,"A person in a white or light gray outfit lifts a small box beside the white warehouse wall, yellow forklift, stacked pallets, and blue rolling bins.",,,,,,,,,,
P060,3,warehouse_2_event_21_largebox_0002_lifting_001077_001129.mp4,3,45,46,Hunavsim,Warehouse,2,largebox_0002,warehouse_2_event_21_largebox_0002_lifting_001077_001129.mp4,https://1drv.ms/v/c/e14d2464c52103f1/IQCiLMx2YZQnQozR7BvDN2ZZAUYBSjT6XISXpQrc639yyy4,"A worker in a yellow safety vest or a light uniform lifts a large cardboard box beside the white warehouse wall, yellow forklift, stacked pallets, and blue rolling bins.",,,,,,,,,,
P060,4,warehouse_3_event_02_woodchair_0001_carrying_000003_000039.mp4,4,47,60,Hunavsim,Warehouse,3,woodchair_0001,warehouse_3_event_02_woodchair_0001_carrying_000003_000039.mp4,https://1drv.ms/v/c/e14d2464c52103f1/IQDWqNcUpg1RRLvSE8Yta7SMATPWeN382HEs_qafkugsy2Y,"A person in a dark outfit or purple pants carries a wooden chair in a yellow-and-white warehouse with a forklift, blue bins, pallets, and tall metal racks.",,,,,,,,,,
P060,5,hospital_1_event_12_tripod_0001_carrying_001034_001077.mp4,1,49,112,Hunavsim,Hospital,1,tripod_0001,hospital_1_event_12_tripod_0001_carrying_001034_001077.mp4,https://1drv.ms/v/c/e14d2464c52103f1/IQCW5x46IbMPSb_TA1HiEUwaAROeex-i_QWmHp7Uw535gDY,"A person in dark clothing near the hospital wall carries a tripod in a hospital hallway with windows, yellow railings, benches, and blue storage carts.",,,,,,,,,,
P060,6,office_1_event_51_monitor_0002_putting_down_002353_002391.mp4,2,60,164,Hunavsim,Office,1,monitor_0002,office_1_event_51_monitor_0002_putting_down_002353_002391.mp4,https://1drv.ms/v/c/e14d2464c52103f1/IQBi6H6FYOmhRJlNh561bjW1AWtsdFjbAasq8HV4CzHwJx8,"A person in a white or gray outfit puts down a computer monitor in a meeting-style office with rows of chairs, desks, monitors, and a dark patterned carpet.",,,,,,,,,,
P060,7,office_1_event_57_largetable_0002_placing_002648_002664.mp4,1,58,171,Hunavsim,Office,1,largetable_0002,office_1_event_57_largetable_0002_placing_002648_002664.mp4,https://1drv.ms/v/c/e14d2464c52103f1/IQDzgRjOyu8mQa5lqi1xFa4_AfsDgqE4YykxvHeT7giRRls,"A person in a white or gray outfit places a large table in a meeting-style office with rows of chairs, desks, monitors, and a dark patterned carpet.",,,,,,,,,,
P060,8,office_1_event_67_smalltable_0001_lifting_003131_003200.mp4,5,65,178,Hunavsim,Office,1,smalltable_0001,office_1_event_67_smalltable_0001_lifting_003131_003200.mp4,https://1drv.ms/v/c/e14d2464c52103f1/IQDqhFzVFCRWSI9GIrmd9oJyAXOTUPMoSfaPOXr0m0P7aRc,"A person in a white or gray outfit lifts a small table in a meeting-style office with rows of chairs, desks, monitors, and a dark patterned carpet.",,,,,,,,,,
P060,9,tressider-2019-04-26_2_image_6_pushing_000000_000090_H2_O65000.mp4,4,39,51,JRDB,tressider-2019-04-26_2,6,trolley,tressider-2019-04-26_2_image_6_pushing_000000_000090_H2_O65000.mp4,https://1drv.ms/v/c/e14d2464c52103f1/IQCU_GiYKMCSRYJEorUSnzGiAdwCEMh9gSTg2fFRNyjA5cc,A woman in a black-and-white striped sleeveless top pushes a stroller or wheelchair in the foreground of a cafe scene.,https://1drv.ms/i/c/e14d2464c52103f1/IQBMj3m1j6SFTLSYcd6EilkCAabmEeBIF7B__DUGEJ-7MqY,push,normal,large,crowded,collision_risk,,,VLM: push; human_state=normal; object_property=large; spatial_context=crowded; risk_factor=collision_risk; selected_frame=47; gt_activity=pushing; human_iou=1.000; object_iou=1.000,47
P060,10,gates-159-group-meeting-2019-04-03_0_image_0_pushing_000318_000450_H5_O15.mp4,1,25,29,JRDB,gates-159-group-meeting-2019-04-03_0,0,chair/sofa,gates-159-group-meeting-2019-04-03_0_image_0_pushing_000318_000450_H5_O15.mp4,https://1drv.ms/v/c/e14d2464c52103f1/IQBI3iwBn5NfRKTpZHbQuagEAR8TFayYl4atwhT5ZWWDVI8,A man in a dark jacket by an open door pushes a chair beside the doorway.,https://1drv.ms/i/c/e14d2464c52103f1/IQD8Z8EVV0_eS42ZMX1y5rGKAROqXkgAKrHORUw-UcYcDA0,hold,normal,large,open_space,none,,,VLM: hold; human_state=normal; object_property=large; spatial_context=open_space; risk_factor=none; selected_frame=101; gt_activity=pushing; human_iou=0.962; object_iou=1.000,101
P061,1,warehouse_2_event_22_plasticbox_0001_kicking_001597_001661.mp4,1,44,52,Hunavsim,Warehouse,2,plasticbox_0001,warehouse_2_event_22_plasticbox_0001_kicking_001597_001661.mp4,https://1drv.ms/v/c/e14d2464c52103f1/IQAWuWIBWLa-RISYa5Yv3qANAUp-SbBF66NayNu3ePTUStE,"A worker in a yellow safety vest or a light uniform kicks a plastic storage box beside the white warehouse wall, yellow forklift, stacked pallets, and blue rolling bins.",,,,,,,,,,
P061,2,warehouse_3_event_37_smallbox_0001_lifting_001816_001946.mp4,5,42,79,Hunavsim,Warehouse,3,smallbox_0001,warehouse_3_event_37_smallbox_0001_lifting_001816_001946.mp4,https://1drv.ms/v/c/e14d2464c52103f1/IQCtq_YiQh1xSJ6MddoFGJV_AZ8uNmf3BDt2NScAm3HScU0,"A person in a white or light gray outfit lifts a small box beside the white warehouse wall, yellow forklift, stacked pallets, and blue rolling bins.",,,,,,,,,,
P061,3,warehouse_2_event_21_largebox_0002_lifting_001077_001129.mp4,4,45,46,Hunavsim,Warehouse,2,largebox_0002,warehouse_2_event_21_largebox_0002_lifting_001077_001129.mp4,https://1drv.ms/v/c/e14d2464c52103f1/IQCiLMx2YZQnQozR7BvDN2ZZAUYBSjT6XISXpQrc639yyy4,"A worker in a yellow safety vest or a light uniform lifts a large cardboard box beside the white warehouse wall, yellow forklift, stacked pallets, and blue rolling bins.",,,,,,,,,,
P061,4,warehouse_3_event_02_woodchair_0001_carrying_000003_000039.mp4,5,47,60,Hunavsim,Warehouse,3,woodchair_0001,warehouse_3_event_02_woodchair_0001_carrying_000003_000039.mp4,https://1drv.ms/v/c/e14d2464c52103f1/IQDWqNcUpg1RRLvSE8Yta7SMATPWeN382HEs_qafkugsy2Y,"A person in a dark outfit or purple pants carries a wooden chair in a yellow-and-white warehouse with a forklift, blue bins, pallets, and tall metal racks.",,,,,,,,,,
P061,5,hospital_1_event_12_tripod_0001_carrying_001034_001077.mp4,2,49,112,Hunavsim,Hospital,1,tripod_0001,hospital_1_event_12_tripod_0001_carrying_001034_001077.mp4,https://1drv.ms/v/c/e14d2464c52103f1/IQCW5x46IbMPSb_TA1HiEUwaAROeex-i_QWmHp7Uw535gDY,"A person in dark clothing near the hospital wall carries a tripod in a hospital hallway with windows, yellow railings, benches, and blue storage carts.",,,,,,,,,,
P061,6,office_1_event_51_monitor_0002_putting_down_002353_002391.mp4,3,60,164,Hunavsim,Office,1,monitor_0002,office_1_event_51_monitor_0002_putting_down_002353_002391.mp4,https://1drv.ms/v/c/e14d2464c52103f1/IQBi6H6FYOmhRJlNh561bjW1AWtsdFjbAasq8HV4CzHwJx8,"A person in a white or gray outfit puts down a computer monitor in a meeting-style office with rows of chairs, desks, monitors, and a dark patterned carpet.",,,,,,,,,,
P061,7,office_1_event_57_largetable_0002_placing_002648_002664.mp4,2,58,171,Hunavsim,Office,1,largetable_0002,office_1_event_57_largetable_0002_placing_002648_002664.mp4,https://1drv.ms/v/c/e14d2464c52103f1/IQDzgRjOyu8mQa5lqi1xFa4_AfsDgqE4YykxvHeT7giRRls,"A person in a white or gray outfit places a large table in a meeting-style office with rows of chairs, desks, monitors, and a dark patterned carpet.",,,,,,,,,,
P061,8,office_1_event_162_tripod_0001_lifting_006182_006209.mp4,1,70,204,Hunavsim,Office,1,tripod_0001,office_1_event_162_tripod_0001_lifting_006182_006209.mp4,https://1drv.ms/v/c/e14d2464c52103f1/IQA_MZXLXmIMSZnDBP15EgZqAXuwfonctbk2sJLWrEgMLVo,"A person in a pink or light-colored outfit lifts a tripod in a bright office room with desks, black chairs, computer monitors, doorway signage, and wall decorations.",,,,,,,,,,
P061,9,tressider-2019-04-26_2_image_6_pushing_000000_000090_H2_O65000.mp4,5,39,51,JRDB,tressider-2019-04-26_2,6,trolley,tressider-2019-04-26_2_image_6_pushing_000000_000090_H2_O65000.mp4,https://1drv.ms/v/c/e14d2464c52103f1/IQCU_GiYKMCSRYJEorUSnzGiAdwCEMh9gSTg2fFRNyjA5cc,A woman in a black-and-white striped sleeveless top pushes a stroller or wheelchair in the foreground of a cafe scene.,https://1drv.ms/i/c/e14d2464c52103f1/IQBMj3m1j6SFTLSYcd6EilkCAabmEeBIF7B__DUGEJ-7MqY,push,normal,large,crowded,collision_risk,,,VLM: push; human_state=normal; object_property=large; spatial_context=crowded; risk_factor=collision_risk; selected_frame=47; gt_activity=pushing; human_iou=1.000; object_iou=1.000,47
P061,10,gates-159-group-meeting-2019-04-03_0_image_0_pushing_000318_000450_H5_O15.mp4,2,25,29,JRDB,gates-159-group-meeting-2019-04-03_0,0,chair/sofa,gates-159-group-meeting-2019-04-03_0_image_0_pushing_000318_000450_H5_O15.mp4,https://1drv.ms/v/c/e14d2464c52103f1/IQBI3iwBn5NfRKTpZHbQuagEAR8TFayYl4atwhT5ZWWDVI8,A man in a dark jacket by an open door pushes a chair beside the doorway.,https://1drv.ms/i/c/e14d2464c52103f1/IQD8Z8EVV0_eS42ZMX1y5rGKAROqXkgAKrHORUw-UcYcDA0,hold,normal,large,open_space,none,,,VLM: hold; human_state=normal; object_property=large; spatial_context=open_space; risk_factor=none; selected_frame=101; gt_activity=pushing; human_iou=0.962; object_iou=1.000,101
P062,1,warehouse_2_event_22_plasticbox_0001_kicking_001597_001661.mp4,2,44,52,Hunavsim,Warehouse,2,plasticbox_0001,warehouse_2_event_22_plasticbox_0001_kicking_001597_001661.mp4,https://1drv.ms/v/c/e14d2464c52103f1/IQAWuWIBWLa-RISYa5Yv3qANAUp-SbBF66NayNu3ePTUStE,"A worker in a yellow safety vest or a light uniform kicks a plastic storage box beside the white warehouse wall, yellow forklift, stacked pallets, and blue rolling bins.",,,,,,,,,,
P062,2,warehouse_3_event_37_smallbox_0001_putting_down_001947_002049.mp4,1,42,80,Hunavsim,Warehouse,3,smallbox_0001,warehouse_3_event_37_smallbox_0001_putting_down_001947_002049.mp4,https://1drv.ms/v/c/e14d2464c52103f1/IQD09abk9CgLQ7N6ANIAKdmkAbg1AgdreYfQ26jDUmGHLKY,"A person in a white or light gray outfit puts down a small box beside the white warehouse wall, yellow forklift, stacked pallets, and blue rolling bins.",,,,,,,,,,
P062,3,warehouse_2_event_21_largebox_0002_lifting_001077_001129.mp4,5,45,46,Hunavsim,Warehouse,2,largebox_0002,warehouse_2_event_21_largebox_0002_lifting_001077_001129.mp4,https://1drv.ms/v/c/e14d2464c52103f1/IQCiLMx2YZQnQozR7BvDN2ZZAUYBSjT6XISXpQrc639yyy4,"A worker in a yellow safety vest or a light uniform lifts a large cardboard box beside the white warehouse wall, yellow forklift, stacked pallets, and blue rolling bins.",,,,,,,,,,
P062,4,warehouse_3_event_47_woodchair_0001_move_002414_002534.mp4,1,47,85,Hunavsim,Warehouse,3,woodchair_0001,warehouse_3_event_47_woodchair_0001_move_002414_002534.mp4,https://1drv.ms/v/c/e14d2464c52103f1/IQBmUu9MW4MoSKCe7ApzoAVUASoD1D50_EnfYsU4YPqmzBg,"A person in a white or light gray outfit moves a wooden chair beside the white warehouse wall, yellow forklift, stacked pallets, and blue rolling bins.",,,,,,,,,,
P062,5,hospital_1_event_12_tripod_0001_carrying_001034_001077.mp4,3,49,112,Hunavsim,Hospital,1,tripod_0001,hospital_1_event_12_tripod_0001_carrying_001034_001077.mp4,https://1drv.ms/v/c/e14d2464c52103f1/IQCW5x46IbMPSb_TA1HiEUwaAROeex-i_QWmHp7Uw535gDY,"A person in dark clothing near the hospital wall carries a tripod in a hospital hallway with windows, yellow railings, benches, and blue storage carts.",,,,,,,,,,
P062,6,office_1_event_51_monitor_0002_putting_down_002353_002391.mp4,4,60,164,Hunavsim,Office,1,monitor_0002,office_1_event_51_monitor_0002_putting_down_002353_002391.mp4,https://1drv.ms/v/c/e14d2464c52103f1/IQBi6H6FYOmhRJlNh561bjW1AWtsdFjbAasq8HV4CzHwJx8,"A person in a white or gray outfit puts down a computer monitor in a meeting-style office with rows of chairs, desks, monitors, and a dark patterned carpet.",,,,,,,,,,
P062,7,office_1_event_57_largetable_0002_placing_002648_002664.mp4,3,58,171,Hunavsim,Office,1,largetable_0002,office_1_event_57_largetable_0002_placing_002648_002664.mp4,https://1drv.ms/v/c/e14d2464c52103f1/IQDzgRjOyu8mQa5lqi1xFa4_AfsDgqE4YykxvHeT7giRRls,"A person in a white or gray outfit places a large table in a meeting-style office with rows of chairs, desks, monitors, and a dark patterned carpet.",,,,,,,,,,
P062,8,office_1_event_162_tripod_0001_lifting_006182_006209.mp4,2,70,204,Hunavsim,Office,1,tripod_0001,office_1_event_162_tripod_0001_lifting_006182_006209.mp4,https://1drv.ms/v/c/e14d2464c52103f1/IQA_MZXLXmIMSZnDBP15EgZqAXuwfonctbk2sJLWrEgMLVo,"A person in a pink or light-colored outfit lifts a tripod in a bright office room with desks, black chairs, computer monitors, doorway signage, and wall decorations.",,,,,,,,,,
P062,9,gates-foyer-2019-01-17_0_image_0_packing_001326_001386_H8_O65002.mp4,1,6,6,JRDB,gates-foyer-2019-01-17_0,0,trolley,gates-foyer-2019-01-17_0_image_0_packing_001326_001386_H8_O65002.mp4,https://1drv.ms/v/c/e14d2464c52103f1/IQA20gXGBkQeSYl8hvdP1pEaAZuQIXxkOxbsuyOvAxlaVWg,A dark-topped person near the doorway packs items into a low trolley positioned in front of them.,https://1drv.ms/i/c/e14d2464c52103f1/IQCu2Z8tBdTXSr3sWzyTtKd3AXykjwjcZQh-Omi7ZNWjZNE,hold,normal,large,open_space,none,,,VLM: hold; human_state=normal; object_property=large; spatial_context=open_space; risk_factor=none; selected_frame=47; gt_activity=packing; human_iou=1.000; object_iou=1.000,47
P062,10,gates-159-group-meeting-2019-04-03_0_image_0_pushing_000318_000450_H5_O15.mp4,3,25,29,JRDB,gates-159-group-meeting-2019-04-03_0,0,chair/sofa,gates-159-group-meeting-2019-04-03_0_image_0_pushing_000318_000450_H5_O15.mp4,https://1drv.ms/v/c/e14d2464c52103f1/IQBI3iwBn5NfRKTpZHbQuagEAR8TFayYl4atwhT5ZWWDVI8,A man in a dark jacket by an open door pushes a chair beside the doorway.,https://1drv.ms/i/c/e14d2464c52103f1/IQD8Z8EVV0_eS42ZMX1y5rGKAROqXkgAKrHORUw-UcYcDA0,hold,normal,large,open_space,none,,,VLM: hold; human_state=normal; object_property=large; spatial_context=open_space; risk_factor=none; selected_frame=101; gt_activity=pushing; human_iou=0.962; object_iou=1.000,101
P063,1,warehouse_2_event_22_plasticbox_0001_kicking_001597_001661.mp4,3,44,52,Hunavsim,Warehouse,2,plasticbox_0001,warehouse_2_event_22_plasticbox_0001_kicking_001597_001661.mp4,https://1drv.ms/v/c/e14d2464c52103f1/IQAWuWIBWLa-RISYa5Yv3qANAUp-SbBF66NayNu3ePTUStE,"A worker in a yellow safety vest or a light uniform kicks a plastic storage box beside the white warehouse wall, yellow forklift, stacked pallets, and blue rolling bins.",,,,,,,,,,
P063,2,warehouse_3_event_37_smallbox_0001_putting_down_001947_002049.mp4,2,42,80,Hunavsim,Warehouse,3,smallbox_0001,warehouse_3_event_37_smallbox_0001_putting_down_001947_002049.mp4,https://1drv.ms/v/c/e14d2464c52103f1/IQD09abk9CgLQ7N6ANIAKdmkAbg1AgdreYfQ26jDUmGHLKY,"A person in a white or light gray outfit puts down a small box beside the white warehouse wall, yellow forklift, stacked pallets, and blue rolling bins.",,,,,,,,,,
P063,3,warehouse_2_event_21_largebox_0002_carrying_001130_001274.mp4,1,45,47,Hunavsim,Warehouse,2,largebox_0002,warehouse_2_event_21_largebox_0002_carrying_001130_001274.mp4,https://1drv.ms/v/c/e14d2464c52103f1/IQBwZW7CROYqRqu-G80xHtjsAa7oyYAEU_giiKTzQaG0DDo,"A worker in a yellow safety vest or a light uniform carries a large cardboard box beside the white warehouse wall, yellow forklift, stacked pallets, and blue rolling bins.",,,,,,,,,,
P063,4,warehouse_3_event_47_woodchair_0001_move_002414_002534.mp4,2,47,85,Hunavsim,Warehouse,3,woodchair_0001,warehouse_3_event_47_woodchair_0001_move_002414_002534.mp4,https://1drv.ms/v/c/e14d2464c52103f1/IQBmUu9MW4MoSKCe7ApzoAVUASoD1D50_EnfYsU4YPqmzBg,"A person in a white or light gray outfit moves a wooden chair beside the white warehouse wall, yellow forklift, stacked pallets, and blue rolling bins.",,,,,,,,,,
P063,5,hospital_1_event_12_tripod_0001_carrying_001034_001077.mp4,4,49,112,Hunavsim,Hospital,1,tripod_0001,hospital_1_event_12_tripod_0001_carrying_001034_001077.mp4,https://1drv.ms/v/c/e14d2464c52103f1/IQCW5x46IbMPSb_TA1HiEUwaAROeex-i_QWmHp7Uw535gDY,"A person in dark clothing near the hospital wall carries a tripod in a hospital hallway with windows, yellow railings, benches, and blue storage carts.",,,,,,,,,,
P063,6,office_1_event_51_monitor_0002_putting_down_002353_002391.mp4,5,60,164,Hunavsim,Office,1,monitor_0002,office_1_event_51_monitor_0002_putting_down_002353_002391.mp4,https://1drv.ms/v/c/e14d2464c52103f1/IQBi6H6FYOmhRJlNh561bjW1AWtsdFjbAasq8HV4CzHwJx8,"A person in a white or gray outfit puts down a computer monitor in a meeting-style office with rows of chairs, desks, monitors, and a dark patterned carpet.",,,,,,,,,,
P063,7,office_1_event_57_largetable_0002_placing_002648_002664.mp4,4,58,171,Hunavsim,Office,1,largetable_0002,office_1_event_57_largetable_0002_placing_002648_002664.mp4,https://1drv.ms/v/c/e14d2464c52103f1/IQDzgRjOyu8mQa5lqi1xFa4_AfsDgqE4YykxvHeT7giRRls,"A person in a white or gray outfit places a large table in a meeting-style office with rows of chairs, desks, monitors, and a dark patterned carpet.",,,,,,,,,,
P063,8,office_1_event_162_tripod_0001_lifting_006182_006209.mp4,3,70,204,Hunavsim,Office,1,tripod_0001,office_1_event_162_tripod_0001_lifting_006182_006209.mp4,https://1drv.ms/v/c/e14d2464c52103f1/IQA_MZXLXmIMSZnDBP15EgZqAXuwfonctbk2sJLWrEgMLVo,"A person in a pink or light-colored outfit lifts a tripod in a bright office room with desks, black chairs, computer monitors, doorway signage, and wall decorations.",,,,,,,,,,
P063,9,gates-foyer-2019-01-17_0_image_0_packing_001326_001386_H8_O65002.mp4,2,6,6,JRDB,gates-foyer-2019-01-17_0,0,trolley,gates-foyer-2019-01-17_0_image_0_packing_001326_001386_H8_O65002.mp4,https://1drv.ms/v/c/e14d2464c52103f1/IQA20gXGBkQeSYl8hvdP1pEaAZuQIXxkOxbsuyOvAxlaVWg,A dark-topped person near the doorway packs items into a low trolley positioned in front of them.,https://1drv.ms/i/c/e14d2464c52103f1/IQCu2Z8tBdTXSr3sWzyTtKd3AXykjwjcZQh-Omi7ZNWjZNE,hold,normal,large,open_space,none,,,VLM: hold; human_state=normal; object_property=large; spatial_context=open_space; risk_factor=none; selected_frame=47; gt_activity=packing; human_iou=1.000; object_iou=1.000,47
P063,10,gates-159-group-meeting-2019-04-03_0_image_0_pushing_000318_000450_H5_O15.mp4,4,25,29,JRDB,gates-159-group-meeting-2019-04-03_0,0,chair/sofa,gates-159-group-meeting-2019-04-03_0_image_0_pushing_000318_000450_H5_O15.mp4,https://1drv.ms/v/c/e14d2464c52103f1/IQBI3iwBn5NfRKTpZHbQuagEAR8TFayYl4atwhT5ZWWDVI8,A man in a dark jacket by an open door pushes a chair beside the doorway.,https://1drv.ms/i/c/e14d2464c52103f1/IQD8Z8EVV0_eS42ZMX1y5rGKAROqXkgAKrHORUw-UcYcDA0,hold,normal,large,open_space,none,,,VLM: hold; human_state=normal; object_property=large; spatial_context=open_space; risk_factor=none; selected_frame=101; gt_activity=pushing; human_iou=0.962; object_iou=1.000,101
P064,1,warehouse_2_event_22_plasticbox_0001_kicking_001597_001661.mp4,4,44,52,Hunavsim,Warehouse,2,plasticbox_0001,warehouse_2_event_22_plasticbox_0001_kicking_001597_001661.mp4,https://1drv.ms/v/c/e14d2464c52103f1/IQAWuWIBWLa-RISYa5Yv3qANAUp-SbBF66NayNu3ePTUStE,"A worker in a yellow safety vest or a light uniform kicks a plastic storage box beside the white warehouse wall, yellow forklift, stacked pallets, and blue rolling bins.",,,,,,,,,,
P064,2,warehouse_3_event_37_smallbox_0001_putting_down_001947_002049.mp4,3,42,80,Hunavsim,Warehouse,3,smallbox_0001,warehouse_3_event_37_smallbox_0001_putting_down_001947_002049.mp4,https://1drv.ms/v/c/e14d2464c52103f1/IQD09abk9CgLQ7N6ANIAKdmkAbg1AgdreYfQ26jDUmGHLKY,"A person in a white or light gray outfit puts down a small box beside the white warehouse wall, yellow forklift, stacked pallets, and blue rolling bins.",,,,,,,,,,
P064,3,warehouse_2_event_21_largebox_0002_carrying_001130_001274.mp4,2,45,47,Hunavsim,Warehouse,2,largebox_0002,warehouse_2_event_21_largebox_0002_carrying_001130_001274.mp4,https://1drv.ms/v/c/e14d2464c52103f1/IQBwZW7CROYqRqu-G80xHtjsAa7oyYAEU_giiKTzQaG0DDo,"A worker in a yellow safety vest or a light uniform carries a large cardboard box beside the white warehouse wall, yellow forklift, stacked pallets, and blue rolling bins.",,,,,,,,,,
P064,4,warehouse_3_event_47_woodchair_0001_move_002414_002534.mp4,3,47,85,Hunavsim,Warehouse,3,woodchair_0001,warehouse_3_event_47_woodchair_0001_move_002414_002534.mp4,https://1drv.ms/v/c/e14d2464c52103f1/IQBmUu9MW4MoSKCe7ApzoAVUASoD1D50_EnfYsU4YPqmzBg,"A person in a white or light gray outfit moves a wooden chair beside the white warehouse wall, yellow forklift, stacked pallets, and blue rolling bins.",,,,,,,,,,
P064,5,hospital_1_event_12_tripod_0001_carrying_001034_001077.mp4,5,49,112,Hunavsim,Hospital,1,tripod_0001,hospital_1_event_12_tripod_0001_carrying_001034_001077.mp4,https://1drv.ms/v/c/e14d2464c52103f1/IQCW5x46IbMPSb_TA1HiEUwaAROeex-i_QWmHp7Uw535gDY,"A person in dark clothing near the hospital wall carries a tripod in a hospital hallway with windows, yellow railings, benches, and blue storage carts.",,,,,,,,,,
P064,6,office_1_event_51_monitor_0002_lifting_002392_002418.mp4,1,60,165,Hunavsim,Office,1,monitor_0002,office_1_event_51_monitor_0002_lifting_002392_002418.mp4,https://1drv.ms/v/c/e14d2464c52103f1/IQB_xX-klSwvRospd5y4j9IcAUh3WCljbb58PFYAzewe0I8,"A person in a white or gray outfit lifts a computer monitor in a meeting-style office with rows of chairs, desks, monitors, and a dark patterned carpet.",,,,,,,,,,
P064,7,office_1_event_57_largetable_0002_placing_002648_002664.mp4,5,58,171,Hunavsim,Office,1,largetable_0002,office_1_event_57_largetable_0002_placing_002648_002664.mp4,https://1drv.ms/v/c/e14d2464c52103f1/IQDzgRjOyu8mQa5lqi1xFa4_AfsDgqE4YykxvHeT7giRRls,"A person in a white or gray outfit places a large table in a meeting-style office with rows of chairs, desks, monitors, and a dark patterned carpet.",,,,,,,,,,
P064,8,office_1_event_162_tripod_0001_lifting_006182_006209.mp4,4,70,204,Hunavsim,Office,1,tripod_0001,office_1_event_162_tripod_0001_lifting_006182_006209.mp4,https://1drv.ms/v/c/e14d2464c52103f1/IQA_MZXLXmIMSZnDBP15EgZqAXuwfonctbk2sJLWrEgMLVo,"A person in a pink or light-colored outfit lifts a tripod in a bright office room with desks, black chairs, computer monitors, doorway signage, and wall decorations.",,,,,,,,,,
P064,9,gates-foyer-2019-01-17_0_image_0_packing_001326_001386_H8_O65002.mp4,3,6,6,JRDB,gates-foyer-2019-01-17_0,0,trolley,gates-foyer-2019-01-17_0_image_0_packing_001326_001386_H8_O65002.mp4,https://1drv.ms/v/c/e14d2464c52103f1/IQA20gXGBkQeSYl8hvdP1pEaAZuQIXxkOxbsuyOvAxlaVWg,A dark-topped person near the doorway packs items into a low trolley positioned in front of them.,https://1drv.ms/i/c/e14d2464c52103f1/IQCu2Z8tBdTXSr3sWzyTtKd3AXykjwjcZQh-Omi7ZNWjZNE,hold,normal,large,open_space,none,,,VLM: hold; human_state=normal; object_property=large; spatial_context=open_space; risk_factor=none; selected_frame=47; gt_activity=packing; human_iou=1.000; object_iou=1.000,47
P064,10,gates-159-group-meeting-2019-04-03_0_image_0_pushing_000318_000450_H5_O15.mp4,5,25,29,JRDB,gates-159-group-meeting-2019-04-03_0,0,chair/sofa,gates-159-group-meeting-2019-04-03_0_image_0_pushing_000318_000450_H5_O15.mp4,https://1drv.ms/v/c/e14d2464c52103f1/IQBI3iwBn5NfRKTpZHbQuagEAR8TFayYl4atwhT5ZWWDVI8,A man in a dark jacket by an open door pushes a chair beside the doorway.,https://1drv.ms/i/c/e14d2464c52103f1/IQD8Z8EVV0_eS42ZMX1y5rGKAROqXkgAKrHORUw-UcYcDA0,hold,normal,large,open_space,none,,,VLM: hold; human_state=normal; object_property=large; spatial_context=open_space; risk_factor=none; selected_frame=101; gt_activity=pushing; human_iou=0.962; object_iou=1.000,101
P065,1,warehouse_2_event_22_plasticbox_0001_kicking_001597_001661.mp4,5,44,52,Hunavsim,Warehouse,2,plasticbox_0001,warehouse_2_event_22_plasticbox_0001_kicking_001597_001661.mp4,https://1drv.ms/v/c/e14d2464c52103f1/IQAWuWIBWLa-RISYa5Yv3qANAUp-SbBF66NayNu3ePTUStE,"A worker in a yellow safety vest or a light uniform kicks a plastic storage box beside the white warehouse wall, yellow forklift, stacked pallets, and blue rolling bins.",,,,,,,,,,
P065,2,warehouse_3_event_37_smallbox_0001_putting_down_001947_002049.mp4,4,42,80,Hunavsim,Warehouse,3,smallbox_0001,warehouse_3_event_37_smallbox_0001_putting_down_001947_002049.mp4,https://1drv.ms/v/c/e14d2464c52103f1/IQD09abk9CgLQ7N6ANIAKdmkAbg1AgdreYfQ26jDUmGHLKY,"A person in a white or light gray outfit puts down a small box beside the white warehouse wall, yellow forklift, stacked pallets, and blue rolling bins.",,,,,,,,,,
P065,3,warehouse_2_event_21_largebox_0002_carrying_001130_001274.mp4,3,45,47,Hunavsim,Warehouse,2,largebox_0002,warehouse_2_event_21_largebox_0002_carrying_001130_001274.mp4,https://1drv.ms/v/c/e14d2464c52103f1/IQBwZW7CROYqRqu-G80xHtjsAa7oyYAEU_giiKTzQaG0DDo,"A worker in a yellow safety vest or a light uniform carries a large cardboard box beside the white warehouse wall, yellow forklift, stacked pallets, and blue rolling bins.",,,,,,,,,,
P065,4,warehouse_3_event_47_woodchair_0001_move_002414_002534.mp4,4,47,85,Hunavsim,Warehouse,3,woodchair_0001,warehouse_3_event_47_woodchair_0001_move_002414_002534.mp4,https://1drv.ms/v/c/e14d2464c52103f1/IQBmUu9MW4MoSKCe7ApzoAVUASoD1D50_EnfYsU4YPqmzBg,"A person in a white or light gray outfit moves a wooden chair beside the white warehouse wall, yellow forklift, stacked pallets, and blue rolling bins.",,,,,,,,,,
P065,5,hospital_1_event_14_tripod_0001_carrying_001126_001186.mp4,1,49,114,Hunavsim,Hospital,1,tripod_0001,hospital_1_event_14_tripod_0001_carrying_001126_001186.mp4,https://1drv.ms/v/c/e14d2464c52103f1/IQCKCQUUVTGOT53ZfVbBtRD1ATAee16AShjw7tCaJo9NGDs,"A person in dark clothing near the hospital wall carries a tripod in a hospital hallway with windows, yellow railings, benches, and blue storage carts.",,,,,,,,,,
P065,6,office_1_event_51_monitor_0002_lifting_002392_002418.mp4,2,60,165,Hunavsim,Office,1,monitor_0002,office_1_event_51_monitor_0002_lifting_002392_002418.mp4,https://1drv.ms/v/c/e14d2464c52103f1/IQB_xX-klSwvRospd5y4j9IcAUh3WCljbb58PFYAzewe0I8,"A person in a white or gray outfit lifts a computer monitor in a meeting-style office with rows of chairs, desks, monitors, and a dark patterned carpet.",,,,,,,,,,
P065,7,office_1_event_57_largetable_0002_lifting_002665_002739.mp4,1,58,172,Hunavsim,Office,1,largetable_0002,office_1_event_57_largetable_0002_lifting_002665_002739.mp4,https://1drv.ms/v/c/e14d2464c52103f1/IQBihf45qiy5QqZm9stygdFiAQuMKJZ4xISOS6pu80SZo0E,"A person in a white or gray outfit lifts a large table in a meeting-style office with rows of chairs, desks, monitors, and a dark patterned carpet.",,,,,,,,,,
P065,8,office_1_event_162_tripod_0001_lifting_006182_006209.mp4,5,70,204,Hunavsim,Office,1,tripod_0001,office_1_event_162_tripod_0001_lifting_006182_006209.mp4,https://1drv.ms/v/c/e14d2464c52103f1/IQA_MZXLXmIMSZnDBP15EgZqAXuwfonctbk2sJLWrEgMLVo,"A person in a pink or light-colored outfit lifts a tripod in a bright office room with desks, black chairs, computer monitors, doorway signage, and wall decorations.",,,,,,,,,,
P065,9,gates-foyer-2019-01-17_0_image_0_packing_001326_001386_H8_O65002.mp4,4,6,6,JRDB,gates-foyer-2019-01-17_0,0,trolley,gates-foyer-2019-01-17_0_image_0_packing_001326_001386_H8_O65002.mp4,https://1drv.ms/v/c/e14d2464c52103f1/IQA20gXGBkQeSYl8hvdP1pEaAZuQIXxkOxbsuyOvAxlaVWg,A dark-topped person near the doorway packs items into a low trolley positioned in front of them.,https://1drv.ms/i/c/e14d2464c52103f1/IQCu2Z8tBdTXSr3sWzyTtKd3AXykjwjcZQh-Omi7ZNWjZNE,hold,normal,large,open_space,none,,,VLM: hold; human_state=normal; object_property=large; spatial_context=open_space; risk_factor=none; selected_frame=47; gt_activity=packing; human_iou=1.000; object_iou=1.000,47
P065,10,gates-159-group-meeting-2019-04-03_0_image_0_carrying_000693_000801_H7_O7.mp4,1,26,30,JRDB,gates-159-group-meeting-2019-04-03_0,0,bag,gates-159-group-meeting-2019-04-03_0_image_0_carrying_000693_000801_H7_O7.mp4,https://1drv.ms/v/c/e14d2464c52103f1/IQDsl0qP41PdQqU5UTjALoqkAUgCSqYW813ozC8dLaC5N14,A dark-clothed person far down a hallway carries a small bag.,https://1drv.ms/i/c/e14d2464c52103f1/IQCPfBArtpXLSrPSyGafbQq0AUCqpbEIAJqYK8OeBA9j32M,hold,normal,small,narrow_corridor,none,,,VLM: hold; human_state=normal; object_property=small; spatial_context=narrow_corridor; risk_factor=none; selected_frame=83; gt_activity=carrying; human_iou=0.490; object_iou=1.000,83
P066,1,warehouse_2_event_35_plasticbox_0001_kick_002004_002203.mp4,1,44,58,Hunavsim,Warehouse,2,plasticbox_0001,warehouse_2_event_35_plasticbox_0001_kick_002004_002203.mp4,https://1drv.ms/v/c/e14d2464c52103f1/IQDlRbGFLJDiQK7OXwt2VCpSAQ-Z5oQiS9qmfFZYO75af40,"A person in a white or light gray outfit kicks a plastic storage box beside the white warehouse wall, yellow forklift, stacked pallets, and blue rolling bins.",,,,,,,,,,
P066,2,warehouse_3_event_37_smallbox_0001_putting_down_001947_002049.mp4,5,42,80,Hunavsim,Warehouse,3,smallbox_0001,warehouse_3_event_37_smallbox_0001_putting_down_001947_002049.mp4,https://1drv.ms/v/c/e14d2464c52103f1/IQD09abk9CgLQ7N6ANIAKdmkAbg1AgdreYfQ26jDUmGHLKY,"A person in a white or light gray outfit puts down a small box beside the white warehouse wall, yellow forklift, stacked pallets, and blue rolling bins.",,,,,,,,,,
P066,3,warehouse_2_event_21_largebox_0002_carrying_001130_001274.mp4,4,45,47,Hunavsim,Warehouse,2,largebox_0002,warehouse_2_event_21_largebox_0002_carrying_001130_001274.mp4,https://1drv.ms/v/c/e14d2464c52103f1/IQBwZW7CROYqRqu-G80xHtjsAa7oyYAEU_giiKTzQaG0DDo,"A worker in a yellow safety vest or a light uniform carries a large cardboard box beside the white warehouse wall, yellow forklift, stacked pallets, and blue rolling bins.",,,,,,,,,,
P066,4,warehouse_3_event_47_woodchair_0001_move_002414_002534.mp4,5,47,85,Hunavsim,Warehouse,3,woodchair_0001,warehouse_3_event_47_woodchair_0001_move_002414_002534.mp4,https://1drv.ms/v/c/e14d2464c52103f1/IQBmUu9MW4MoSKCe7ApzoAVUASoD1D50_EnfYsU4YPqmzBg,"A person in a white or light gray outfit moves a wooden chair beside the white warehouse wall, yellow forklift, stacked pallets, and blue rolling bins.",,,,,,,,,,
P066,5,hospital_1_event_14_tripod_0001_carrying_001126_001186.mp4,2,49,114,Hunavsim,Hospital,1,tripod_0001,hospital_1_event_14_tripod_0001_carrying_001126_001186.mp4,https://1drv.ms/v/c/e14d2464c52103f1/IQCKCQUUVTGOT53ZfVbBtRD1ATAee16AShjw7tCaJo9NGDs,"A person in dark clothing near the hospital wall carries a tripod in a hospital hallway with windows, yellow railings, benches, and blue storage carts.",,,,,,,,,,
P066,6,office_1_event_51_monitor_0002_lifting_002392_002418.mp4,3,60,165,Hunavsim,Office,1,monitor_0002,office_1_event_51_monitor_0002_lifting_002392_002418.mp4,https://1drv.ms/v/c/e14d2464c52103f1/IQB_xX-klSwvRospd5y4j9IcAUh3WCljbb58PFYAzewe0I8,"A person in a white or gray outfit lifts a computer monitor in a meeting-style office with rows of chairs, desks, monitors, and a dark patterned carpet.",,,,,,,,,,
P066,7,office_1_event_57_largetable_0002_lifting_002665_002739.mp4,2,58,172,Hunavsim,Office,1,largetable_0002,office_1_event_57_largetable_0002_lifting_002665_002739.mp4,https://1drv.ms/v/c/e14d2464c52103f1/IQBihf45qiy5QqZm9stygdFiAQuMKJZ4xISOS6pu80SZo0E,"A person in a white or gray outfit lifts a large table in a meeting-style office with rows of chairs, desks, monitors, and a dark patterned carpet.",,,,,,,,,,
P066,8,office_1_event_162_tripod_0001_carrying_006210_006251.mp4,1,70,205,Hunavsim,Office,1,tripod_0001,office_1_event_162_tripod_0001_carrying_006210_006251.mp4,https://1drv.ms/v/c/e14d2464c52103f1/IQAFf0JwiO6US7GVi0S4fvANAc-hWqkMgdKae4Kt8aZtkkk,"A person in a dark top near the office doorway carries a tripod in a bright office room with desks, black chairs, computer monitors, doorway signage, and wall decorations.",,,,,,,,,,
P066,9,gates-foyer-2019-01-17_0_image_0_packing_001326_001386_H8_O65002.mp4,5,6,6,JRDB,gates-foyer-2019-01-17_0,0,trolley,gates-foyer-2019-01-17_0_image_0_packing_001326_001386_H8_O65002.mp4,https://1drv.ms/v/c/e14d2464c52103f1/IQA20gXGBkQeSYl8hvdP1pEaAZuQIXxkOxbsuyOvAxlaVWg,A dark-topped person near the doorway packs items into a low trolley positioned in front of them.,https://1drv.ms/i/c/e14d2464c52103f1/IQCu2Z8tBdTXSr3sWzyTtKd3AXykjwjcZQh-Omi7ZNWjZNE,hold,normal,large,open_space,none,,,VLM: hold; human_state=normal; object_property=large; spatial_context=open_space; risk_factor=none; selected_frame=47; gt_activity=packing; human_iou=1.000; object_iou=1.000,47
P066,10,gates-159-group-meeting-2019-04-03_0_image_0_carrying_000693_000801_H7_O7.mp4,2,26,30,JRDB,gates-159-group-meeting-2019-04-03_0,0,bag,gates-159-group-meeting-2019-04-03_0_image_0_carrying_000693_000801_H7_O7.mp4,https://1drv.ms/v/c/e14d2464c52103f1/IQDsl0qP41PdQqU5UTjALoqkAUgCSqYW813ozC8dLaC5N14,A dark-clothed person far down a hallway carries a small bag.,https://1drv.ms/i/c/e14d2464c52103f1/IQCPfBArtpXLSrPSyGafbQq0AUCqpbEIAJqYK8OeBA9j32M,hold,normal,small,narrow_corridor,none,,,VLM: hold; human_state=normal; object_property=small; spatial_context=narrow_corridor; risk_factor=none; selected_frame=83; gt_activity=carrying; human_iou=0.490; object_iou=1.000,83
P067,1,warehouse_2_event_35_plasticbox_0001_kick_002004_002203.mp4,2,44,58,Hunavsim,Warehouse,2,plasticbox_0001,warehouse_2_event_35_plasticbox_0001_kick_002004_002203.mp4,https://1drv.ms/v/c/e14d2464c52103f1/IQDlRbGFLJDiQK7OXwt2VCpSAQ-Z5oQiS9qmfFZYO75af40,"A person in a white or light gray outfit kicks a plastic storage box beside the white warehouse wall, yellow forklift, stacked pallets, and blue rolling bins.",,,,,,,,,,
P067,2,warehouse_3_event_37_smallbox_0001_lifting_002050_002072.mp4,1,42,81,Hunavsim,Warehouse,3,smallbox_0001,warehouse_3_event_37_smallbox_0001_lifting_002050_002072.mp4,https://1drv.ms/v/c/e14d2464c52103f1/IQDxUMCVjgU0SqALM-wP4oUwASmVTiCuSKf4VfJO5boTxe4,"A person in a white or light gray outfit lifts a small box beside the white warehouse wall, yellow forklift, stacked pallets, and blue rolling bins.",,,,,,,,,,
P067,3,warehouse_2_event_21_largebox_0002_carrying_001130_001274.mp4,5,45,47,Hunavsim,Warehouse,2,largebox_0002,warehouse_2_event_21_largebox_0002_carrying_001130_001274.mp4,https://1drv.ms/v/c/e14d2464c52103f1/IQBwZW7CROYqRqu-G80xHtjsAa7oyYAEU_giiKTzQaG0DDo,"A worker in a yellow safety vest or a light uniform carries a large cardboard box beside the white warehouse wall, yellow forklift, stacked pallets, and blue rolling bins.",,,,,,,,,,
P067,4,warehouse_3_event_51_woodchair_0001_carrying_002648_002688.mp4,1,47,86,Hunavsim,Warehouse,3,woodchair_0001,warehouse_3_event_51_woodchair_0001_carrying_002648_002688.mp4,https://1drv.ms/v/c/e14d2464c52103f1/IQDe9yWUoPTUQrRdUjM_sueoAWj6AyMU5CEyDliGG2Z7E3Q,"A worker in a purple shirt and jeans carries a wooden chair in the open warehouse aisle near pallet stacks, a yellow forklift, and industrial shelving.",,,,,,,,,,
P067,5,hospital_1_event_14_tripod_0001_carrying_001126_001186.mp4,3,49,114,Hunavsim,Hospital,1,tripod_0001,hospital_1_event_14_tripod_0001_carrying_001126_001186.mp4,https://1drv.ms/v/c/e14d2464c52103f1/IQCKCQUUVTGOT53ZfVbBtRD1ATAee16AShjw7tCaJo9NGDs,"A person in dark clothing near the hospital wall carries a tripod in a hospital hallway with windows, yellow railings, benches, and blue storage carts.",,,,,,,,,,
P067,6,office_1_event_51_monitor_0002_lifting_002392_002418.mp4,4,60,165,Hunavsim,Office,1,monitor_0002,office_1_event_51_monitor_0002_lifting_002392_002418.mp4,https://1drv.ms/v/c/e14d2464c52103f1/IQB_xX-klSwvRospd5y4j9IcAUh3WCljbb58PFYAzewe0I8,"A person in a white or gray outfit lifts a computer monitor in a meeting-style office with rows of chairs, desks, monitors, and a dark patterned carpet.",,,,,,,,,,
P067,7,office_1_event_57_largetable_0002_lifting_002665_002739.mp4,3,58,172,Hunavsim,Office,1,largetable_0002,office_1_event_57_largetable_0002_lifting_002665_002739.mp4,https://1drv.ms/v/c/e14d2464c52103f1/IQBihf45qiy5QqZm9stygdFiAQuMKJZ4xISOS6pu80SZo0E,"A person in a white or gray outfit lifts a large table in a meeting-style office with rows of chairs, desks, monitors, and a dark patterned carpet.",,,,,,,,,,
P067,8,office_1_event_162_tripod_0001_carrying_006210_006251.mp4,2,70,205,Hunavsim,Office,1,tripod_0001,office_1_event_162_tripod_0001_carrying_006210_006251.mp4,https://1drv.ms/v/c/e14d2464c52103f1/IQAFf0JwiO6US7GVi0S4fvANAc-hWqkMgdKae4Kt8aZtkkk,"A person in a dark top near the office doorway carries a tripod in a bright office room with desks, black chairs, computer monitors, doorway signage, and wall decorations.",,,,,,,,,,
P067,9,gates-foyer-2019-01-17_0_image_0_packing_001476_001584_H8_O65002.mp4,1,6,7,JRDB,gates-foyer-2019-01-17_0,0,trolley,gates-foyer-2019-01-17_0_image_0_packing_001476_001584_H8_O65002.mp4,https://1drv.ms/v/c/e14d2464c52103f1/IQAlpicgtI-YS4Ks3elT4zSwATbLV71A079wuv-BD4bwL54,A dark-jacketed person at the left side of the foyer handles a trolley beside the table.,https://1drv.ms/i/c/e14d2464c52103f1/IQBH6SFrXWKwTaOBzPlL1z6NAcpwZmYA2xowOTvse5wnYJQ,hold,normal,large,open_space,none,,,VLM: hold; human_state=normal; object_property=large; spatial_context=open_space; risk_factor=none; selected_frame=28; gt_activity=packing; human_iou=1.000; object_iou=1.000,28
P067,10,gates-159-group-meeting-2019-04-03_0_image_0_carrying_000693_000801_H7_O7.mp4,3,26,30,JRDB,gates-159-group-meeting-2019-04-03_0,0,bag,gates-159-group-meeting-2019-04-03_0_image_0_carrying_000693_000801_H7_O7.mp4,https://1drv.ms/v/c/e14d2464c52103f1/IQDsl0qP41PdQqU5UTjALoqkAUgCSqYW813ozC8dLaC5N14,A dark-clothed person far down a hallway carries a small bag.,https://1drv.ms/i/c/e14d2464c52103f1/IQCPfBArtpXLSrPSyGafbQq0AUCqpbEIAJqYK8OeBA9j32M,hold,normal,small,narrow_corridor,none,,,VLM: hold; human_state=normal; object_property=small; spatial_context=narrow_corridor; risk_factor=none; selected_frame=83; gt_activity=carrying; human_iou=0.490; object_iou=1.000,83
P068,1,warehouse_2_event_35_plasticbox_0001_kick_002004_002203.mp4,3,44,58,Hunavsim,Warehouse,2,plasticbox_0001,warehouse_2_event_35_plasticbox_0001_kick_002004_002203.mp4,https://1drv.ms/v/c/e14d2464c52103f1/IQDlRbGFLJDiQK7OXwt2VCpSAQ-Z5oQiS9qmfFZYO75af40,"A person in a white or light gray outfit kicks a plastic storage box beside the white warehouse wall, yellow forklift, stacked pallets, and blue rolling bins.",,,,,,,,,,
P068,2,warehouse_3_event_37_smallbox_0001_lifting_002050_002072.mp4,2,42,81,Hunavsim,Warehouse,3,smallbox_0001,warehouse_3_event_37_smallbox_0001_lifting_002050_002072.mp4,https://1drv.ms/v/c/e14d2464c52103f1/IQDxUMCVjgU0SqALM-wP4oUwASmVTiCuSKf4VfJO5boTxe4,"A person in a white or light gray outfit lifts a small box beside the white warehouse wall, yellow forklift, stacked pallets, and blue rolling bins.",,,,,,,,,,
P068,3,warehouse_2_event_21_largebox_0002_putting_down_001275_001320.mp4,1,45,48,Hunavsim,Warehouse,2,largebox_0002,warehouse_2_event_21_largebox_0002_putting_down_001275_001320.mp4,https://1drv.ms/v/c/e14d2464c52103f1/IQCQAdG-9BXqQYYDemdtpntWAXMLoq3KrZv5mgesk8zdkfI,"A worker in a yellow safety vest or a light uniform puts down a large cardboard box beside the white warehouse wall, yellow forklift, stacked pallets, and blue rolling bins.",,,,,,,,,,
P068,4,warehouse_3_event_51_woodchair_0001_carrying_002648_002688.mp4,2,47,86,Hunavsim,Warehouse,3,woodchair_0001,warehouse_3_event_51_woodchair_0001_carrying_002648_002688.mp4,https://1drv.ms/v/c/e14d2464c52103f1/IQDe9yWUoPTUQrRdUjM_sueoAWj6AyMU5CEyDliGG2Z7E3Q,"A worker in a purple shirt and jeans carries a wooden chair in the open warehouse aisle near pallet stacks, a yellow forklift, and industrial shelving.",,,,,,,,,,
P068,5,hospital_1_event_14_tripod_0001_carrying_001126_001186.mp4,4,49,114,Hunavsim,Hospital,1,tripod_0001,hospital_1_event_14_tripod_0001_carrying_001126_001186.mp4,https://1drv.ms/v/c/e14d2464c52103f1/IQCKCQUUVTGOT53ZfVbBtRD1ATAee16AShjw7tCaJo9NGDs,"A person in dark clothing near the hospital wall carries a tripod in a hospital hallway with windows, yellow railings, benches, and blue storage carts.",,,,,,,,,,
P068,6,office_1_event_51_monitor_0002_lifting_002392_002418.mp4,5,60,165,Hunavsim,Office,1,monitor_0002,office_1_event_51_monitor_0002_lifting_002392_002418.mp4,https://1drv.ms/v/c/e14d2464c52103f1/IQB_xX-klSwvRospd5y4j9IcAUh3WCljbb58PFYAzewe0I8,"A person in a white or gray outfit lifts a computer monitor in a meeting-style office with rows of chairs, desks, monitors, and a dark patterned carpet.",,,,,,,,,,
P068,7,office_1_event_57_largetable_0002_lifting_002665_002739.mp4,4,58,172,Hunavsim,Office,1,largetable_0002,office_1_event_57_largetable_0002_lifting_002665_002739.mp4,https://1drv.ms/v/c/e14d2464c52103f1/IQBihf45qiy5QqZm9stygdFiAQuMKJZ4xISOS6pu80SZo0E,"A person in a white or gray outfit lifts a large table in a meeting-style office with rows of chairs, desks, monitors, and a dark patterned carpet.",,,,,,,,,,
P068,8,office_1_event_162_tripod_0001_carrying_006210_006251.mp4,3,70,205,Hunavsim,Office,1,tripod_0001,office_1_event_162_tripod_0001_carrying_006210_006251.mp4,https://1drv.ms/v/c/e14d2464c52103f1/IQAFf0JwiO6US7GVi0S4fvANAc-hWqkMgdKae4Kt8aZtkkk,"A person in a dark top near the office doorway carries a tripod in a bright office room with desks, black chairs, computer monitors, doorway signage, and wall decorations.",,,,,,,,,,
P068,9,gates-foyer-2019-01-17_0_image_0_packing_001476_001584_H8_O65002.mp4,2,6,7,JRDB,gates-foyer-2019-01-17_0,0,trolley,gates-foyer-2019-01-17_0_image_0_packing_001476_001584_H8_O65002.mp4,https://1drv.ms/v/c/e14d2464c52103f1/IQAlpicgtI-YS4Ks3elT4zSwATbLV71A079wuv-BD4bwL54,A dark-jacketed person at the left side of the foyer handles a trolley beside the table.,https://1drv.ms/i/c/e14d2464c52103f1/IQBH6SFrXWKwTaOBzPlL1z6NAcpwZmYA2xowOTvse5wnYJQ,hold,normal,large,open_space,none,,,VLM: hold; human_state=normal; object_property=large; spatial_context=open_space; risk_factor=none; selected_frame=28; gt_activity=packing; human_iou=1.000; object_iou=1.000,28
P068,10,gates-159-group-meeting-2019-04-03_0_image_0_carrying_000693_000801_H7_O7.mp4,4,26,30,JRDB,gates-159-group-meeting-2019-04-03_0,0,bag,gates-159-group-meeting-2019-04-03_0_image_0_carrying_000693_000801_H7_O7.mp4,https://1drv.ms/v/c/e14d2464c52103f1/IQDsl0qP41PdQqU5UTjALoqkAUgCSqYW813ozC8dLaC5N14,A dark-clothed person far down a hallway carries a small bag.,https://1drv.ms/i/c/e14d2464c52103f1/IQCPfBArtpXLSrPSyGafbQq0AUCqpbEIAJqYK8OeBA9j32M,hold,normal,small,narrow_corridor,none,,,VLM: hold; human_state=normal; object_property=small; spatial_context=narrow_corridor; risk_factor=none; selected_frame=83; gt_activity=carrying; human_iou=0.490; object_iou=1.000,83
P069,1,warehouse_2_event_35_plasticbox_0001_kick_002004_002203.mp4,4,44,58,Hunavsim,Warehouse,2,plasticbox_0001,warehouse_2_event_35_plasticbox_0001_kick_002004_002203.mp4,https://1drv.ms/v/c/e14d2464c52103f1/IQDlRbGFLJDiQK7OXwt2VCpSAQ-Z5oQiS9qmfFZYO75af40,"A person in a white or light gray outfit kicks a plastic storage box beside the white warehouse wall, yellow forklift, stacked pallets, and blue rolling bins.",,,,,,,,,,
P069,2,warehouse_3_event_37_smallbox_0001_lifting_002050_002072.mp4,3,42,81,Hunavsim,Warehouse,3,smallbox_0001,warehouse_3_event_37_smallbox_0001_lifting_002050_002072.mp4,https://1drv.ms/v/c/e14d2464c52103f1/IQDxUMCVjgU0SqALM-wP4oUwASmVTiCuSKf4VfJO5boTxe4,"A person in a white or light gray outfit lifts a small box beside the white warehouse wall, yellow forklift, stacked pallets, and blue rolling bins.",,,,,,,,,,
P069,3,warehouse_2_event_21_largebox_0002_putting_down_001275_001320.mp4,2,45,48,Hunavsim,Warehouse,2,largebox_0002,warehouse_2_event_21_largebox_0002_putting_down_001275_001320.mp4,https://1drv.ms/v/c/e14d2464c52103f1/IQCQAdG-9BXqQYYDemdtpntWAXMLoq3KrZv5mgesk8zdkfI,"A worker in a yellow safety vest or a light uniform puts down a large cardboard box beside the white warehouse wall, yellow forklift, stacked pallets, and blue rolling bins.",,,,,,,,,,
P069,4,warehouse_3_event_51_woodchair_0001_carrying_002648_002688.mp4,3,47,86,Hunavsim,Warehouse,3,woodchair_0001,warehouse_3_event_51_woodchair_0001_carrying_002648_002688.mp4,https://1drv.ms/v/c/e14d2464c52103f1/IQDe9yWUoPTUQrRdUjM_sueoAWj6AyMU5CEyDliGG2Z7E3Q,"A worker in a purple shirt and jeans carries a wooden chair in the open warehouse aisle near pallet stacks, a yellow forklift, and industrial shelving.",,,,,,,,,,
P069,5,hospital_1_event_14_tripod_0001_carrying_001126_001186.mp4,5,49,114,Hunavsim,Hospital,1,tripod_0001,hospital_1_event_14_tripod_0001_carrying_001126_001186.mp4,https://1drv.ms/v/c/e14d2464c52103f1/IQCKCQUUVTGOT53ZfVbBtRD1ATAee16AShjw7tCaJo9NGDs,"A person in dark clothing near the hospital wall carries a tripod in a hospital hallway with windows, yellow railings, benches, and blue storage carts.",,,,,,,,,,
P069,6,office_1_event_51_monitor_0002_carrying_002419_002452.mp4,1,60,166,Hunavsim,Office,1,monitor_0002,office_1_event_51_monitor_0002_carrying_002419_002452.mp4,https://1drv.ms/v/c/e14d2464c52103f1/IQBNdFu7mP8xR6PgVY3orzwIAS6LHE9dEMMEDTHqV-lLI_w,"A person in a white or gray outfit carries a computer monitor in a meeting-style office with rows of chairs, desks, monitors, and a dark patterned carpet.",,,,,,,,,,
P069,7,office_1_event_57_largetable_0002_lifting_002665_002739.mp4,5,58,172,Hunavsim,Office,1,largetable_0002,office_1_event_57_largetable_0002_lifting_002665_002739.mp4,https://1drv.ms/v/c/e14d2464c52103f1/IQBihf45qiy5QqZm9stygdFiAQuMKJZ4xISOS6pu80SZo0E,"A person in a white or gray outfit lifts a large table in a meeting-style office with rows of chairs, desks, monitors, and a dark patterned carpet.",,,,,,,,,,
P069,8,office_1_event_162_tripod_0001_carrying_006210_006251.mp4,4,70,205,Hunavsim,Office,1,tripod_0001,office_1_event_162_tripod_0001_carrying_006210_006251.mp4,https://1drv.ms/v/c/e14d2464c52103f1/IQAFf0JwiO6US7GVi0S4fvANAc-hWqkMgdKae4Kt8aZtkkk,"A person in a dark top near the office doorway carries a tripod in a bright office room with desks, black chairs, computer monitors, doorway signage, and wall decorations.",,,,,,,,,,
P069,9,gates-foyer-2019-01-17_0_image_0_packing_001476_001584_H8_O65002.mp4,3,6,7,JRDB,gates-foyer-2019-01-17_0,0,trolley,gates-foyer-2019-01-17_0_image_0_packing_001476_001584_H8_O65002.mp4,https://1drv.ms/v/c/e14d2464c52103f1/IQAlpicgtI-YS4Ks3elT4zSwATbLV71A079wuv-BD4bwL54,A dark-jacketed person at the left side of the foyer handles a trolley beside the table.,https://1drv.ms/i/c/e14d2464c52103f1/IQBH6SFrXWKwTaOBzPlL1z6NAcpwZmYA2xowOTvse5wnYJQ,hold,normal,large,open_space,none,,,VLM: hold; human_state=normal; object_property=large; spatial_context=open_space; risk_factor=none; selected_frame=28; gt_activity=packing; human_iou=1.000; object_iou=1.000,28
P069,10,gates-159-group-meeting-2019-04-03_0_image_0_carrying_000693_000801_H7_O7.mp4,5,26,30,JRDB,gates-159-group-meeting-2019-04-03_0,0,bag,gates-159-group-meeting-2019-04-03_0_image_0_carrying_000693_000801_H7_O7.mp4,https://1drv.ms/v/c/e14d2464c52103f1/IQDsl0qP41PdQqU5UTjALoqkAUgCSqYW813ozC8dLaC5N14,A dark-clothed person far down a hallway carries a small bag.,https://1drv.ms/i/c/e14d2464c52103f1/IQCPfBArtpXLSrPSyGafbQq0AUCqpbEIAJqYK8OeBA9j32M,hold,normal,small,narrow_corridor,none,,,VLM: hold; human_state=normal; object_property=small; spatial_context=narrow_corridor; risk_factor=none; selected_frame=83; gt_activity=carrying; human_iou=0.490; object_iou=1.000,83
P070,1,warehouse_2_event_35_plasticbox_0001_kick_002004_002203.mp4,5,44,58,Hunavsim,Warehouse,2,plasticbox_0001,warehouse_2_event_35_plasticbox_0001_kick_002004_002203.mp4,https://1drv.ms/v/c/e14d2464c52103f1/IQDlRbGFLJDiQK7OXwt2VCpSAQ-Z5oQiS9qmfFZYO75af40,"A person in a white or light gray outfit kicks a plastic storage box beside the white warehouse wall, yellow forklift, stacked pallets, and blue rolling bins.",,,,,,,,,,
P070,2,warehouse_3_event_37_smallbox_0001_lifting_002050_002072.mp4,4,42,81,Hunavsim,Warehouse,3,smallbox_0001,warehouse_3_event_37_smallbox_0001_lifting_002050_002072.mp4,https://1drv.ms/v/c/e14d2464c52103f1/IQDxUMCVjgU0SqALM-wP4oUwASmVTiCuSKf4VfJO5boTxe4,"A person in a white or light gray outfit lifts a small box beside the white warehouse wall, yellow forklift, stacked pallets, and blue rolling bins.",,,,,,,,,,
P070,3,warehouse_2_event_21_largebox_0002_putting_down_001275_001320.mp4,3,45,48,Hunavsim,Warehouse,2,largebox_0002,warehouse_2_event_21_largebox_0002_putting_down_001275_001320.mp4,https://1drv.ms/v/c/e14d2464c52103f1/IQCQAdG-9BXqQYYDemdtpntWAXMLoq3KrZv5mgesk8zdkfI,"A worker in a yellow safety vest or a light uniform puts down a large cardboard box beside the white warehouse wall, yellow forklift, stacked pallets, and blue rolling bins.",,,,,,,,,,
P070,4,warehouse_3_event_51_woodchair_0001_carrying_002648_002688.mp4,4,47,86,Hunavsim,Warehouse,3,woodchair_0001,warehouse_3_event_51_woodchair_0001_carrying_002648_002688.mp4,https://1drv.ms/v/c/e14d2464c52103f1/IQDe9yWUoPTUQrRdUjM_sueoAWj6AyMU5CEyDliGG2Z7E3Q,"A worker in a purple shirt and jeans carries a wooden chair in the open warehouse aisle near pallet stacks, a yellow forklift, and industrial shelving.",,,,,,,,,,
P070,5,hospital_1_event_18_tripod_0001_putting_down_001365_001402.mp4,1,49,116,Hunavsim,Hospital,1,tripod_0001,hospital_1_event_18_tripod_0001_putting_down_001365_001402.mp4,https://1drv.ms/v/c/e14d2464c52103f1/IQDpj9qSktm0T7QOZjLWnqq6AeiAmbIqrYoa7fePdiEw48U,"A person in dark clothing near the hospital wall puts down a tripod in a hospital hallway with windows, yellow railings, benches, and blue storage carts.",,,,,,,,,,
P070,6,office_1_event_51_monitor_0002_carrying_002419_002452.mp4,2,60,166,Hunavsim,Office,1,monitor_0002,office_1_event_51_monitor_0002_carrying_002419_002452.mp4,https://1drv.ms/v/c/e14d2464c52103f1/IQBNdFu7mP8xR6PgVY3orzwIAS6LHE9dEMMEDTHqV-lLI_w,"A person in a white or gray outfit carries a computer monitor in a meeting-style office with rows of chairs, desks, monitors, and a dark patterned carpet.",,,,,,,,,,
P070,7,office_1_event_57_largetable_0002_placing_002740_002772.mp4,1,58,173,Hunavsim,Office,1,largetable_0002,office_1_event_57_largetable_0002_placing_002740_002772.mp4,https://1drv.ms/v/c/e14d2464c52103f1/IQBDRvRBvr3qSJ9Oo-d0CttgAX0ZQjg2H0DZ1RDUuyOs_5s,"A person in a white or gray outfit places a large table in a meeting-style office with rows of chairs, desks, monitors, and a dark patterned carpet.",,,,,,,,,,
P070,8,office_1_event_162_tripod_0001_carrying_006210_006251.mp4,5,70,205,Hunavsim,Office,1,tripod_0001,office_1_event_162_tripod_0001_carrying_006210_006251.mp4,https://1drv.ms/v/c/e14d2464c52103f1/IQAFf0JwiO6US7GVi0S4fvANAc-hWqkMgdKae4Kt8aZtkkk,"A person in a dark top near the office doorway carries a tripod in a bright office room with desks, black chairs, computer monitors, doorway signage, and wall decorations.",,,,,,,,,,
P070,9,gates-foyer-2019-01-17_0_image_0_packing_001476_001584_H8_O65002.mp4,4,6,7,JRDB,gates-foyer-2019-01-17_0,0,trolley,gates-foyer-2019-01-17_0_image_0_packing_001476_001584_H8_O65002.mp4,https://1drv.ms/v/c/e14d2464c52103f1/IQAlpicgtI-YS4Ks3elT4zSwATbLV71A079wuv-BD4bwL54,A dark-jacketed person at the left side of the foyer handles a trolley beside the table.,https://1drv.ms/i/c/e14d2464c52103f1/IQBH6SFrXWKwTaOBzPlL1z6NAcpwZmYA2xowOTvse5wnYJQ,hold,normal,large,open_space,none,,,VLM: hold; human_state=normal; object_property=large; spatial_context=open_space; risk_factor=none; selected_frame=28; gt_activity=packing; human_iou=1.000; object_iou=1.000,28
P070,10,jordan-hall-2019-04-22_0_image_0_holding_000027_000105_H21_O2.mp4,1,27,31,JRDB,jordan-hall-2019-04-22_0,0,skateboard/segway/hoverboard,jordan-hall-2019-04-22_0_image_0_holding_000027_000105_H21_O2.mp4,https://1drv.ms/v/c/e14d2464c52103f1/IQBOOHnsw-taTaUQUPV5cxS3AQG-igoCigU2YmpnqJrqFPA,A dark-clothed person near hallway doors holds a skateboard or segway-like object by their side.,https://1drv.ms/i/c/e14d2464c52103f1/IQCDBsdlcVBmTY-YnqS6axC7Af6NV45ksgOVmB12ecsToTA,carries,normal,large,narrow_corridor,none,,,VLM: carries; human_state=normal; object_property=large; spatial_context=narrow_corridor; risk_factor=none; selected_frame=41; gt_activity=holding; human_iou=1.000; object_iou=1.000,41
P071,1,warehouse_3_event_08_plasticbox_0001_lift_000205_000220.mp4,1,44,62,Hunavsim,Warehouse,3,plasticbox_0001,warehouse_3_event_08_plasticbox_0001_lift_000205_000220.mp4,https://1drv.ms/v/c/e14d2464c52103f1/IQC5uDBsf--PQryBR6fYSmUFAdTafjxNdpVxYwsHU5Ctnuk,"A person in a dark outfit or purple pants lifts a plastic storage box in a yellow-and-white warehouse with a forklift, blue bins, pallets, and tall metal racks.",,,,,,,,,,
P071,2,warehouse_3_event_37_smallbox_0001_lifting_002050_002072.mp4,5,42,81,Hunavsim,Warehouse,3,smallbox_0001,warehouse_3_event_37_smallbox_0001_lifting_002050_002072.mp4,https://1drv.ms/v/c/e14d2464c52103f1/IQDxUMCVjgU0SqALM-wP4oUwASmVTiCuSKf4VfJO5boTxe4,"A person in a white or light gray outfit lifts a small box beside the white warehouse wall, yellow forklift, stacked pallets, and blue rolling bins.",,,,,,,,,,
P071,3,warehouse_2_event_21_largebox_0002_putting_down_001275_001320.mp4,4,45,48,Hunavsim,Warehouse,2,largebox_0002,warehouse_2_event_21_largebox_0002_putting_down_001275_001320.mp4,https://1drv.ms/v/c/e14d2464c52103f1/IQCQAdG-9BXqQYYDemdtpntWAXMLoq3KrZv5mgesk8zdkfI,"A worker in a yellow safety vest or a light uniform puts down a large cardboard box beside the white warehouse wall, yellow forklift, stacked pallets, and blue rolling bins.",,,,,,,,,,
P071,4,warehouse_3_event_51_woodchair_0001_carrying_002648_002688.mp4,5,47,86,Hunavsim,Warehouse,3,woodchair_0001,warehouse_3_event_51_woodchair_0001_carrying_002648_002688.mp4,https://1drv.ms/v/c/e14d2464c52103f1/IQDe9yWUoPTUQrRdUjM_sueoAWj6AyMU5CEyDliGG2Z7E3Q,"A worker in a purple shirt and jeans carries a wooden chair in the open warehouse aisle near pallet stacks, a yellow forklift, and industrial shelving.",,,,,,,,,,
P071,5,hospital_1_event_18_tripod_0001_putting_down_001365_001402.mp4,2,49,116,Hunavsim,Hospital,1,tripod_0001,hospital_1_event_18_tripod_0001_putting_down_001365_001402.mp4,https://1drv.ms/v/c/e14d2464c52103f1/IQDpj9qSktm0T7QOZjLWnqq6AeiAmbIqrYoa7fePdiEw48U,"A person in dark clothing near the hospital wall puts down a tripod in a hospital hallway with windows, yellow railings, benches, and blue storage carts.",,,,,,,,,,
P071,6,office_1_event_51_monitor_0002_carrying_002419_002452.mp4,3,60,166,Hunavsim,Office,1,monitor_0002,office_1_event_51_monitor_0002_carrying_002419_002452.mp4,https://1drv.ms/v/c/e14d2464c52103f1/IQBNdFu7mP8xR6PgVY3orzwIAS6LHE9dEMMEDTHqV-lLI_w,"A person in a white or gray outfit carries a computer monitor in a meeting-style office with rows of chairs, desks, monitors, and a dark patterned carpet.",,,,,,,,,,
P071,7,office_1_event_57_largetable_0002_placing_002740_002772.mp4,2,58,173,Hunavsim,Office,1,largetable_0002,office_1_event_57_largetable_0002_placing_002740_002772.mp4,https://1drv.ms/v/c/e14d2464c52103f1/IQBDRvRBvr3qSJ9Oo-d0CttgAX0ZQjg2H0DZ1RDUuyOs_5s,"A person in a white or gray outfit places a large table in a meeting-style office with rows of chairs, desks, monitors, and a dark patterned carpet.",,,,,,,,,,
P071,8,office_1_event_163_tripod_0001_carrying_006386_006424.mp4,1,70,206,Hunavsim,Office,1,tripod_0001,office_1_event_163_tripod_0001_carrying_006386_006424.mp4,https://1drv.ms/v/c/e14d2464c52103f1/IQAS8vRLjguUQbUS22ySSJmTAUJPew6GrjqFZJLTn973Sao,"A person in a dark top near the office doorway carries a tripod in a bright office room with desks, black chairs, computer monitors, doorway signage, and wall decorations.",,,,,,,,,,
P071,9,gates-foyer-2019-01-17_0_image_0_packing_001476_001584_H8_O65002.mp4,5,6,7,JRDB,gates-foyer-2019-01-17_0,0,trolley,gates-foyer-2019-01-17_0_image_0_packing_001476_001584_H8_O65002.mp4,https://1drv.ms/v/c/e14d2464c52103f1/IQAlpicgtI-YS4Ks3elT4zSwATbLV71A079wuv-BD4bwL54,A dark-jacketed person at the left side of the foyer handles a trolley beside the table.,https://1drv.ms/i/c/e14d2464c52103f1/IQBH6SFrXWKwTaOBzPlL1z6NAcpwZmYA2xowOTvse5wnYJQ,hold,normal,large,open_space,none,,,VLM: hold; human_state=normal; object_property=large; spatial_context=open_space; risk_factor=none; selected_frame=28; gt_activity=packing; human_iou=1.000; object_iou=1.000,28
P071,10,jordan-hall-2019-04-22_0_image_0_holding_000027_000105_H21_O2.mp4,2,27,31,JRDB,jordan-hall-2019-04-22_0,0,skateboard/segway/hoverboard,jordan-hall-2019-04-22_0_image_0_holding_000027_000105_H21_O2.mp4,https://1drv.ms/v/c/e14d2464c52103f1/IQBOOHnsw-taTaUQUPV5cxS3AQG-igoCigU2YmpnqJrqFPA,A dark-clothed person near hallway doors holds a skateboard or segway-like object by their side.,https://1drv.ms/i/c/e14d2464c52103f1/IQCDBsdlcVBmTY-YnqS6axC7Af6NV45ksgOVmB12ecsToTA,carries,normal,large,narrow_corridor,none,,,VLM: carries; human_state=normal; object_property=large; spatial_context=narrow_corridor; risk_factor=none; selected_frame=41; gt_activity=holding; human_iou=1.000; object_iou=1.000,41
P072,1,warehouse_3_event_08_plasticbox_0001_lift_000205_000220.mp4,2,44,62,Hunavsim,Warehouse,3,plasticbox_0001,warehouse_3_event_08_plasticbox_0001_lift_000205_000220.mp4,https://1drv.ms/v/c/e14d2464c52103f1/IQC5uDBsf--PQryBR6fYSmUFAdTafjxNdpVxYwsHU5Ctnuk,"A person in a dark outfit or purple pants lifts a plastic storage box in a yellow-and-white warehouse with a forklift, blue bins, pallets, and tall metal racks.",,,,,,,,,,
P072,2,warehouse_1_event_02_trashcan_0001_carry_000051_000097.mp4,1,43,2,Hunavsim,Warehouse,1,trashcan_0001,warehouse_1_event_02_trashcan_0001_carry_000051_000097.mp4,https://1drv.ms/v/c/e14d2464c52103f1/IQBRVYFoh54tRKcuJSctELb2ARNurMX3YICrafy_D4wpPhY,"A person in a dark outfit or purple pants carries a trash can in a yellow-and-white warehouse with a forklift, blue bins, pallets, and tall metal racks.",,,,,,,,,,
P072,3,warehouse_2_event_21_largebox_0002_putting_down_001275_001320.mp4,5,45,48,Hunavsim,Warehouse,2,largebox_0002,warehouse_2_event_21_largebox_0002_putting_down_001275_001320.mp4,https://1drv.ms/v/c/e14d2464c52103f1/IQCQAdG-9BXqQYYDemdtpntWAXMLoq3KrZv5mgesk8zdkfI,"A worker in a yellow safety vest or a light uniform puts down a large cardboard box beside the white warehouse wall, yellow forklift, stacked pallets, and blue rolling bins.",,,,,,,,,,
P072,4,warehouse_3_event_59_woodchair_0001_carrying_002914_002988.mp4,1,47,92,Hunavsim,Warehouse,3,woodchair_0001,warehouse_3_event_59_woodchair_0001_carrying_002914_002988.mp4,https://1drv.ms/v/c/e14d2464c52103f1/IQDBkFPW_F-SS67b5k9i_IQtAVmpNJeWf-Mv-TZuoYc7F8c,"A worker in a purple shirt and jeans carries a wooden chair in the open warehouse aisle near pallet stacks, a yellow forklift, and industrial shelving.",,,,,,,,,,
P072,5,hospital_1_event_18_tripod_0001_putting_down_001365_001402.mp4,3,49,116,Hunavsim,Hospital,1,tripod_0001,hospital_1_event_18_tripod_0001_putting_down_001365_001402.mp4,https://1drv.ms/v/c/e14d2464c52103f1/IQDpj9qSktm0T7QOZjLWnqq6AeiAmbIqrYoa7fePdiEw48U,"A person in dark clothing near the hospital wall puts down a tripod in a hospital hallway with windows, yellow railings, benches, and blue storage carts.",,,,,,,,,,
P072,6,office_1_event_51_monitor_0002_carrying_002419_002452.mp4,4,60,166,Hunavsim,Office,1,monitor_0002,office_1_event_51_monitor_0002_carrying_002419_002452.mp4,https://1drv.ms/v/c/e14d2464c52103f1/IQBNdFu7mP8xR6PgVY3orzwIAS6LHE9dEMMEDTHqV-lLI_w,"A person in a white or gray outfit carries a computer monitor in a meeting-style office with rows of chairs, desks, monitors, and a dark patterned carpet.",,,,,,,,,,
P072,7,office_1_event_57_largetable_0002_placing_002740_002772.mp4,3,58,173,Hunavsim,Office,1,largetable_0002,office_1_event_57_largetable_0002_placing_002740_002772.mp4,https://1drv.ms/v/c/e14d2464c52103f1/IQBDRvRBvr3qSJ9Oo-d0CttgAX0ZQjg2H0DZ1RDUuyOs_5s,"A person in a white or gray outfit places a large table in a meeting-style office with rows of chairs, desks, monitors, and a dark patterned carpet.",,,,,,,,,,
P072,8,office_1_event_163_tripod_0001_carrying_006386_006424.mp4,2,70,206,Hunavsim,Office,1,tripod_0001,office_1_event_163_tripod_0001_carrying_006386_006424.mp4,https://1drv.ms/v/c/e14d2464c52103f1/IQAS8vRLjguUQbUS22ySSJmTAUJPew6GrjqFZJLTn973Sao,"A person in a dark top near the office doorway carries a tripod in a bright office room with desks, black chairs, computer monitors, doorway signage, and wall decorations.",,,,,,,,,,
P072,9,nvidia-aud-2019-04-18_2_image_0_carrying_000093_000177_H14_O4.mp4,1,8,9,JRDB,nvidia-aud-2019-04-18_2,0,machines,nvidia-aud-2019-04-18_2_image_0_carrying_000093_000177_H14_O4.mp4,https://1drv.ms/v/c/e14d2464c52103f1/IQBIQ763YXJoSIynUQN-vUY2AcHdG7TcPPb4hWwbjnBVKDQ,A dark-clothed person walking along a glass wall carries a small machine-like item near their side.,https://1drv.ms/i/c/e14d2464c52103f1/IQAJB7UbmY6gQpt5G2rsc9b2AQGOs6QquUgnhX4Sj_57RMM,hold,normal,large,open_space,none,,,VLM: hold; human_state=normal; object_property=large; spatial_context=open_space; risk_factor=none; selected_frame=65; gt_activity=carrying; human_iou=0.926; object_iou=0.067,65
P072,10,jordan-hall-2019-04-22_0_image_0_holding_000027_000105_H21_O2.mp4,3,27,31,JRDB,jordan-hall-2019-04-22_0,0,skateboard/segway/hoverboard,jordan-hall-2019-04-22_0_image_0_holding_000027_000105_H21_O2.mp4,https://1drv.ms/v/c/e14d2464c52103f1/IQBOOHnsw-taTaUQUPV5cxS3AQG-igoCigU2YmpnqJrqFPA,A dark-clothed person near hallway doors holds a skateboard or segway-like object by their side.,https://1drv.ms/i/c/e14d2464c52103f1/IQCDBsdlcVBmTY-YnqS6axC7Af6NV45ksgOVmB12ecsToTA,carries,normal,large,narrow_corridor,none,,,VLM: carries; human_state=normal; object_property=large; spatial_context=narrow_corridor; risk_factor=none; selected_frame=41; gt_activity=holding; human_iou=1.000; object_iou=1.000,41
P073,1,warehouse_3_event_08_plasticbox_0001_lift_000205_000220.mp4,3,44,62,Hunavsim,Warehouse,3,plasticbox_0001,warehouse_3_event_08_plasticbox_0001_lift_000205_000220.mp4,https://1drv.ms/v/c/e14d2464c52103f1/IQC5uDBsf--PQryBR6fYSmUFAdTafjxNdpVxYwsHU5Ctnuk,"A person in a dark outfit or purple pants lifts a plastic storage box in a yellow-and-white warehouse with a forklift, blue bins, pallets, and tall metal racks.",,,,,,,,,,
P073,2,warehouse_1_event_02_trashcan_0001_carry_000051_000097.mp4,2,43,2,Hunavsim,Warehouse,1,trashcan_0001,warehouse_1_event_02_trashcan_0001_carry_000051_000097.mp4,https://1drv.ms/v/c/e14d2464c52103f1/IQBRVYFoh54tRKcuJSctELb2ARNurMX3YICrafy_D4wpPhY,"A person in a dark outfit or purple pants carries a trash can in a yellow-and-white warehouse with a forklift, blue bins, pallets, and tall metal racks.",,,,,,,,,,
P073,3,warehouse_2_event_21_largebox_0002_lifting_001321_001345.mp4,1,45,49,Hunavsim,Warehouse,2,largebox_0002,warehouse_2_event_21_largebox_0002_lifting_001321_001345.mp4,https://1drv.ms/v/c/e14d2464c52103f1/IQAk8cGMKOCxRbaX-q5RQyU0AXHJ-xz6WAFFCo2dT_8PdE0,"A worker in a yellow safety vest or a light uniform lifts a large cardboard box beside the white warehouse wall, yellow forklift, stacked pallets, and blue rolling bins.",,,,,,,,,,
P073,4,warehouse_3_event_59_woodchair_0001_carrying_002914_002988.mp4,2,47,92,Hunavsim,Warehouse,3,woodchair_0001,warehouse_3_event_59_woodchair_0001_carrying_002914_002988.mp4,https://1drv.ms/v/c/e14d2464c52103f1/IQDBkFPW_F-SS67b5k9i_IQtAVmpNJeWf-Mv-TZuoYc7F8c,"A worker in a purple shirt and jeans carries a wooden chair in the open warehouse aisle near pallet stacks, a yellow forklift, and industrial shelving.",,,,,,,,,,
P073,5,hospital_1_event_18_tripod_0001_putting_down_001365_001402.mp4,4,49,116,Hunavsim,Hospital,1,tripod_0001,hospital_1_event_18_tripod_0001_putting_down_001365_001402.mp4,https://1drv.ms/v/c/e14d2464c52103f1/IQDpj9qSktm0T7QOZjLWnqq6AeiAmbIqrYoa7fePdiEw48U,"A person in dark clothing near the hospital wall puts down a tripod in a hospital hallway with windows, yellow railings, benches, and blue storage carts.",,,,,,,,,,
P073,6,office_1_event_51_monitor_0002_carrying_002419_002452.mp4,5,60,166,Hunavsim,Office,1,monitor_0002,office_1_event_51_monitor_0002_carrying_002419_002452.mp4,https://1drv.ms/v/c/e14d2464c52103f1/IQBNdFu7mP8xR6PgVY3orzwIAS6LHE9dEMMEDTHqV-lLI_w,"A person in a white or gray outfit carries a computer monitor in a meeting-style office with rows of chairs, desks, monitors, and a dark patterned carpet.",,,,,,,,,,
P073,7,office_1_event_57_largetable_0002_placing_002740_002772.mp4,4,58,173,Hunavsim,Office,1,largetable_0002,office_1_event_57_largetable_0002_placing_002740_002772.mp4,https://1drv.ms/v/c/e14d2464c52103f1/IQBDRvRBvr3qSJ9Oo-d0CttgAX0ZQjg2H0DZ1RDUuyOs_5s,"A person in a white or gray outfit places a large table in a meeting-style office with rows of chairs, desks, monitors, and a dark patterned carpet.",,,,,,,,,,
P073,8,office_1_event_163_tripod_0001_carrying_006386_006424.mp4,3,70,206,Hunavsim,Office,1,tripod_0001,office_1_event_163_tripod_0001_carrying_006386_006424.mp4,https://1drv.ms/v/c/e14d2464c52103f1/IQAS8vRLjguUQbUS22ySSJmTAUJPew6GrjqFZJLTn973Sao,"A person in a dark top near the office doorway carries a tripod in a bright office room with desks, black chairs, computer monitors, doorway signage, and wall decorations.",,,,,,,,,,
P073,9,nvidia-aud-2019-04-18_2_image_0_carrying_000093_000177_H14_O4.mp4,2,8,9,JRDB,nvidia-aud-2019-04-18_2,0,machines,nvidia-aud-2019-04-18_2_image_0_carrying_000093_000177_H14_O4.mp4,https://1drv.ms/v/c/e14d2464c52103f1/IQBIQ763YXJoSIynUQN-vUY2AcHdG7TcPPb4hWwbjnBVKDQ,A dark-clothed person walking along a glass wall carries a small machine-like item near their side.,https://1drv.ms/i/c/e14d2464c52103f1/IQAJB7UbmY6gQpt5G2rsc9b2AQGOs6QquUgnhX4Sj_57RMM,hold,normal,large,open_space,none,,,VLM: hold; human_state=normal; object_property=large; spatial_context=open_space; risk_factor=none; selected_frame=65; gt_activity=carrying; human_iou=0.926; object_iou=0.067,65
P073,10,jordan-hall-2019-04-22_0_image_0_holding_000027_000105_H21_O2.mp4,4,27,31,JRDB,jordan-hall-2019-04-22_0,0,skateboard/segway/hoverboard,jordan-hall-2019-04-22_0_image_0_holding_000027_000105_H21_O2.mp4,https://1drv.ms/v/c/e14d2464c52103f1/IQBOOHnsw-taTaUQUPV5cxS3AQG-igoCigU2YmpnqJrqFPA,A dark-clothed person near hallway doors holds a skateboard or segway-like object by their side.,https://1drv.ms/i/c/e14d2464c52103f1/IQCDBsdlcVBmTY-YnqS6axC7Af6NV45ksgOVmB12ecsToTA,carries,normal,large,narrow_corridor,none,,,VLM: carries; human_state=normal; object_property=large; spatial_context=narrow_corridor; risk_factor=none; selected_frame=41; gt_activity=holding; human_iou=1.000; object_iou=1.000,41
P074,1,warehouse_3_event_08_plasticbox_0001_lift_000205_000220.mp4,4,44,62,Hunavsim,Warehouse,3,plasticbox_0001,warehouse_3_event_08_plasticbox_0001_lift_000205_000220.mp4,https://1drv.ms/v/c/e14d2464c52103f1/IQC5uDBsf--PQryBR6fYSmUFAdTafjxNdpVxYwsHU5Ctnuk,"A person in a dark outfit or purple pants lifts a plastic storage box in a yellow-and-white warehouse with a forklift, blue bins, pallets, and tall metal racks.",,,,,,,,,,
P074,2,warehouse_1_event_02_trashcan_0001_carry_000051_000097.mp4,3,43,2,Hunavsim,Warehouse,1,trashcan_0001,warehouse_1_event_02_trashcan_0001_carry_000051_000097.mp4,https://1drv.ms/v/c/e14d2464c52103f1/IQBRVYFoh54tRKcuJSctELb2ARNurMX3YICrafy_D4wpPhY,"A person in a dark outfit or purple pants carries a trash can in a yellow-and-white warehouse with a forklift, blue bins, pallets, and tall metal racks.",,,,,,,,,,
P074,3,warehouse_2_event_21_largebox_0002_lifting_001321_001345.mp4,2,45,49,Hunavsim,Warehouse,2,largebox_0002,warehouse_2_event_21_largebox_0002_lifting_001321_001345.mp4,https://1drv.ms/v/c/e14d2464c52103f1/IQAk8cGMKOCxRbaX-q5RQyU0AXHJ-xz6WAFFCo2dT_8PdE0,"A worker in a yellow safety vest or a light uniform lifts a large cardboard box beside the white warehouse wall, yellow forklift, stacked pallets, and blue rolling bins.",,,,,,,,,,
P074,4,warehouse_3_event_59_woodchair_0001_carrying_002914_002988.mp4,3,47,92,Hunavsim,Warehouse,3,woodchair_0001,warehouse_3_event_59_woodchair_0001_carrying_002914_002988.mp4,https://1drv.ms/v/c/e14d2464c52103f1/IQDBkFPW_F-SS67b5k9i_IQtAVmpNJeWf-Mv-TZuoYc7F8c,"A worker in a purple shirt and jeans carries a wooden chair in the open warehouse aisle near pallet stacks, a yellow forklift, and industrial shelving.",,,,,,,,,,
P074,5,hospital_1_event_18_tripod_0001_putting_down_001365_001402.mp4,5,49,116,Hunavsim,Hospital,1,tripod_0001,hospital_1_event_18_tripod_0001_putting_down_001365_001402.mp4,https://1drv.ms/v/c/e14d2464c52103f1/IQDpj9qSktm0T7QOZjLWnqq6AeiAmbIqrYoa7fePdiEw48U,"A person in dark clothing near the hospital wall puts down a tripod in a hospital hallway with windows, yellow railings, benches, and blue storage carts.",,,,,,,,,,
P074,6,office_1_event_77_monitor_0002_putting_down_003375_003407.mp4,1,60,179,Hunavsim,Office,1,monitor_0002,office_1_event_77_monitor_0002_putting_down_003375_003407.mp4,https://1drv.ms/v/c/e14d2464c52103f1/IQBHWmw9Z9nyQJ0hGfVpDWIRAR-LlFap_v5SP43S8S1osvY,"A person in a white or gray outfit puts down a computer monitor in a meeting-style office with rows of chairs, desks, monitors, and a dark patterned carpet.",,,,,,,,,,
P074,7,office_1_event_57_largetable_0002_placing_002740_002772.mp4,5,58,173,Hunavsim,Office,1,largetable_0002,office_1_event_57_largetable_0002_placing_002740_002772.mp4,https://1drv.ms/v/c/e14d2464c52103f1/IQBDRvRBvr3qSJ9Oo-d0CttgAX0ZQjg2H0DZ1RDUuyOs_5s,"A person in a white or gray outfit places a large table in a meeting-style office with rows of chairs, desks, monitors, and a dark patterned carpet.",,,,,,,,,,
P074,8,office_1_event_163_tripod_0001_carrying_006386_006424.mp4,4,70,206,Hunavsim,Office,1,tripod_0001,office_1_event_163_tripod_0001_carrying_006386_006424.mp4,https://1drv.ms/v/c/e14d2464c52103f1/IQAS8vRLjguUQbUS22ySSJmTAUJPew6GrjqFZJLTn973Sao,"A person in a dark top near the office doorway carries a tripod in a bright office room with desks, black chairs, computer monitors, doorway signage, and wall decorations.",,,,,,,,,,
P074,9,nvidia-aud-2019-04-18_2_image_0_carrying_000093_000177_H14_O4.mp4,3,8,9,JRDB,nvidia-aud-2019-04-18_2,0,machines,nvidia-aud-2019-04-18_2_image_0_carrying_000093_000177_H14_O4.mp4,https://1drv.ms/v/c/e14d2464c52103f1/IQBIQ763YXJoSIynUQN-vUY2AcHdG7TcPPb4hWwbjnBVKDQ,A dark-clothed person walking along a glass wall carries a small machine-like item near their side.,https://1drv.ms/i/c/e14d2464c52103f1/IQAJB7UbmY6gQpt5G2rsc9b2AQGOs6QquUgnhX4Sj_57RMM,hold,normal,large,open_space,none,,,VLM: hold; human_state=normal; object_property=large; spatial_context=open_space; risk_factor=none; selected_frame=65; gt_activity=carrying; human_iou=0.926; object_iou=0.067,65
P074,10,jordan-hall-2019-04-22_0_image_0_holding_000027_000105_H21_O2.mp4,5,27,31,JRDB,jordan-hall-2019-04-22_0,0,skateboard/segway/hoverboard,jordan-hall-2019-04-22_0_image_0_holding_000027_000105_H21_O2.mp4,https://1drv.ms/v/c/e14d2464c52103f1/IQBOOHnsw-taTaUQUPV5cxS3AQG-igoCigU2YmpnqJrqFPA,A dark-clothed person near hallway doors holds a skateboard or segway-like object by their side.,https://1drv.ms/i/c/e14d2464c52103f1/IQCDBsdlcVBmTY-YnqS6axC7Af6NV45ksgOVmB12ecsToTA,carries,normal,large,narrow_corridor,none,,,VLM: carries; human_state=normal; object_property=large; spatial_context=narrow_corridor; risk_factor=none; selected_frame=41; gt_activity=holding; human_iou=1.000; object_iou=1.000,41
P075,1,warehouse_3_event_08_plasticbox_0001_lift_000205_000220.mp4,5,44,62,Hunavsim,Warehouse,3,plasticbox_0001,warehouse_3_event_08_plasticbox_0001_lift_000205_000220.mp4,https://1drv.ms/v/c/e14d2464c52103f1/IQC5uDBsf--PQryBR6fYSmUFAdTafjxNdpVxYwsHU5Ctnuk,"A person in a dark outfit or purple pants lifts a plastic storage box in a yellow-and-white warehouse with a forklift, blue bins, pallets, and tall metal racks.",,,,,,,,,,
P075,2,warehouse_1_event_02_trashcan_0001_carry_000051_000097.mp4,4,43,2,Hunavsim,Warehouse,1,trashcan_0001,warehouse_1_event_02_trashcan_0001_carry_000051_000097.mp4,https://1drv.ms/v/c/e14d2464c52103f1/IQBRVYFoh54tRKcuJSctELb2ARNurMX3YICrafy_D4wpPhY,"A person in a dark outfit or purple pants carries a trash can in a yellow-and-white warehouse with a forklift, blue bins, pallets, and tall metal racks.",,,,,,,,,,
P075,3,warehouse_2_event_21_largebox_0002_lifting_001321_001345.mp4,3,45,49,Hunavsim,Warehouse,2,largebox_0002,warehouse_2_event_21_largebox_0002_lifting_001321_001345.mp4,https://1drv.ms/v/c/e14d2464c52103f1/IQAk8cGMKOCxRbaX-q5RQyU0AXHJ-xz6WAFFCo2dT_8PdE0,"A worker in a yellow safety vest or a light uniform lifts a large cardboard box beside the white warehouse wall, yellow forklift, stacked pallets, and blue rolling bins.",,,,,,,,,,
P075,4,warehouse_3_event_59_woodchair_0001_carrying_002914_002988.mp4,4,47,92,Hunavsim,Warehouse,3,woodchair_0001,warehouse_3_event_59_woodchair_0001_carrying_002914_002988.mp4,https://1drv.ms/v/c/e14d2464c52103f1/IQDBkFPW_F-SS67b5k9i_IQtAVmpNJeWf-Mv-TZuoYc7F8c,"A worker in a purple shirt and jeans carries a wooden chair in the open warehouse aisle near pallet stacks, a yellow forklift, and industrial shelving.",,,,,,,,,,
P075,5,hospital_1_event_18_tripod_0001_lifting_001403_001430.mp4,1,49,117,Hunavsim,Hospital,1,tripod_0001,hospital_1_event_18_tripod_0001_lifting_001403_001430.mp4,https://1drv.ms/v/c/e14d2464c52103f1/IQBCtOceg10JR7rhFfpy11DyAQL_NI6cAeZniXBTM9fCCKo,"A person in dark clothing near the hospital wall lifts a tripod in a hospital hallway with windows, yellow railings, benches, and blue storage carts.",,,,,,,,,,
P075,6,office_1_event_77_monitor_0002_putting_down_003375_003407.mp4,2,60,179,Hunavsim,Office,1,monitor_0002,office_1_event_77_monitor_0002_putting_down_003375_003407.mp4,https://1drv.ms/v/c/e14d2464c52103f1/IQBHWmw9Z9nyQJ0hGfVpDWIRAR-LlFap_v5SP43S8S1osvY,"A person in a white or gray outfit puts down a computer monitor in a meeting-style office with rows of chairs, desks, monitors, and a dark patterned carpet.",,,,,,,,,,
P075,7,office_1_event_66_largetable_0002_lifting_003131_003187.mp4,1,58,176,Hunavsim,Office,1,largetable_0002,office_1_event_66_largetable_0002_lifting_003131_003187.mp4,https://1drv.ms/v/c/e14d2464c52103f1/IQCfxLAeAje_RbmNXdFRW_iqASBpZ_3BxG4qk2eIXJacj_A,"A person in a white or gray outfit lifts a large table in a meeting-style office with rows of chairs, desks, monitors, and a dark patterned carpet.",,,,,,,,,,
P075,8,office_1_event_163_tripod_0001_carrying_006386_006424.mp4,5,70,206,Hunavsim,Office,1,tripod_0001,office_1_event_163_tripod_0001_carrying_006386_006424.mp4,https://1drv.ms/v/c/e14d2464c52103f1/IQAS8vRLjguUQbUS22ySSJmTAUJPew6GrjqFZJLTn973Sao,"A person in a dark top near the office doorway carries a tripod in a bright office room with desks, black chairs, computer monitors, doorway signage, and wall decorations.",,,,,,,,,,
P075,9,nvidia-aud-2019-04-18_2_image_0_carrying_000093_000177_H14_O4.mp4,4,8,9,JRDB,nvidia-aud-2019-04-18_2,0,machines,nvidia-aud-2019-04-18_2_image_0_carrying_000093_000177_H14_O4.mp4,https://1drv.ms/v/c/e14d2464c52103f1/IQBIQ763YXJoSIynUQN-vUY2AcHdG7TcPPb4hWwbjnBVKDQ,A dark-clothed person walking along a glass wall carries a small machine-like item near their side.,https://1drv.ms/i/c/e14d2464c52103f1/IQAJB7UbmY6gQpt5G2rsc9b2AQGOs6QquUgnhX4Sj_57RMM,hold,normal,large,open_space,none,,,VLM: hold; human_state=normal; object_property=large; spatial_context=open_space; risk_factor=none; selected_frame=65; gt_activity=carrying; human_iou=0.926; object_iou=0.067,65
P075,10,jordan-hall-2019-04-22_0_image_0_carrying_000852_000927_H66_O65000.mp4,1,28,32,JRDB,jordan-hall-2019-04-22_0,0,crutch,jordan-hall-2019-04-22_0_image_0_carrying_000852_000927_H66_O65000.mp4,https://1drv.ms/v/c/e14d2464c52103f1/IQBi7okqQ9sBT5S6U1eFIOxzATwDJVYPXnCjp9zwfhRRLCw,A woman in a patterned top and white shorts carries a crutch-like object near a group of people in a hallway.,https://1drv.ms/i/c/e14d2464c52103f1/IQAjbIAm7O2wSKLuHsbuif4mAXGI0r0ovUkvweYQ6NPNQeU,hold,normal,large,narrow_corridor,object_motion_risk,,,VLM: hold; human_state=normal; object_property=large; spatial_context=narrow_corridor; risk_factor=object_motion_risk; selected_frame=20; gt_activity=carrying; human_iou=0.886; object_iou=0.567,20
P076,1,warehouse_3_event_09_plasticbox_0001_carrying_000321_000362.mp4,1,44,63,Hunavsim,Warehouse,3,plasticbox_0001,warehouse_3_event_09_plasticbox_0001_carrying_000321_000362.mp4,https://1drv.ms/v/c/e14d2464c52103f1/IQBmz5wnQ5jSS5FtlsZqjxxwAVxTJ3wEnyeMgYBVms_pzXU,"A person in a dark outfit or purple pants carries a plastic storage box in a yellow-and-white warehouse with a forklift, blue bins, pallets, and tall metal racks.",,,,,,,,,,
P076,2,warehouse_1_event_02_trashcan_0001_carry_000051_000097.mp4,5,43,2,Hunavsim,Warehouse,1,trashcan_0001,warehouse_1_event_02_trashcan_0001_carry_000051_000097.mp4,https://1drv.ms/v/c/e14d2464c52103f1/IQBRVYFoh54tRKcuJSctELb2ARNurMX3YICrafy_D4wpPhY,"A person in a dark outfit or purple pants carries a trash can in a yellow-and-white warehouse with a forklift, blue bins, pallets, and tall metal racks.",,,,,,,,,,
P076,3,warehouse_2_event_21_largebox_0002_lifting_001321_001345.mp4,4,45,49,Hunavsim,Warehouse,2,largebox_0002,warehouse_2_event_21_largebox_0002_lifting_001321_001345.mp4,https://1drv.ms/v/c/e14d2464c52103f1/IQAk8cGMKOCxRbaX-q5RQyU0AXHJ-xz6WAFFCo2dT_8PdE0,"A worker in a yellow safety vest or a light uniform lifts a large cardboard box beside the white warehouse wall, yellow forklift, stacked pallets, and blue rolling bins.",,,,,,,,,,
P076,4,warehouse_3_event_59_woodchair_0001_carrying_002914_002988.mp4,5,47,92,Hunavsim,Warehouse,3,woodchair_0001,warehouse_3_event_59_woodchair_0001_carrying_002914_002988.mp4,https://1drv.ms/v/c/e14d2464c52103f1/IQDBkFPW_F-SS67b5k9i_IQtAVmpNJeWf-Mv-TZuoYc7F8c,"A worker in a purple shirt and jeans carries a wooden chair in the open warehouse aisle near pallet stacks, a yellow forklift, and industrial shelving.",,,,,,,,,,
P076,5,hospital_1_event_18_tripod_0001_lifting_001403_001430.mp4,2,49,117,Hunavsim,Hospital,1,tripod_0001,hospital_1_event_18_tripod_0001_lifting_001403_001430.mp4,https://1drv.ms/v/c/e14d2464c52103f1/IQBCtOceg10JR7rhFfpy11DyAQL_NI6cAeZniXBTM9fCCKo,"A person in dark clothing near the hospital wall lifts a tripod in a hospital hallway with windows, yellow railings, benches, and blue storage carts.",,,,,,,,,,
P076,6,office_1_event_77_monitor_0002_putting_down_003375_003407.mp4,3,60,179,Hunavsim,Office,1,monitor_0002,office_1_event_77_monitor_0002_putting_down_003375_003407.mp4,https://1drv.ms/v/c/e14d2464c52103f1/IQBHWmw9Z9nyQJ0hGfVpDWIRAR-LlFap_v5SP43S8S1osvY,"A person in a white or gray outfit puts down a computer monitor in a meeting-style office with rows of chairs, desks, monitors, and a dark patterned carpet.",,,,,,,,,,
P076,7,office_1_event_66_largetable_0002_lifting_003131_003187.mp4,2,58,176,Hunavsim,Office,1,largetable_0002,office_1_event_66_largetable_0002_lifting_003131_003187.mp4,https://1drv.ms/v/c/e14d2464c52103f1/IQCfxLAeAje_RbmNXdFRW_iqASBpZ_3BxG4qk2eIXJacj_A,"A person in a white or gray outfit lifts a large table in a meeting-style office with rows of chairs, desks, monitors, and a dark patterned carpet.",,,,,,,,,,
P076,8,office_1_event_169_tripod_0001_putting_down_006506_006545.mp4,1,70,207,Hunavsim,Office,1,tripod_0001,office_1_event_169_tripod_0001_putting_down_006506_006545.mp4,https://1drv.ms/v/c/e14d2464c52103f1/IQCbrEWjkRB6RKrfgsDc87bmAXzyC5FJUA5O3A5QDS6zVDw,"A person in a dark top near the office doorway puts down a tripod in a bright office room with desks, black chairs, computer monitors, doorway signage, and wall decorations.",,,,,,,,,,
P076,9,nvidia-aud-2019-04-18_2_image_0_carrying_000093_000177_H14_O4.mp4,5,8,9,JRDB,nvidia-aud-2019-04-18_2,0,machines,nvidia-aud-2019-04-18_2_image_0_carrying_000093_000177_H14_O4.mp4,https://1drv.ms/v/c/e14d2464c52103f1/IQBIQ763YXJoSIynUQN-vUY2AcHdG7TcPPb4hWwbjnBVKDQ,A dark-clothed person walking along a glass wall carries a small machine-like item near their side.,https://1drv.ms/i/c/e14d2464c52103f1/IQAJB7UbmY6gQpt5G2rsc9b2AQGOs6QquUgnhX4Sj_57RMM,hold,normal,large,open_space,none,,,VLM: hold; human_state=normal; object_property=large; spatial_context=open_space; risk_factor=none; selected_frame=65; gt_activity=carrying; human_iou=0.926; object_iou=0.067,65
P076,10,jordan-hall-2019-04-22_0_image_0_carrying_000852_000927_H66_O65000.mp4,2,28,32,JRDB,jordan-hall-2019-04-22_0,0,crutch,jordan-hall-2019-04-22_0_image_0_carrying_000852_000927_H66_O65000.mp4,https://1drv.ms/v/c/e14d2464c52103f1/IQBi7okqQ9sBT5S6U1eFIOxzATwDJVYPXnCjp9zwfhRRLCw,A woman in a patterned top and white shorts carries a crutch-like object near a group of people in a hallway.,https://1drv.ms/i/c/e14d2464c52103f1/IQAjbIAm7O2wSKLuHsbuif4mAXGI0r0ovUkvweYQ6NPNQeU,hold,normal,large,narrow_corridor,object_motion_risk,,,VLM: hold; human_state=normal; object_property=large; spatial_context=narrow_corridor; risk_factor=object_motion_risk; selected_frame=20; gt_activity=carrying; human_iou=0.886; object_iou=0.567,20
P077,1,warehouse_3_event_09_plasticbox_0001_carrying_000321_000362.mp4,2,44,63,Hunavsim,Warehouse,3,plasticbox_0001,warehouse_3_event_09_plasticbox_0001_carrying_000321_000362.mp4,https://1drv.ms/v/c/e14d2464c52103f1/IQBmz5wnQ5jSS5FtlsZqjxxwAVxTJ3wEnyeMgYBVms_pzXU,"A person in a dark outfit or purple pants carries a plastic storage box in a yellow-and-white warehouse with a forklift, blue bins, pallets, and tall metal racks.",,,,,,,,,,
P077,2,warehouse_1_event_11_trashcan_0001_kick_000297_000426.mp4,1,43,9,Hunavsim,Warehouse,1,trashcan_0001,warehouse_1_event_11_trashcan_0001_kick_000297_000426.mp4,https://1drv.ms/v/c/e14d2464c52103f1/IQCQEqP4-DDVRYlieVwcPcRsASP7zkyKaXV-0ZlT-UcUa08,"A person in a dark outfit or purple pants kicks a trash can in a yellow-and-white warehouse with a forklift, blue bins, pallets, and tall metal racks.",,,,,,,,,,
P077,3,warehouse_2_event_21_largebox_0002_lifting_001321_001345.mp4,5,45,49,Hunavsim,Warehouse,2,largebox_0002,warehouse_2_event_21_largebox_0002_lifting_001321_001345.mp4,https://1drv.ms/v/c/e14d2464c52103f1/IQAk8cGMKOCxRbaX-q5RQyU0AXHJ-xz6WAFFCo2dT_8PdE0,"A worker in a yellow safety vest or a light uniform lifts a large cardboard box beside the white warehouse wall, yellow forklift, stacked pallets, and blue rolling bins.",,,,,,,,,,
P077,4,warehouse_3_event_61_woodchair_0001_placing_003040_003147.mp4,1,47,94,Hunavsim,Warehouse,3,woodchair_0001,warehouse_3_event_61_woodchair_0001_placing_003040_003147.mp4,https://1drv.ms/v/c/e14d2464c52103f1/IQBP6oEw84a6R6GJ3u4pXgVzAbZUtrOH0hmsmkhy_wtK_E0,"A worker in a purple shirt and jeans places a wooden chair in the open warehouse aisle near pallet stacks, a yellow forklift, and industrial shelving.",,,,,,,,,,
P077,5,hospital_1_event_18_tripod_0001_lifting_001403_001430.mp4,3,49,117,Hunavsim,Hospital,1,tripod_0001,hospital_1_event_18_tripod_0001_lifting_001403_001430.mp4,https://1drv.ms/v/c/e14d2464c52103f1/IQBCtOceg10JR7rhFfpy11DyAQL_NI6cAeZniXBTM9fCCKo,"A person in dark clothing near the hospital wall lifts a tripod in a hospital hallway with windows, yellow railings, benches, and blue storage carts.",,,,,,,,,,
P077,6,office_1_event_77_monitor_0002_putting_down_003375_003407.mp4,4,60,179,Hunavsim,Office,1,monitor_0002,office_1_event_77_monitor_0002_putting_down_003375_003407.mp4,https://1drv.ms/v/c/e14d2464c52103f1/IQBHWmw9Z9nyQJ0hGfVpDWIRAR-LlFap_v5SP43S8S1osvY,"A person in a white or gray outfit puts down a computer monitor in a meeting-style office with rows of chairs, desks, monitors, and a dark patterned carpet.",,,,,,,,,,
P077,7,office_1_event_66_largetable_0002_lifting_003131_003187.mp4,3,58,176,Hunavsim,Office,1,largetable_0002,office_1_event_66_largetable_0002_lifting_003131_003187.mp4,https://1drv.ms/v/c/e14d2464c52103f1/IQCfxLAeAje_RbmNXdFRW_iqASBpZ_3BxG4qk2eIXJacj_A,"A person in a white or gray outfit lifts a large table in a meeting-style office with rows of chairs, desks, monitors, and a dark patterned carpet.",,,,,,,,,,
P077,8,office_1_event_169_tripod_0001_putting_down_006506_006545.mp4,2,70,207,Hunavsim,Office,1,tripod_0001,office_1_event_169_tripod_0001_putting_down_006506_006545.mp4,https://1drv.ms/v/c/e14d2464c52103f1/IQCbrEWjkRB6RKrfgsDc87bmAXzyC5FJUA5O3A5QDS6zVDw,"A person in a dark top near the office doorway puts down a tripod in a bright office room with desks, black chairs, computer monitors, doorway signage, and wall decorations.",,,,,,,,,,
P077,9,nvidia-aud-2019-04-18_2_image_2_carrying_000171_000234_H14_O4.mp4,1,8,11,JRDB,nvidia-aud-2019-04-18_2,2,machines,nvidia-aud-2019-04-18_2_image_2_carrying_000171_000234_H14_O4.mp4,https://1drv.ms/v/c/e14d2464c52103f1/IQBAQeGMeRtNQ74PdPuZgv5OATkOQG_cXNZMq-FpGpNfDac,A dark-clothed person by the glass wall carries a small machine-like object at their side.,https://1drv.ms/i/c/e14d2464c52103f1/IQC49N57D85GSZhcfbXUYUPQATEdek5VQO-zkhSjvYAqXjM,hold,normal,large,open_space,none,,,VLM: hold; human_state=normal; object_property=large; spatial_context=open_space; risk_factor=none; selected_frame=17; gt_activity=carrying; human_iou=0.932; object_iou=1.000,17
P077,10,jordan-hall-2019-04-22_0_image_0_carrying_000852_000927_H66_O65000.mp4,3,28,32,JRDB,jordan-hall-2019-04-22_0,0,crutch,jordan-hall-2019-04-22_0_image_0_carrying_000852_000927_H66_O65000.mp4,https://1drv.ms/v/c/e14d2464c52103f1/IQBi7okqQ9sBT5S6U1eFIOxzATwDJVYPXnCjp9zwfhRRLCw,A woman in a patterned top and white shorts carries a crutch-like object near a group of people in a hallway.,https://1drv.ms/i/c/e14d2464c52103f1/IQAjbIAm7O2wSKLuHsbuif4mAXGI0r0ovUkvweYQ6NPNQeU,hold,normal,large,narrow_corridor,object_motion_risk,,,VLM: hold; human_state=normal; object_property=large; spatial_context=narrow_corridor; risk_factor=object_motion_risk; selected_frame=20; gt_activity=carrying; human_iou=0.886; object_iou=0.567,20
P078,1,warehouse_3_event_09_plasticbox_0001_carrying_000321_000362.mp4,3,44,63,Hunavsim,Warehouse,3,plasticbox_0001,warehouse_3_event_09_plasticbox_0001_carrying_000321_000362.mp4,https://1drv.ms/v/c/e14d2464c52103f1/IQBmz5wnQ5jSS5FtlsZqjxxwAVxTJ3wEnyeMgYBVms_pzXU,"A person in a dark outfit or purple pants carries a plastic storage box in a yellow-and-white warehouse with a forklift, blue bins, pallets, and tall metal racks.",,,,,,,,,,
P078,2,warehouse_1_event_11_trashcan_0001_kick_000297_000426.mp4,2,43,9,Hunavsim,Warehouse,1,trashcan_0001,warehouse_1_event_11_trashcan_0001_kick_000297_000426.mp4,https://1drv.ms/v/c/e14d2464c52103f1/IQCQEqP4-DDVRYlieVwcPcRsASP7zkyKaXV-0ZlT-UcUa08,"A person in a dark outfit or purple pants kicks a trash can in a yellow-and-white warehouse with a forklift, blue bins, pallets, and tall metal racks.",,,,,,,,,,
P078,3,warehouse_2_event_23_largebox_0002_carrying_001375_001420.mp4,1,45,53,Hunavsim,Warehouse,2,largebox_0002,warehouse_2_event_23_largebox_0002_carrying_001375_001420.mp4,https://1drv.ms/v/c/e14d2464c52103f1/IQBwpujhp0kMQ79izAaJVkAXAWG-_7KxtWii416aweJjki8,"A worker in a yellow safety vest or a light uniform carries a large cardboard box beside the white warehouse wall, yellow forklift, stacked pallets, and blue rolling bins.",,,,,,,,,,
P078,4,warehouse_3_event_61_woodchair_0001_placing_003040_003147.mp4,2,47,94,Hunavsim,Warehouse,3,woodchair_0001,warehouse_3_event_61_woodchair_0001_placing_003040_003147.mp4,https://1drv.ms/v/c/e14d2464c52103f1/IQBP6oEw84a6R6GJ3u4pXgVzAbZUtrOH0hmsmkhy_wtK_E0,"A worker in a purple shirt and jeans places a wooden chair in the open warehouse aisle near pallet stacks, a yellow forklift, and industrial shelving.",,,,,,,,,,
P078,5,hospital_1_event_18_tripod_0001_lifting_001403_001430.mp4,4,49,117,Hunavsim,Hospital,1,tripod_0001,hospital_1_event_18_tripod_0001_lifting_001403_001430.mp4,https://1drv.ms/v/c/e14d2464c52103f1/IQBCtOceg10JR7rhFfpy11DyAQL_NI6cAeZniXBTM9fCCKo,"A person in dark clothing near the hospital wall lifts a tripod in a hospital hallway with windows, yellow railings, benches, and blue storage carts.",,,,,,,,,,
P078,6,office_1_event_77_monitor_0002_putting_down_003375_003407.mp4,5,60,179,Hunavsim,Office,1,monitor_0002,office_1_event_77_monitor_0002_putting_down_003375_003407.mp4,https://1drv.ms/v/c/e14d2464c52103f1/IQBHWmw9Z9nyQJ0hGfVpDWIRAR-LlFap_v5SP43S8S1osvY,"A person in a white or gray outfit puts down a computer monitor in a meeting-style office with rows of chairs, desks, monitors, and a dark patterned carpet.",,,,,,,,,,
P078,7,office_1_event_66_largetable_0002_lifting_003131_003187.mp4,4,58,176,Hunavsim,Office,1,largetable_0002,office_1_event_66_largetable_0002_lifting_003131_003187.mp4,https://1drv.ms/v/c/e14d2464c52103f1/IQCfxLAeAje_RbmNXdFRW_iqASBpZ_3BxG4qk2eIXJacj_A,"A person in a white or gray outfit lifts a large table in a meeting-style office with rows of chairs, desks, monitors, and a dark patterned carpet.",,,,,,,,,,
P078,8,office_1_event_169_tripod_0001_putting_down_006506_006545.mp4,3,70,207,Hunavsim,Office,1,tripod_0001,office_1_event_169_tripod_0001_putting_down_006506_006545.mp4,https://1drv.ms/v/c/e14d2464c52103f1/IQCbrEWjkRB6RKrfgsDc87bmAXzyC5FJUA5O3A5QDS6zVDw,"A person in a dark top near the office doorway puts down a tripod in a bright office room with desks, black chairs, computer monitors, doorway signage, and wall decorations.",,,,,,,,,,
P078,9,nvidia-aud-2019-04-18_2_image_2_carrying_000171_000234_H14_O4.mp4,2,8,11,JRDB,nvidia-aud-2019-04-18_2,2,machines,nvidia-aud-2019-04-18_2_image_2_carrying_000171_000234_H14_O4.mp4,https://1drv.ms/v/c/e14d2464c52103f1/IQBAQeGMeRtNQ74PdPuZgv5OATkOQG_cXNZMq-FpGpNfDac,A dark-clothed person by the glass wall carries a small machine-like object at their side.,https://1drv.ms/i/c/e14d2464c52103f1/IQC49N57D85GSZhcfbXUYUPQATEdek5VQO-zkhSjvYAqXjM,hold,normal,large,open_space,none,,,VLM: hold; human_state=normal; object_property=large; spatial_context=open_space; risk_factor=none; selected_frame=17; gt_activity=carrying; human_iou=0.932; object_iou=1.000,17
P078,10,jordan-hall-2019-04-22_0_image_0_carrying_000852_000927_H66_O65000.mp4,4,28,32,JRDB,jordan-hall-2019-04-22_0,0,crutch,jordan-hall-2019-04-22_0_image_0_carrying_000852_000927_H66_O65000.mp4,https://1drv.ms/v/c/e14d2464c52103f1/IQBi7okqQ9sBT5S6U1eFIOxzATwDJVYPXnCjp9zwfhRRLCw,A woman in a patterned top and white shorts carries a crutch-like object near a group of people in a hallway.,https://1drv.ms/i/c/e14d2464c52103f1/IQAjbIAm7O2wSKLuHsbuif4mAXGI0r0ovUkvweYQ6NPNQeU,hold,normal,large,narrow_corridor,object_motion_risk,,,VLM: hold; human_state=normal; object_property=large; spatial_context=narrow_corridor; risk_factor=object_motion_risk; selected_frame=20; gt_activity=carrying; human_iou=0.886; object_iou=0.567,20
P079,1,warehouse_3_event_09_plasticbox_0001_carrying_000321_000362.mp4,4,44,63,Hunavsim,Warehouse,3,plasticbox_0001,warehouse_3_event_09_plasticbox_0001_carrying_000321_000362.mp4,https://1drv.ms/v/c/e14d2464c52103f1/IQBmz5wnQ5jSS5FtlsZqjxxwAVxTJ3wEnyeMgYBVms_pzXU,"A person in a dark outfit or purple pants carries a plastic storage box in a yellow-and-white warehouse with a forklift, blue bins, pallets, and tall metal racks.",,,,,,,,,,
P079,2,warehouse_1_event_11_trashcan_0001_kick_000297_000426.mp4,3,43,9,Hunavsim,Warehouse,1,trashcan_0001,warehouse_1_event_11_trashcan_0001_kick_000297_000426.mp4,https://1drv.ms/v/c/e14d2464c52103f1/IQCQEqP4-DDVRYlieVwcPcRsASP7zkyKaXV-0ZlT-UcUa08,"A person in a dark outfit or purple pants kicks a trash can in a yellow-and-white warehouse with a forklift, blue bins, pallets, and tall metal racks.",,,,,,,,,,
P079,3,warehouse_2_event_23_largebox_0002_carrying_001375_001420.mp4,2,45,53,Hunavsim,Warehouse,2,largebox_0002,warehouse_2_event_23_largebox_0002_carrying_001375_001420.mp4,https://1drv.ms/v/c/e14d2464c52103f1/IQBwpujhp0kMQ79izAaJVkAXAWG-_7KxtWii416aweJjki8,"A worker in a yellow safety vest or a light uniform carries a large cardboard box beside the white warehouse wall, yellow forklift, stacked pallets, and blue rolling bins.",,,,,,,,,,
P079,4,warehouse_3_event_61_woodchair_0001_placing_003040_003147.mp4,3,47,94,Hunavsim,Warehouse,3,woodchair_0001,warehouse_3_event_61_woodchair_0001_placing_003040_003147.mp4,https://1drv.ms/v/c/e14d2464c52103f1/IQBP6oEw84a6R6GJ3u4pXgVzAbZUtrOH0hmsmkhy_wtK_E0,"A worker in a purple shirt and jeans places a wooden chair in the open warehouse aisle near pallet stacks, a yellow forklift, and industrial shelving.",,,,,,,,,,
P079,5,hospital_1_event_18_tripod_0001_lifting_001403_001430.mp4,5,49,117,Hunavsim,Hospital,1,tripod_0001,hospital_1_event_18_tripod_0001_lifting_001403_001430.mp4,https://1drv.ms/v/c/e14d2464c52103f1/IQBCtOceg10JR7rhFfpy11DyAQL_NI6cAeZniXBTM9fCCKo,"A person in dark clothing near the hospital wall lifts a tripod in a hospital hallway with windows, yellow railings, benches, and blue storage carts.",,,,,,,,,,
P079,6,office_1_event_06_largebox_0002_kicking_000465_000647.mp4,1,56,136,Hunavsim,Office,1,largebox_0002,office_1_event_06_largebox_0002_kicking_000465_000647.mp4,https://1drv.ms/v/c/e14d2464c52103f1/IQDjnK2Y8iG0Tq7n9AoCUndrAbp1BSM8YEN2J3rt6F9D3wA,"A person in a light shirt and dark pants kicks a large cardboard box in an office lobby with a long table, monitors, large windows, potted plants, and patterned carpet.",,,,,,,,,,
P079,7,office_1_event_66_largetable_0002_lifting_003131_003187.mp4,5,58,176,Hunavsim,Office,1,largetable_0002,office_1_event_66_largetable_0002_lifting_003131_003187.mp4,https://1drv.ms/v/c/e14d2464c52103f1/IQCfxLAeAje_RbmNXdFRW_iqASBpZ_3BxG4qk2eIXJacj_A,"A person in a white or gray outfit lifts a large table in a meeting-style office with rows of chairs, desks, monitors, and a dark patterned carpet.",,,,,,,,,,
P079,8,office_1_event_169_tripod_0001_putting_down_006506_006545.mp4,4,70,207,Hunavsim,Office,1,tripod_0001,office_1_event_169_tripod_0001_putting_down_006506_006545.mp4,https://1drv.ms/v/c/e14d2464c52103f1/IQCbrEWjkRB6RKrfgsDc87bmAXzyC5FJUA5O3A5QDS6zVDw,"A person in a dark top near the office doorway puts down a tripod in a bright office room with desks, black chairs, computer monitors, doorway signage, and wall decorations.",,,,,,,,,,
P079,9,nvidia-aud-2019-04-18_2_image_2_carrying_000171_000234_H14_O4.mp4,3,8,11,JRDB,nvidia-aud-2019-04-18_2,2,machines,nvidia-aud-2019-04-18_2_image_2_carrying_000171_000234_H14_O4.mp4,https://1drv.ms/v/c/e14d2464c52103f1/IQBAQeGMeRtNQ74PdPuZgv5OATkOQG_cXNZMq-FpGpNfDac,A dark-clothed person by the glass wall carries a small machine-like object at their side.,https://1drv.ms/i/c/e14d2464c52103f1/IQC49N57D85GSZhcfbXUYUPQATEdek5VQO-zkhSjvYAqXjM,hold,normal,large,open_space,none,,,VLM: hold; human_state=normal; object_property=large; spatial_context=open_space; risk_factor=none; selected_frame=17; gt_activity=carrying; human_iou=0.932; object_iou=1.000,17
P079,10,jordan-hall-2019-04-22_0_image_0_carrying_000852_000927_H66_O65000.mp4,5,28,32,JRDB,jordan-hall-2019-04-22_0,0,crutch,jordan-hall-2019-04-22_0_image_0_carrying_000852_000927_H66_O65000.mp4,https://1drv.ms/v/c/e14d2464c52103f1/IQBi7okqQ9sBT5S6U1eFIOxzATwDJVYPXnCjp9zwfhRRLCw,A woman in a patterned top and white shorts carries a crutch-like object near a group of people in a hallway.,https://1drv.ms/i/c/e14d2464c52103f1/IQAjbIAm7O2wSKLuHsbuif4mAXGI0r0ovUkvweYQ6NPNQeU,hold,normal,large,narrow_corridor,object_motion_risk,,,VLM: hold; human_state=normal; object_property=large; spatial_context=narrow_corridor; risk_factor=object_motion_risk; selected_frame=20; gt_activity=carrying; human_iou=0.886; object_iou=0.567,20
P080,1,warehouse_3_event_09_plasticbox_0001_carrying_000321_000362.mp4,5,44,63,Hunavsim,Warehouse,3,plasticbox_0001,warehouse_3_event_09_plasticbox_0001_carrying_000321_000362.mp4,https://1drv.ms/v/c/e14d2464c52103f1/IQBmz5wnQ5jSS5FtlsZqjxxwAVxTJ3wEnyeMgYBVms_pzXU,"A person in a dark outfit or purple pants carries a plastic storage box in a yellow-and-white warehouse with a forklift, blue bins, pallets, and tall metal racks.",,,,,,,,,,
P080,2,warehouse_1_event_11_trashcan_0001_kick_000297_000426.mp4,4,43,9,Hunavsim,Warehouse,1,trashcan_0001,warehouse_1_event_11_trashcan_0001_kick_000297_000426.mp4,https://1drv.ms/v/c/e14d2464c52103f1/IQCQEqP4-DDVRYlieVwcPcRsASP7zkyKaXV-0ZlT-UcUa08,"A person in a dark outfit or purple pants kicks a trash can in a yellow-and-white warehouse with a forklift, blue bins, pallets, and tall metal racks.",,,,,,,,,,
P080,3,warehouse_2_event_23_largebox_0002_carrying_001375_001420.mp4,3,45,53,Hunavsim,Warehouse,2,largebox_0002,warehouse_2_event_23_largebox_0002_carrying_001375_001420.mp4,https://1drv.ms/v/c/e14d2464c52103f1/IQBwpujhp0kMQ79izAaJVkAXAWG-_7KxtWii416aweJjki8,"A worker in a yellow safety vest or a light uniform carries a large cardboard box beside the white warehouse wall, yellow forklift, stacked pallets, and blue rolling bins.",,,,,,,,,,
P080,4,warehouse_3_event_61_woodchair_0001_placing_003040_003147.mp4,4,47,94,Hunavsim,Warehouse,3,woodchair_0001,warehouse_3_event_61_woodchair_0001_placing_003040_003147.mp4,https://1drv.ms/v/c/e14d2464c52103f1/IQBP6oEw84a6R6GJ3u4pXgVzAbZUtrOH0hmsmkhy_wtK_E0,"A worker in a purple shirt and jeans places a wooden chair in the open warehouse aisle near pallet stacks, a yellow forklift, and industrial shelving.",,,,,,,,,,
P080,5,office_1_event_27_suitcase_0001_lifting_001722_001769.mp4,1,66,152,Hunavsim,Office,1,suitcase_0001,office_1_event_27_suitcase_0001_lifting_001722_001769.mp4,https://1drv.ms/v/c/e14d2464c52103f1/IQDaIVZebpwaTKIlHWsIpaGOAcDNfzDjyiXERAbIhn75IUE,"A person in dark clothing lifts a suitcase in a meeting-style office with rows of chairs, desks, monitors, and a dark patterned carpet.",,,,,,,,,,
P080,6,hospital_1_event_06_trashcan_0001_kicking_000431_000568.mp4,1,48,101,Hunavsim,Hospital,1,trashcan_0001,hospital_1_event_06_trashcan_0001_kicking_000431_000568.mp4,https://1drv.ms/v/c/e14d2464c52103f1/IQAN5C5yo1zaR64-tA6DTRq2AfOY3mFnwLxVHfaDedG0FaM,"A person in a dark top and shorts or gray pants kicks a trash can in a bright hospital corridor with white walls, blue doors, yellow caution signs, and medical equipment along the wall.",,,,,,,,,,
P080,7,office_1_event_66_largetable_0002_placing_003188_003226.mp4,1,58,177,Hunavsim,Office,1,largetable_0002,office_1_event_66_largetable_0002_placing_003188_003226.mp4,https://1drv.ms/v/c/e14d2464c52103f1/IQDoZL_GsMqeSqz-MrrV-SX_AfIoiZQok-t2_V6CWh7AVDM,"A person in a white or gray outfit places a large table in a meeting-style office with rows of chairs, desks, monitors, and a dark patterned carpet.",,,,,,,,,,
P080,8,office_1_event_169_tripod_0001_putting_down_006506_006545.mp4,5,70,207,Hunavsim,Office,1,tripod_0001,office_1_event_169_tripod_0001_putting_down_006506_006545.mp4,https://1drv.ms/v/c/e14d2464c52103f1/IQCbrEWjkRB6RKrfgsDc87bmAXzyC5FJUA5O3A5QDS6zVDw,"A person in a dark top near the office doorway puts down a tripod in a bright office room with desks, black chairs, computer monitors, doorway signage, and wall decorations.",,,,,,,,,,
P080,9,nvidia-aud-2019-04-18_2_image_2_carrying_000171_000234_H14_O4.mp4,4,8,11,JRDB,nvidia-aud-2019-04-18_2,2,machines,nvidia-aud-2019-04-18_2_image_2_carrying_000171_000234_H14_O4.mp4,https://1drv.ms/v/c/e14d2464c52103f1/IQBAQeGMeRtNQ74PdPuZgv5OATkOQG_cXNZMq-FpGpNfDac,A dark-clothed person by the glass wall carries a small machine-like object at their side.,https://1drv.ms/i/c/e14d2464c52103f1/IQC49N57D85GSZhcfbXUYUPQATEdek5VQO-zkhSjvYAqXjM,hold,normal,large,open_space,none,,,VLM: hold; human_state=normal; object_property=large; spatial_context=open_space; risk_factor=none; selected_frame=17; gt_activity=carrying; human_iou=0.932; object_iou=1.000,17
P080,10,packard-poster-session-2019-03-20_1_image_2_carrying_000057_000132_H21_O10.mp4,1,29,33,JRDB,packard-poster-session-2019-03-20_1,2,bag,packard-poster-session-2019-03-20_1_image_2_carrying_000057_000132_H21_O10.mp4,https://1drv.ms/v/c/e14d2464c52103f1/IQCd8oXSLAUKS4vRaZzYl4XwAe-ndFqCWoq5X1WeoCdL3Ms,A young person in a dark top and shorts carries a slim bag or item in a poster-session crowd.,https://1drv.ms/i/c/e14d2464c52103f1/IQAqOJTYJk4mQIWyMFfdkyUiAcCRqRk4YKGF8-4VDLptxAY,hold,normal,large,open_space,none,,,VLM: hold; human_state=normal; object_property=large; spatial_context=open_space; risk_factor=none; selected_frame=20; gt_activity=carrying; human_iou=0.119; object_iou=1.000,20
P081,1,warehouse_3_event_09_plasticbox_0001_putting_down_000363_000431.mp4,1,44,64,Hunavsim,Warehouse,3,plasticbox_0001,warehouse_3_event_09_plasticbox_0001_putting_down_000363_000431.mp4,https://1drv.ms/v/c/e14d2464c52103f1/IQBKrzFE-a6rQoymERKY0-3wAQg830R6waBd5H4Ko7BWdCU,"A person in a dark outfit or purple pants puts down a plastic storage box in a yellow-and-white warehouse with a forklift, blue bins, pallets, and tall metal racks.",,,,,,,,,,
P081,2,warehouse_1_event_11_trashcan_0001_kick_000297_000426.mp4,5,43,9,Hunavsim,Warehouse,1,trashcan_0001,warehouse_1_event_11_trashcan_0001_kick_000297_000426.mp4,https://1drv.ms/v/c/e14d2464c52103f1/IQCQEqP4-DDVRYlieVwcPcRsASP7zkyKaXV-0ZlT-UcUa08,"A person in a dark outfit or purple pants kicks a trash can in a yellow-and-white warehouse with a forklift, blue bins, pallets, and tall metal racks.",,,,,,,,,,
P081,3,warehouse_2_event_23_largebox_0002_carrying_001375_001420.mp4,4,45,53,Hunavsim,Warehouse,2,largebox_0002,warehouse_2_event_23_largebox_0002_carrying_001375_001420.mp4,https://1drv.ms/v/c/e14d2464c52103f1/IQBwpujhp0kMQ79izAaJVkAXAWG-_7KxtWii416aweJjki8,"A worker in a yellow safety vest or a light uniform carries a large cardboard box beside the white warehouse wall, yellow forklift, stacked pallets, and blue rolling bins.",,,,,,,,,,
P081,4,warehouse_3_event_61_woodchair_0001_placing_003040_003147.mp4,5,47,94,Hunavsim,Warehouse,3,woodchair_0001,warehouse_3_event_61_woodchair_0001_placing_003040_003147.mp4,https://1drv.ms/v/c/e14d2464c52103f1/IQBP6oEw84a6R6GJ3u4pXgVzAbZUtrOH0hmsmkhy_wtK_E0,"A worker in a purple shirt and jeans places a wooden chair in the open warehouse aisle near pallet stacks, a yellow forklift, and industrial shelving.",,,,,,,,,,
P081,5,office_1_event_27_suitcase_0001_lifting_001722_001769.mp4,2,66,152,Hunavsim,Office,1,suitcase_0001,office_1_event_27_suitcase_0001_lifting_001722_001769.mp4,https://1drv.ms/v/c/e14d2464c52103f1/IQDaIVZebpwaTKIlHWsIpaGOAcDNfzDjyiXERAbIhn75IUE,"A person in dark clothing lifts a suitcase in a meeting-style office with rows of chairs, desks, monitors, and a dark patterned carpet.",,,,,,,,,,
P081,6,hospital_1_event_06_trashcan_0001_kicking_000431_000568.mp4,2,48,101,Hunavsim,Hospital,1,trashcan_0001,hospital_1_event_06_trashcan_0001_kicking_000431_000568.mp4,https://1drv.ms/v/c/e14d2464c52103f1/IQAN5C5yo1zaR64-tA6DTRq2AfOY3mFnwLxVHfaDedG0FaM,"A person in a dark top and shorts or gray pants kicks a trash can in a bright hospital corridor with white walls, blue doors, yellow caution signs, and medical equipment along the wall.",,,,,,,,,,
P081,7,office_1_event_66_largetable_0002_placing_003188_003226.mp4,2,58,177,Hunavsim,Office,1,largetable_0002,office_1_event_66_largetable_0002_placing_003188_003226.mp4,https://1drv.ms/v/c/e14d2464c52103f1/IQDoZL_GsMqeSqz-MrrV-SX_AfIoiZQok-t2_V6CWh7AVDM,"A person in a white or gray outfit places a large table in a meeting-style office with rows of chairs, desks, monitors, and a dark patterned carpet.",,,,,,,,,,
P081,8,office_1_event_03_monitor_0001_putting_down_000301_000353.mp4,1,59,131,Hunavsim,Office,1,monitor_0001,office_1_event_03_monitor_0001_putting_down_000301_000353.mp4,https://1drv.ms/v/c/e14d2464c52103f1/IQBuEFu7DfI3Tb_nGamymkx8AX_L0W0SGqtCtzzkqp4iNSk,"A person in a light shirt and dark pants puts down a computer monitor in an office lobby with a long table, monitors, large windows, potted plants, and patterned carpet.",,,,,,,,,,
P081,9,nvidia-aud-2019-04-18_2_image_2_carrying_000171_000234_H14_O4.mp4,5,8,11,JRDB,nvidia-aud-2019-04-18_2,2,machines,nvidia-aud-2019-04-18_2_image_2_carrying_000171_000234_H14_O4.mp4,https://1drv.ms/v/c/e14d2464c52103f1/IQBAQeGMeRtNQ74PdPuZgv5OATkOQG_cXNZMq-FpGpNfDac,A dark-clothed person by the glass wall carries a small machine-like object at their side.,https://1drv.ms/i/c/e14d2464c52103f1/IQC49N57D85GSZhcfbXUYUPQATEdek5VQO-zkhSjvYAqXjM,hold,normal,large,open_space,none,,,VLM: hold; human_state=normal; object_property=large; spatial_context=open_space; risk_factor=none; selected_frame=17; gt_activity=carrying; human_iou=0.932; object_iou=1.000,17
P081,10,packard-poster-session-2019-03-20_1_image_2_carrying_000057_000132_H21_O10.mp4,2,29,33,JRDB,packard-poster-session-2019-03-20_1,2,bag,packard-poster-session-2019-03-20_1_image_2_carrying_000057_000132_H21_O10.mp4,https://1drv.ms/v/c/e14d2464c52103f1/IQCd8oXSLAUKS4vRaZzYl4XwAe-ndFqCWoq5X1WeoCdL3Ms,A young person in a dark top and shorts carries a slim bag or item in a poster-session crowd.,https://1drv.ms/i/c/e14d2464c52103f1/IQAqOJTYJk4mQIWyMFfdkyUiAcCRqRk4YKGF8-4VDLptxAY,hold,normal,large,open_space,none,,,VLM: hold; human_state=normal; object_property=large; spatial_context=open_space; risk_factor=none; selected_frame=20; gt_activity=carrying; human_iou=0.119; object_iou=1.000,20
P082,1,warehouse_3_event_09_plasticbox_0001_putting_down_000363_000431.mp4,2,44,64,Hunavsim,Warehouse,3,plasticbox_0001,warehouse_3_event_09_plasticbox_0001_putting_down_000363_000431.mp4,https://1drv.ms/v/c/e14d2464c52103f1/IQBKrzFE-a6rQoymERKY0-3wAQg830R6waBd5H4Ko7BWdCU,"A person in a dark outfit or purple pants puts down a plastic storage box in a yellow-and-white warehouse with a forklift, blue bins, pallets, and tall metal racks.",,,,,,,,,,
P082,2,warehouse_1_event_34_trashcan_0001_kick_001535_001585.mp4,1,43,20,Hunavsim,Warehouse,1,trashcan_0001,warehouse_1_event_34_trashcan_0001_kick_001535_001585.mp4,https://1drv.ms/v/c/e14d2464c52103f1/IQClPzdOcaxWTqwrO5ZRyjjAATEpexVeQrHXoTVmkUwSrRo,"A worker in a yellow safety vest or a light uniform kicks a trash can beside the white warehouse wall, yellow forklift, stacked pallets, and blue rolling bins.",,,,,,,,,,
P082,3,warehouse_2_event_23_largebox_0002_carrying_001375_001420.mp4,5,45,53,Hunavsim,Warehouse,2,largebox_0002,warehouse_2_event_23_largebox_0002_carrying_001375_001420.mp4,https://1drv.ms/v/c/e14d2464c52103f1/IQBwpujhp0kMQ79izAaJVkAXAWG-_7KxtWii416aweJjki8,"A worker in a yellow safety vest or a light uniform carries a large cardboard box beside the white warehouse wall, yellow forklift, stacked pallets, and blue rolling bins.",,,,,,,,,,
P082,4,warehouse_3_event_68_woodchair_0001_lift_003662_003764.mp4,1,47,99,Hunavsim,Warehouse,3,woodchair_0001,warehouse_3_event_68_woodchair_0001_lift_003662_003764.mp4,https://1drv.ms/v/c/e14d2464c52103f1/IQCBMtDRlGQTTY0e_eWj7Ho9AW9LkWWnpPaxmY1ANcAKLk8,"A worker in a purple shirt and jeans lifts a wooden chair in the open warehouse aisle near pallet stacks, a yellow forklift, and industrial shelving.",,,,,,,,,,
P082,5,office_1_event_27_suitcase_0001_lifting_001722_001769.mp4,3,66,152,Hunavsim,Office,1,suitcase_0001,office_1_event_27_suitcase_0001_lifting_001722_001769.mp4,https://1drv.ms/v/c/e14d2464c52103f1/IQDaIVZebpwaTKIlHWsIpaGOAcDNfzDjyiXERAbIhn75IUE,"A person in dark clothing lifts a suitcase in a meeting-style office with rows of chairs, desks, monitors, and a dark patterned carpet.",,,,,,,,,,
P082,6,hospital_1_event_06_trashcan_0001_kicking_000431_000568.mp4,3,48,101,Hunavsim,Hospital,1,trashcan_0001,hospital_1_event_06_trashcan_0001_kicking_000431_000568.mp4,https://1drv.ms/v/c/e14d2464c52103f1/IQAN5C5yo1zaR64-tA6DTRq2AfOY3mFnwLxVHfaDedG0FaM,"A person in a dark top and shorts or gray pants kicks a trash can in a bright hospital corridor with white walls, blue doors, yellow caution signs, and medical equipment along the wall.",,,,,,,,,,
P082,7,office_1_event_66_largetable_0002_placing_003188_003226.mp4,3,58,177,Hunavsim,Office,1,largetable_0002,office_1_event_66_largetable_0002_placing_003188_003226.mp4,https://1drv.ms/v/c/e14d2464c52103f1/IQDoZL_GsMqeSqz-MrrV-SX_AfIoiZQok-t2_V6CWh7AVDM,"A person in a white or gray outfit places a large table in a meeting-style office with rows of chairs, desks, monitors, and a dark patterned carpet.",,,,,,,,,,
P082,8,office_1_event_03_monitor_0001_putting_down_000301_000353.mp4,2,59,131,Hunavsim,Office,1,monitor_0001,office_1_event_03_monitor_0001_putting_down_000301_000353.mp4,https://1drv.ms/v/c/e14d2464c52103f1/IQBuEFu7DfI3Tb_nGamymkx8AX_L0W0SGqtCtzzkqp4iNSk,"A person in a light shirt and dark pants puts down a computer monitor in an office lobby with a long table, monitors, large windows, potted plants, and patterned carpet.",,,,,,,,,,
P082,9,nvidia-aud-2019-04-18_2_image_0_carrying_000273_000351_H20_O13.mp4,1,9,10,JRDB,nvidia-aud-2019-04-18_2,0,bag,nvidia-aud-2019-04-18_2_image_0_carrying_000273_000351_H20_O13.mp4,https://1drv.ms/v/c/e14d2464c52103f1/IQCLXMXT_cTvRrgKc-EVOHOhAYb6qwibfTlish3FFjMov9s,A dark-clothed person near a glass corridor carries a blue bag-like item beside them.,https://1drv.ms/i/c/e14d2464c52103f1/IQA7j34IVsx5TbaDpYWrfNHdAZf3Z3tZIzuAFUUv94iC7zE,hold,normal,large,open_space,none,,,VLM: hold; human_state=normal; object_property=large; spatial_context=open_space; risk_factor=none; selected_frame=60; gt_activity=carrying; human_iou=1.000; object_iou=1.000,60
P082,10,packard-poster-session-2019-03-20_1_image_2_carrying_000057_000132_H21_O10.mp4,3,29,33,JRDB,packard-poster-session-2019-03-20_1,2,bag,packard-poster-session-2019-03-20_1_image_2_carrying_000057_000132_H21_O10.mp4,https://1drv.ms/v/c/e14d2464c52103f1/IQCd8oXSLAUKS4vRaZzYl4XwAe-ndFqCWoq5X1WeoCdL3Ms,A young person in a dark top and shorts carries a slim bag or item in a poster-session crowd.,https://1drv.ms/i/c/e14d2464c52103f1/IQAqOJTYJk4mQIWyMFfdkyUiAcCRqRk4YKGF8-4VDLptxAY,hold,normal,large,open_space,none,,,VLM: hold; human_state=normal; object_property=large; spatial_context=open_space; risk_factor=none; selected_frame=20; gt_activity=carrying; human_iou=0.119; object_iou=1.000,20
P083,1,warehouse_3_event_09_plasticbox_0001_putting_down_000363_000431.mp4,3,44,64,Hunavsim,Warehouse,3,plasticbox_0001,warehouse_3_event_09_plasticbox_0001_putting_down_000363_000431.mp4,https://1drv.ms/v/c/e14d2464c52103f1/IQBKrzFE-a6rQoymERKY0-3wAQg830R6waBd5H4Ko7BWdCU,"A person in a dark outfit or purple pants puts down a plastic storage box in a yellow-and-white warehouse with a forklift, blue bins, pallets, and tall metal racks.",,,,,,,,,,
P083,2,warehouse_1_event_34_trashcan_0001_kick_001535_001585.mp4,2,43,20,Hunavsim,Warehouse,1,trashcan_0001,warehouse_1_event_34_trashcan_0001_kick_001535_001585.mp4,https://1drv.ms/v/c/e14d2464c52103f1/IQClPzdOcaxWTqwrO5ZRyjjAATEpexVeQrHXoTVmkUwSrRo,"A worker in a yellow safety vest or a light uniform kicks a trash can beside the white warehouse wall, yellow forklift, stacked pallets, and blue rolling bins.",,,,,,,,,,
P083,3,warehouse_3_event_42_largebox_0002_lift_002347_002619.mp4,1,45,84,Hunavsim,Warehouse,3,largebox_0002,warehouse_3_event_42_largebox_0002_lift_002347_002619.mp4,https://1drv.ms/v/c/e14d2464c52103f1/IQDsZrgSbhw1TrOXYJPqMde-Ad-ZFkGS2l5uMn4j8Yoc_Sc,"A person in a white or light gray outfit lifts a large cardboard box beside the white warehouse wall, yellow forklift, stacked pallets, and blue rolling bins.",,,,,,,,,,
P083,4,warehouse_3_event_68_woodchair_0001_lift_003662_003764.mp4,2,47,99,Hunavsim,Warehouse,3,woodchair_0001,warehouse_3_event_68_woodchair_0001_lift_003662_003764.mp4,https://1drv.ms/v/c/e14d2464c52103f1/IQCBMtDRlGQTTY0e_eWj7Ho9AW9LkWWnpPaxmY1ANcAKLk8,"A worker in a purple shirt and jeans lifts a wooden chair in the open warehouse aisle near pallet stacks, a yellow forklift, and industrial shelving.",,,,,,,,,,
P083,5,office_1_event_27_suitcase_0001_lifting_001722_001769.mp4,4,66,152,Hunavsim,Office,1,suitcase_0001,office_1_event_27_suitcase_0001_lifting_001722_001769.mp4,https://1drv.ms/v/c/e14d2464c52103f1/IQDaIVZebpwaTKIlHWsIpaGOAcDNfzDjyiXERAbIhn75IUE,"A person in dark clothing lifts a suitcase in a meeting-style office with rows of chairs, desks, monitors, and a dark patterned carpet.",,,,,,,,,,
P083,6,hospital_1_event_06_trashcan_0001_kicking_000431_000568.mp4,4,48,101,Hunavsim,Hospital,1,trashcan_0001,hospital_1_event_06_trashcan_0001_kicking_000431_000568.mp4,https://1drv.ms/v/c/e14d2464c52103f1/IQAN5C5yo1zaR64-tA6DTRq2AfOY3mFnwLxVHfaDedG0FaM,"A person in a dark top and shorts or gray pants kicks a trash can in a bright hospital corridor with white walls, blue doors, yellow caution signs, and medical equipment along the wall.",,,,,,,,,,
P083,7,office_1_event_66_largetable_0002_placing_003188_003226.mp4,4,58,177,Hunavsim,Office,1,largetable_0002,office_1_event_66_largetable_0002_placing_003188_003226.mp4,https://1drv.ms/v/c/e14d2464c52103f1/IQDoZL_GsMqeSqz-MrrV-SX_AfIoiZQok-t2_V6CWh7AVDM,"A person in a white or gray outfit places a large table in a meeting-style office with rows of chairs, desks, monitors, and a dark patterned carpet.",,,,,,,,,,
P083,8,office_1_event_03_monitor_0001_putting_down_000301_000353.mp4,3,59,131,Hunavsim,Office,1,monitor_0001,office_1_event_03_monitor_0001_putting_down_000301_000353.mp4,https://1drv.ms/v/c/e14d2464c52103f1/IQBuEFu7DfI3Tb_nGamymkx8AX_L0W0SGqtCtzzkqp4iNSk,"A person in a light shirt and dark pants puts down a computer monitor in an office lobby with a long table, monitors, large windows, potted plants, and patterned carpet.",,,,,,,,,,
P083,9,nvidia-aud-2019-04-18_2_image_0_carrying_000273_000351_H20_O13.mp4,2,9,10,JRDB,nvidia-aud-2019-04-18_2,0,bag,nvidia-aud-2019-04-18_2_image_0_carrying_000273_000351_H20_O13.mp4,https://1drv.ms/v/c/e14d2464c52103f1/IQCLXMXT_cTvRrgKc-EVOHOhAYb6qwibfTlish3FFjMov9s,A dark-clothed person near a glass corridor carries a blue bag-like item beside them.,https://1drv.ms/i/c/e14d2464c52103f1/IQA7j34IVsx5TbaDpYWrfNHdAZf3Z3tZIzuAFUUv94iC7zE,hold,normal,large,open_space,none,,,VLM: hold; human_state=normal; object_property=large; spatial_context=open_space; risk_factor=none; selected_frame=60; gt_activity=carrying; human_iou=1.000; object_iou=1.000,60
P083,10,packard-poster-session-2019-03-20_1_image_2_carrying_000057_000132_H21_O10.mp4,4,29,33,JRDB,packard-poster-session-2019-03-20_1,2,bag,packard-poster-session-2019-03-20_1_image_2_carrying_000057_000132_H21_O10.mp4,https://1drv.ms/v/c/e14d2464c52103f1/IQCd8oXSLAUKS4vRaZzYl4XwAe-ndFqCWoq5X1WeoCdL3Ms,A young person in a dark top and shorts carries a slim bag or item in a poster-session crowd.,https://1drv.ms/i/c/e14d2464c52103f1/IQAqOJTYJk4mQIWyMFfdkyUiAcCRqRk4YKGF8-4VDLptxAY,hold,normal,large,open_space,none,,,VLM: hold; human_state=normal; object_property=large; spatial_context=open_space; risk_factor=none; selected_frame=20; gt_activity=carrying; human_iou=0.119; object_iou=1.000,20
P084,1,warehouse_3_event_09_plasticbox_0001_putting_down_000363_000431.mp4,4,44,64,Hunavsim,Warehouse,3,plasticbox_0001,warehouse_3_event_09_plasticbox_0001_putting_down_000363_000431.mp4,https://1drv.ms/v/c/e14d2464c52103f1/IQBKrzFE-a6rQoymERKY0-3wAQg830R6waBd5H4Ko7BWdCU,"A person in a dark outfit or purple pants puts down a plastic storage box in a yellow-and-white warehouse with a forklift, blue bins, pallets, and tall metal racks.",,,,,,,,,,
P084,2,warehouse_1_event_34_trashcan_0001_kick_001535_001585.mp4,3,43,20,Hunavsim,Warehouse,1,trashcan_0001,warehouse_1_event_34_trashcan_0001_kick_001535_001585.mp4,https://1drv.ms/v/c/e14d2464c52103f1/IQClPzdOcaxWTqwrO5ZRyjjAATEpexVeQrHXoTVmkUwSrRo,"A worker in a yellow safety vest or a light uniform kicks a trash can beside the white warehouse wall, yellow forklift, stacked pallets, and blue rolling bins.",,,,,,,,,,
P084,3,warehouse_3_event_42_largebox_0002_lift_002347_002619.mp4,2,45,84,Hunavsim,Warehouse,3,largebox_0002,warehouse_3_event_42_largebox_0002_lift_002347_002619.mp4,https://1drv.ms/v/c/e14d2464c52103f1/IQDsZrgSbhw1TrOXYJPqMde-Ad-ZFkGS2l5uMn4j8Yoc_Sc,"A person in a white or light gray outfit lifts a large cardboard box beside the white warehouse wall, yellow forklift, stacked pallets, and blue rolling bins.",,,,,,,,,,
P084,4,warehouse_3_event_68_woodchair_0001_lift_003662_003764.mp4,3,47,99,Hunavsim,Warehouse,3,woodchair_0001,warehouse_3_event_68_woodchair_0001_lift_003662_003764.mp4,https://1drv.ms/v/c/e14d2464c52103f1/IQCBMtDRlGQTTY0e_eWj7Ho9AW9LkWWnpPaxmY1ANcAKLk8,"A worker in a purple shirt and jeans lifts a wooden chair in the open warehouse aisle near pallet stacks, a yellow forklift, and industrial shelving.",,,,,,,,,,
P084,5,office_1_event_27_suitcase_0001_lifting_001722_001769.mp4,5,66,152,Hunavsim,Office,1,suitcase_0001,office_1_event_27_suitcase_0001_lifting_001722_001769.mp4,https://1drv.ms/v/c/e14d2464c52103f1/IQDaIVZebpwaTKIlHWsIpaGOAcDNfzDjyiXERAbIhn75IUE,"A person in dark clothing lifts a suitcase in a meeting-style office with rows of chairs, desks, monitors, and a dark patterned carpet.",,,,,,,,,,
P084,6,hospital_1_event_06_trashcan_0001_kicking_000431_000568.mp4,5,48,101,Hunavsim,Hospital,1,trashcan_0001,hospital_1_event_06_trashcan_0001_kicking_000431_000568.mp4,https://1drv.ms/v/c/e14d2464c52103f1/IQAN5C5yo1zaR64-tA6DTRq2AfOY3mFnwLxVHfaDedG0FaM,"A person in a dark top and shorts or gray pants kicks a trash can in a bright hospital corridor with white walls, blue doors, yellow caution signs, and medical equipment along the wall.",,,,,,,,,,
P084,7,office_1_event_66_largetable_0002_placing_003188_003226.mp4,5,58,177,Hunavsim,Office,1,largetable_0002,office_1_event_66_largetable_0002_placing_003188_003226.mp4,https://1drv.ms/v/c/e14d2464c52103f1/IQDoZL_GsMqeSqz-MrrV-SX_AfIoiZQok-t2_V6CWh7AVDM,"A person in a white or gray outfit places a large table in a meeting-style office with rows of chairs, desks, monitors, and a dark patterned carpet.",,,,,,,,,,
P084,8,office_1_event_03_monitor_0001_putting_down_000301_000353.mp4,4,59,131,Hunavsim,Office,1,monitor_0001,office_1_event_03_monitor_0001_putting_down_000301_000353.mp4,https://1drv.ms/v/c/e14d2464c52103f1/IQBuEFu7DfI3Tb_nGamymkx8AX_L0W0SGqtCtzzkqp4iNSk,"A person in a light shirt and dark pants puts down a computer monitor in an office lobby with a long table, monitors, large windows, potted plants, and patterned carpet.",,,,,,,,,,
P084,9,nvidia-aud-2019-04-18_2_image_0_carrying_000273_000351_H20_O13.mp4,3,9,10,JRDB,nvidia-aud-2019-04-18_2,0,bag,nvidia-aud-2019-04-18_2_image_0_carrying_000273_000351_H20_O13.mp4,https://1drv.ms/v/c/e14d2464c52103f1/IQCLXMXT_cTvRrgKc-EVOHOhAYb6qwibfTlish3FFjMov9s,A dark-clothed person near a glass corridor carries a blue bag-like item beside them.,https://1drv.ms/i/c/e14d2464c52103f1/IQA7j34IVsx5TbaDpYWrfNHdAZf3Z3tZIzuAFUUv94iC7zE,hold,normal,large,open_space,none,,,VLM: hold; human_state=normal; object_property=large; spatial_context=open_space; risk_factor=none; selected_frame=60; gt_activity=carrying; human_iou=1.000; object_iou=1.000,60
P084,10,packard-poster-session-2019-03-20_1_image_2_carrying_000057_000132_H21_O10.mp4,5,29,33,JRDB,packard-poster-session-2019-03-20_1,2,bag,packard-poster-session-2019-03-20_1_image_2_carrying_000057_000132_H21_O10.mp4,https://1drv.ms/v/c/e14d2464c52103f1/IQCd8oXSLAUKS4vRaZzYl4XwAe-ndFqCWoq5X1WeoCdL3Ms,A young person in a dark top and shorts carries a slim bag or item in a poster-session crowd.,https://1drv.ms/i/c/e14d2464c52103f1/IQAqOJTYJk4mQIWyMFfdkyUiAcCRqRk4YKGF8-4VDLptxAY,hold,normal,large,open_space,none,,,VLM: hold; human_state=normal; object_property=large; spatial_context=open_space; risk_factor=none; selected_frame=20; gt_activity=carrying; human_iou=0.119; object_iou=1.000,20
P085,1,warehouse_3_event_09_plasticbox_0001_putting_down_000363_000431.mp4,5,44,64,Hunavsim,Warehouse,3,plasticbox_0001,warehouse_3_event_09_plasticbox_0001_putting_down_000363_000431.mp4,https://1drv.ms/v/c/e14d2464c52103f1/IQBKrzFE-a6rQoymERKY0-3wAQg830R6waBd5H4Ko7BWdCU,"A person in a dark outfit or purple pants puts down a plastic storage box in a yellow-and-white warehouse with a forklift, blue bins, pallets, and tall metal racks.",,,,,,,,,,
P085,2,warehouse_1_event_34_trashcan_0001_kick_001535_001585.mp4,4,43,20,Hunavsim,Warehouse,1,trashcan_0001,warehouse_1_event_34_trashcan_0001_kick_001535_001585.mp4,https://1drv.ms/v/c/e14d2464c52103f1/IQClPzdOcaxWTqwrO5ZRyjjAATEpexVeQrHXoTVmkUwSrRo,"A worker in a yellow safety vest or a light uniform kicks a trash can beside the white warehouse wall, yellow forklift, stacked pallets, and blue rolling bins.",,,,,,,,,,
P085,3,warehouse_3_event_42_largebox_0002_lift_002347_002619.mp4,3,45,84,Hunavsim,Warehouse,3,largebox_0002,warehouse_3_event_42_largebox_0002_lift_002347_002619.mp4,https://1drv.ms/v/c/e14d2464c52103f1/IQDsZrgSbhw1TrOXYJPqMde-Ad-ZFkGS2l5uMn4j8Yoc_Sc,"A person in a white or light gray outfit lifts a large cardboard box beside the white warehouse wall, yellow forklift, stacked pallets, and blue rolling bins.",,,,,,,,,,
P085,4,warehouse_3_event_68_woodchair_0001_lift_003662_003764.mp4,4,47,99,Hunavsim,Warehouse,3,woodchair_0001,warehouse_3_event_68_woodchair_0001_lift_003662_003764.mp4,https://1drv.ms/v/c/e14d2464c52103f1/IQCBMtDRlGQTTY0e_eWj7Ho9AW9LkWWnpPaxmY1ANcAKLk8,"A worker in a purple shirt and jeans lifts a wooden chair in the open warehouse aisle near pallet stacks, a yellow forklift, and industrial shelving.",,,,,,,,,,
P085,5,office_1_event_27_suitcase_0001_carrying_001770_001816.mp4,1,66,153,Hunavsim,Office,1,suitcase_0001,office_1_event_27_suitcase_0001_carrying_001770_001816.mp4,https://1drv.ms/v/c/e14d2464c52103f1/IQCEULHiEX5EQ5YqSMa0iTdZAae-yDO9ebt8lXB-tPXGxXQ,"A person in dark clothing carries a suitcase in a meeting-style office with rows of chairs, desks, monitors, and a dark patterned carpet.",,,,,,,,,,
P085,6,hospital_1_event_06_trashcan_0001_lifting_000569_000624.mp4,1,48,102,Hunavsim,Hospital,1,trashcan_0001,hospital_1_event_06_trashcan_0001_lifting_000569_000624.mp4,https://1drv.ms/v/c/e14d2464c52103f1/IQDcaHgZ8Q21TpM23iulMwZNAbRaAfg7eQJb0OCKkts-MdQ,"A person in a dark top and shorts or gray pants lifts a trash can in a bright hospital corridor with white walls, blue doors, yellow caution signs, and medical equipment along the wall.",,,,,,,,,,
P085,7,office_1_event_62_monitor_0005_lifting_003037_003093.mp4,1,63,174,Hunavsim,Office,1,monitor_0005,office_1_event_62_monitor_0005_lifting_003037_003093.mp4,https://1drv.ms/v/c/e14d2464c52103f1/IQBc22WalonZRJRNiqTwzKhIAU4YOlr06R8Tt5wHa9OIxGg,"A person in a white or gray outfit lifts a computer monitor in a meeting-style office with rows of chairs, desks, monitors, and a dark patterned carpet.",,,,,,,,,,
P085,8,office_1_event_03_monitor_0001_putting_down_000301_000353.mp4,5,59,131,Hunavsim,Office,1,monitor_0001,office_1_event_03_monitor_0001_putting_down_000301_000353.mp4,https://1drv.ms/v/c/e14d2464c52103f1/IQBuEFu7DfI3Tb_nGamymkx8AX_L0W0SGqtCtzzkqp4iNSk,"A person in a light shirt and dark pants puts down a computer monitor in an office lobby with a long table, monitors, large windows, potted plants, and patterned carpet.",,,,,,,,,,
P085,9,nvidia-aud-2019-04-18_2_image_0_carrying_000273_000351_H20_O13.mp4,4,9,10,JRDB,nvidia-aud-2019-04-18_2,0,bag,nvidia-aud-2019-04-18_2_image_0_carrying_000273_000351_H20_O13.mp4,https://1drv.ms/v/c/e14d2464c52103f1/IQCLXMXT_cTvRrgKc-EVOHOhAYb6qwibfTlish3FFjMov9s,A dark-clothed person near a glass corridor carries a blue bag-like item beside them.,https://1drv.ms/i/c/e14d2464c52103f1/IQA7j34IVsx5TbaDpYWrfNHdAZf3Z3tZIzuAFUUv94iC7zE,hold,normal,large,open_space,none,,,VLM: hold; human_state=normal; object_property=large; spatial_context=open_space; risk_factor=none; selected_frame=60; gt_activity=carrying; human_iou=1.000; object_iou=1.000,60
P085,10,gates-foyer-2019-01-17_0_image_0_pushing_001137_001236_H13_O1.mp4,1,3,3,JRDB,gates-foyer-2019-01-17_0,0,bicycle/scooter,gates-foyer-2019-01-17_0_image_0_pushing_001137_001236_H13_O1.mp4,https://1drv.ms/v/c/e14d2464c52103f1/IQAny4TcMTXRQ4u1_e7IDsikASsbGsTU3LD9bYWxZkdx4rE,A dark-clothed person near the right-side doorway pushes a bicycle or scooter in the foyer.,https://1drv.ms/i/c/e14d2464c52103f1/IQAj9IZeNn-MT6a_1nTQriohAfJ1t7E1FqYcmg7CsM7BDSg,hold,normal,small,open_space,none,,,VLM: hold; human_state=normal; object_property=small; spatial_context=open_space; risk_factor=none; selected_frame=26; gt_activity=pushing; human_iou=1.000; object_iou=1.000,26
P086,1,warehouse_3_event_21_plasticbox_0001_kick_001146_001163.mp4,1,44,71,Hunavsim,Warehouse,3,plasticbox_0001,warehouse_3_event_21_plasticbox_0001_kick_001146_001163.mp4,https://1drv.ms/v/c/e14d2464c52103f1/IQCcy2qFg0U_RIK8il8Wv2wDAfUSkzAQOcjXC04k29mT6fE,"A worker in a yellow safety vest or a light uniform kicks a plastic storage box beside the white warehouse wall, yellow forklift, stacked pallets, and blue rolling bins.",,,,,,,,,,
P086,2,warehouse_1_event_34_trashcan_0001_kick_001535_001585.mp4,5,43,20,Hunavsim,Warehouse,1,trashcan_0001,warehouse_1_event_34_trashcan_0001_kick_001535_001585.mp4,https://1drv.ms/v/c/e14d2464c52103f1/IQClPzdOcaxWTqwrO5ZRyjjAATEpexVeQrHXoTVmkUwSrRo,"A worker in a yellow safety vest or a light uniform kicks a trash can beside the white warehouse wall, yellow forklift, stacked pallets, and blue rolling bins.",,,,,,,,,,
P086,3,warehouse_3_event_42_largebox_0002_lift_002347_002619.mp4,4,45,84,Hunavsim,Warehouse,3,largebox_0002,warehouse_3_event_42_largebox_0002_lift_002347_002619.mp4,https://1drv.ms/v/c/e14d2464c52103f1/IQDsZrgSbhw1TrOXYJPqMde-Ad-ZFkGS2l5uMn4j8Yoc_Sc,"A person in a white or light gray outfit lifts a large cardboard box beside the white warehouse wall, yellow forklift, stacked pallets, and blue rolling bins.",,,,,,,,,,
P086,4,warehouse_3_event_68_woodchair_0001_lift_003662_003764.mp4,5,47,99,Hunavsim,Warehouse,3,woodchair_0001,warehouse_3_event_68_woodchair_0001_lift_003662_003764.mp4,https://1drv.ms/v/c/e14d2464c52103f1/IQCBMtDRlGQTTY0e_eWj7Ho9AW9LkWWnpPaxmY1ANcAKLk8,"A worker in a purple shirt and jeans lifts a wooden chair in the open warehouse aisle near pallet stacks, a yellow forklift, and industrial shelving.",,,,,,,,,,
P086,5,office_1_event_27_suitcase_0001_carrying_001770_001816.mp4,2,66,153,Hunavsim,Office,1,suitcase_0001,office_1_event_27_suitcase_0001_carrying_001770_001816.mp4,https://1drv.ms/v/c/e14d2464c52103f1/IQCEULHiEX5EQ5YqSMa0iTdZAae-yDO9ebt8lXB-tPXGxXQ,"A person in dark clothing carries a suitcase in a meeting-style office with rows of chairs, desks, monitors, and a dark patterned carpet.",,,,,,,,,,
P086,6,hospital_1_event_06_trashcan_0001_lifting_000569_000624.mp4,2,48,102,Hunavsim,Hospital,1,trashcan_0001,hospital_1_event_06_trashcan_0001_lifting_000569_000624.mp4,https://1drv.ms/v/c/e14d2464c52103f1/IQDcaHgZ8Q21TpM23iulMwZNAbRaAfg7eQJb0OCKkts-MdQ,"A person in a dark top and shorts or gray pants lifts a trash can in a bright hospital corridor with white walls, blue doors, yellow caution signs, and medical equipment along the wall.",,,,,,,,,,
P086,7,office_1_event_62_monitor_0005_lifting_003037_003093.mp4,2,63,174,Hunavsim,Office,1,monitor_0005,office_1_event_62_monitor_0005_lifting_003037_003093.mp4,https://1drv.ms/v/c/e14d2464c52103f1/IQBc22WalonZRJRNiqTwzKhIAU4YOlr06R8Tt5wHa9OIxGg,"A person in a white or gray outfit lifts a computer monitor in a meeting-style office with rows of chairs, desks, monitors, and a dark patterned carpet.",,,,,,,,,,
P086,8,office_1_event_03_monitor_0001_lifting_000354_000393.mp4,1,59,132,Hunavsim,Office,1,monitor_0001,office_1_event_03_monitor_0001_lifting_000354_000393.mp4,https://1drv.ms/v/c/e14d2464c52103f1/IQCuBHBHMuhWQ5unrBZGTd8HAbnrWUtCphuTJHYabWKVLqY,"A person in a light shirt and dark pants lifts a computer monitor in an office lobby with a long table, monitors, large windows, potted plants, and patterned carpet.",,,,,,,,,,
P086,9,nvidia-aud-2019-04-18_2_image_0_carrying_000273_000351_H20_O13.mp4,5,9,10,JRDB,nvidia-aud-2019-04-18_2,0,bag,nvidia-aud-2019-04-18_2_image_0_carrying_000273_000351_H20_O13.mp4,https://1drv.ms/v/c/e14d2464c52103f1/IQCLXMXT_cTvRrgKc-EVOHOhAYb6qwibfTlish3FFjMov9s,A dark-clothed person near a glass corridor carries a blue bag-like item beside them.,https://1drv.ms/i/c/e14d2464c52103f1/IQA7j34IVsx5TbaDpYWrfNHdAZf3Z3tZIzuAFUUv94iC7zE,hold,normal,large,open_space,none,,,VLM: hold; human_state=normal; object_property=large; spatial_context=open_space; risk_factor=none; selected_frame=60; gt_activity=carrying; human_iou=1.000; object_iou=1.000,60
P086,10,gates-foyer-2019-01-17_0_image_0_pushing_001137_001236_H13_O1.mp4,2,3,3,JRDB,gates-foyer-2019-01-17_0,0,bicycle/scooter,gates-foyer-2019-01-17_0_image_0_pushing_001137_001236_H13_O1.mp4,https://1drv.ms/v/c/e14d2464c52103f1/IQAny4TcMTXRQ4u1_e7IDsikASsbGsTU3LD9bYWxZkdx4rE,A dark-clothed person near the right-side doorway pushes a bicycle or scooter in the foyer.,https://1drv.ms/i/c/e14d2464c52103f1/IQAj9IZeNn-MT6a_1nTQriohAfJ1t7E1FqYcmg7CsM7BDSg,hold,normal,small,open_space,none,,,VLM: hold; human_state=normal; object_property=small; spatial_context=open_space; risk_factor=none; selected_frame=26; gt_activity=pushing; human_iou=1.000; object_iou=1.000,26
P087,1,warehouse_3_event_21_plasticbox_0001_kick_001146_001163.mp4,2,44,71,Hunavsim,Warehouse,3,plasticbox_0001,warehouse_3_event_21_plasticbox_0001_kick_001146_001163.mp4,https://1drv.ms/v/c/e14d2464c52103f1/IQCcy2qFg0U_RIK8il8Wv2wDAfUSkzAQOcjXC04k29mT6fE,"A worker in a yellow safety vest or a light uniform kicks a plastic storage box beside the white warehouse wall, yellow forklift, stacked pallets, and blue rolling bins.",,,,,,,,,,
P087,2,warehouse_1_event_37_trashcan_0001_lifting_001655_001746.mp4,1,43,21,Hunavsim,Warehouse,1,trashcan_0001,warehouse_1_event_37_trashcan_0001_lifting_001655_001746.mp4,https://1drv.ms/v/c/e14d2464c52103f1/IQDeuLzmcq5_R4nfj1K3ZndUAQvzbXHmqYCq3E6bL8g9NqE,"A worker in a yellow safety vest or a light uniform lifts a trash can beside the white warehouse wall, yellow forklift, stacked pallets, and blue rolling bins.",,,,,,,,,,
P087,3,warehouse_3_event_42_largebox_0002_lift_002347_002619.mp4,5,45,84,Hunavsim,Warehouse,3,largebox_0002,warehouse_3_event_42_largebox_0002_lift_002347_002619.mp4,https://1drv.ms/v/c/e14d2464c52103f1/IQDsZrgSbhw1TrOXYJPqMde-Ad-ZFkGS2l5uMn4j8Yoc_Sc,"A person in a white or light gray outfit lifts a large cardboard box beside the white warehouse wall, yellow forklift, stacked pallets, and blue rolling bins.",,,,,,,,,,
P087,4,warehouse_1_event_09_tripod_0001_carrying_000267_000461.mp4,1,46,7,Hunavsim,Warehouse,1,tripod_0001,warehouse_1_event_09_tripod_0001_carrying_000267_000461.mp4,https://1drv.ms/v/c/e14d2464c52103f1/IQCEdxkiPiYITqre5snX0EOCAaai3UWXoHXAABL0Qqxn_x0,"A person in a dark outfit or purple pants carries a tripod in a yellow-and-white warehouse with a forklift, blue bins, pallets, and tall metal racks.",,,,,,,,,,
P087,5,office_1_event_27_suitcase_0001_carrying_001770_001816.mp4,3,66,153,Hunavsim,Office,1,suitcase_0001,office_1_event_27_suitcase_0001_carrying_001770_001816.mp4,https://1drv.ms/v/c/e14d2464c52103f1/IQCEULHiEX5EQ5YqSMa0iTdZAae-yDO9ebt8lXB-tPXGxXQ,"A person in dark clothing carries a suitcase in a meeting-style office with rows of chairs, desks, monitors, and a dark patterned carpet.",,,,,,,,,,
P087,6,hospital_1_event_06_trashcan_0001_lifting_000569_000624.mp4,3,48,102,Hunavsim,Hospital,1,trashcan_0001,hospital_1_event_06_trashcan_0001_lifting_000569_000624.mp4,https://1drv.ms/v/c/e14d2464c52103f1/IQDcaHgZ8Q21TpM23iulMwZNAbRaAfg7eQJb0OCKkts-MdQ,"A person in a dark top and shorts or gray pants lifts a trash can in a bright hospital corridor with white walls, blue doors, yellow caution signs, and medical equipment along the wall.",,,,,,,,,,
P087,7,office_1_event_62_monitor_0005_lifting_003037_003093.mp4,3,63,174,Hunavsim,Office,1,monitor_0005,office_1_event_62_monitor_0005_lifting_003037_003093.mp4,https://1drv.ms/v/c/e14d2464c52103f1/IQBc22WalonZRJRNiqTwzKhIAU4YOlr06R8Tt5wHa9OIxGg,"A person in a white or gray outfit lifts a computer monitor in a meeting-style office with rows of chairs, desks, monitors, and a dark patterned carpet.",,,,,,,,,,
P087,8,office_1_event_03_monitor_0001_lifting_000354_000393.mp4,2,59,132,Hunavsim,Office,1,monitor_0001,office_1_event_03_monitor_0001_lifting_000354_000393.mp4,https://1drv.ms/v/c/e14d2464c52103f1/IQCuBHBHMuhWQ5unrBZGTd8HAbnrWUtCphuTJHYabWKVLqY,"A person in a light shirt and dark pants lifts a computer monitor in an office lobby with a long table, monitors, large windows, potted plants, and patterned carpet.",,,,,,,,,,
P087,9,nvidia-aud-2019-04-18_2_image_2_carrying_000342_000441_H20_O13.mp4,1,9,12,JRDB,nvidia-aud-2019-04-18_2,2,bag,nvidia-aud-2019-04-18_2_image_2_carrying_000342_000441_H20_O13.mp4,https://1drv.ms/v/c/e14d2464c52103f1/IQCP_oKpMjJrQZzUi2LQAfJiAZnX03tDEv3xsEZHQFgYq0U,A dark-clothed person near the glass wall carries a blue bag-like item beside their leg.,https://1drv.ms/i/c/e14d2464c52103f1/IQBVMiGS6vhkRp1zokLHqxEWAQQsooyK2-BqyqBFk8gY2iQ,hold,normal,small,open_space,none,,,VLM: hold; human_state=normal; object_property=small; spatial_context=open_space; risk_factor=none; selected_frame=51; gt_activity=carrying; human_iou=0.560; object_iou=0.000,51
P087,10,gates-foyer-2019-01-17_0_image_0_pushing_001137_001236_H13_O1.mp4,3,3,3,JRDB,gates-foyer-2019-01-17_0,0,bicycle/scooter,gates-foyer-2019-01-17_0_image_0_pushing_001137_001236_H13_O1.mp4,https://1drv.ms/v/c/e14d2464c52103f1/IQAny4TcMTXRQ4u1_e7IDsikASsbGsTU3LD9bYWxZkdx4rE,A dark-clothed person near the right-side doorway pushes a bicycle or scooter in the foyer.,https://1drv.ms/i/c/e14d2464c52103f1/IQAj9IZeNn-MT6a_1nTQriohAfJ1t7E1FqYcmg7CsM7BDSg,hold,normal,small,open_space,none,,,VLM: hold; human_state=normal; object_property=small; spatial_context=open_space; risk_factor=none; selected_frame=26; gt_activity=pushing; human_iou=1.000; object_iou=1.000,26
P088,1,warehouse_3_event_21_plasticbox_0001_kick_001146_001163.mp4,3,44,71,Hunavsim,Warehouse,3,plasticbox_0001,warehouse_3_event_21_plasticbox_0001_kick_001146_001163.mp4,https://1drv.ms/v/c/e14d2464c52103f1/IQCcy2qFg0U_RIK8il8Wv2wDAfUSkzAQOcjXC04k29mT6fE,"A worker in a yellow safety vest or a light uniform kicks a plastic storage box beside the white warehouse wall, yellow forklift, stacked pallets, and blue rolling bins.",,,,,,,,,,
P088,2,warehouse_1_event_37_trashcan_0001_lifting_001655_001746.mp4,2,43,21,Hunavsim,Warehouse,1,trashcan_0001,warehouse_1_event_37_trashcan_0001_lifting_001655_001746.mp4,https://1drv.ms/v/c/e14d2464c52103f1/IQDeuLzmcq5_R4nfj1K3ZndUAQvzbXHmqYCq3E6bL8g9NqE,"A worker in a yellow safety vest or a light uniform lifts a trash can beside the white warehouse wall, yellow forklift, stacked pallets, and blue rolling bins.",,,,,,,,,,
P088,3,warehouse_3_event_60_largebox_0002_lift_002981_003041.mp4,1,45,93,Hunavsim,Warehouse,3,largebox_0002,warehouse_3_event_60_largebox_0002_lift_002981_003041.mp4,https://1drv.ms/v/c/e14d2464c52103f1/IQCSz-SuRTOdQ4VvuF4tB304AR8lqWp7gXoKF_IhV-pkU1g,"A worker in a purple shirt and jeans lifts a large cardboard box in the open warehouse aisle near pallet stacks, a yellow forklift, and industrial shelving.",,,,,,,,,,
P088,4,warehouse_1_event_09_tripod_0001_carrying_000267_000461.mp4,2,46,7,Hunavsim,Warehouse,1,tripod_0001,warehouse_1_event_09_tripod_0001_carrying_000267_000461.mp4,https://1drv.ms/v/c/e14d2464c52103f1/IQCEdxkiPiYITqre5snX0EOCAaai3UWXoHXAABL0Qqxn_x0,"A person in a dark outfit or purple pants carries a tripod in a yellow-and-white warehouse with a forklift, blue bins, pallets, and tall metal racks.",,,,,,,,,,
P088,5,office_1_event_27_suitcase_0001_carrying_001770_001816.mp4,4,66,153,Hunavsim,Office,1,suitcase_0001,office_1_event_27_suitcase_0001_carrying_001770_001816.mp4,https://1drv.ms/v/c/e14d2464c52103f1/IQCEULHiEX5EQ5YqSMa0iTdZAae-yDO9ebt8lXB-tPXGxXQ,"A person in dark clothing carries a suitcase in a meeting-style office with rows of chairs, desks, monitors, and a dark patterned carpet.",,,,,,,,,,
P088,6,hospital_1_event_06_trashcan_0001_lifting_000569_000624.mp4,4,48,102,Hunavsim,Hospital,1,trashcan_0001,hospital_1_event_06_trashcan_0001_lifting_000569_000624.mp4,https://1drv.ms/v/c/e14d2464c52103f1/IQDcaHgZ8Q21TpM23iulMwZNAbRaAfg7eQJb0OCKkts-MdQ,"A person in a dark top and shorts or gray pants lifts a trash can in a bright hospital corridor with white walls, blue doors, yellow caution signs, and medical equipment along the wall.",,,,,,,,,,
P088,7,office_1_event_62_monitor_0005_lifting_003037_003093.mp4,4,63,174,Hunavsim,Office,1,monitor_0005,office_1_event_62_monitor_0005_lifting_003037_003093.mp4,https://1drv.ms/v/c/e14d2464c52103f1/IQBc22WalonZRJRNiqTwzKhIAU4YOlr06R8Tt5wHa9OIxGg,"A person in a white or gray outfit lifts a computer monitor in a meeting-style office with rows of chairs, desks, monitors, and a dark patterned carpet.",,,,,,,,,,
P088,8,office_1_event_03_monitor_0001_lifting_000354_000393.mp4,3,59,132,Hunavsim,Office,1,monitor_0001,office_1_event_03_monitor_0001_lifting_000354_000393.mp4,https://1drv.ms/v/c/e14d2464c52103f1/IQCuBHBHMuhWQ5unrBZGTd8HAbnrWUtCphuTJHYabWKVLqY,"A person in a light shirt and dark pants lifts a computer monitor in an office lobby with a long table, monitors, large windows, potted plants, and patterned carpet.",,,,,,,,,,
P088,9,nvidia-aud-2019-04-18_2_image_2_carrying_000342_000441_H20_O13.mp4,2,9,12,JRDB,nvidia-aud-2019-04-18_2,2,bag,nvidia-aud-2019-04-18_2_image_2_carrying_000342_000441_H20_O13.mp4,https://1drv.ms/v/c/e14d2464c52103f1/IQCP_oKpMjJrQZzUi2LQAfJiAZnX03tDEv3xsEZHQFgYq0U,A dark-clothed person near the glass wall carries a blue bag-like item beside their leg.,https://1drv.ms/i/c/e14d2464c52103f1/IQBVMiGS6vhkRp1zokLHqxEWAQQsooyK2-BqyqBFk8gY2iQ,hold,normal,small,open_space,none,,,VLM: hold; human_state=normal; object_property=small; spatial_context=open_space; risk_factor=none; selected_frame=51; gt_activity=carrying; human_iou=0.560; object_iou=0.000,51
P088,10,gates-foyer-2019-01-17_0_image_0_pushing_001137_001236_H13_O1.mp4,4,3,3,JRDB,gates-foyer-2019-01-17_0,0,bicycle/scooter,gates-foyer-2019-01-17_0_image_0_pushing_001137_001236_H13_O1.mp4,https://1drv.ms/v/c/e14d2464c52103f1/IQAny4TcMTXRQ4u1_e7IDsikASsbGsTU3LD9bYWxZkdx4rE,A dark-clothed person near the right-side doorway pushes a bicycle or scooter in the foyer.,https://1drv.ms/i/c/e14d2464c52103f1/IQAj9IZeNn-MT6a_1nTQriohAfJ1t7E1FqYcmg7CsM7BDSg,hold,normal,small,open_space,none,,,VLM: hold; human_state=normal; object_property=small; spatial_context=open_space; risk_factor=none; selected_frame=26; gt_activity=pushing; human_iou=1.000; object_iou=1.000,26
P089,1,warehouse_3_event_21_plasticbox_0001_kick_001146_001163.mp4,4,44,71,Hunavsim,Warehouse,3,plasticbox_0001,warehouse_3_event_21_plasticbox_0001_kick_001146_001163.mp4,https://1drv.ms/v/c/e14d2464c52103f1/IQCcy2qFg0U_RIK8il8Wv2wDAfUSkzAQOcjXC04k29mT6fE,"A worker in a yellow safety vest or a light uniform kicks a plastic storage box beside the white warehouse wall, yellow forklift, stacked pallets, and blue rolling bins.",,,,,,,,,,
P089,2,warehouse_1_event_37_trashcan_0001_lifting_001655_001746.mp4,3,43,21,Hunavsim,Warehouse,1,trashcan_0001,warehouse_1_event_37_trashcan_0001_lifting_001655_001746.mp4,https://1drv.ms/v/c/e14d2464c52103f1/IQDeuLzmcq5_R4nfj1K3ZndUAQvzbXHmqYCq3E6bL8g9NqE,"A worker in a yellow safety vest or a light uniform lifts a trash can beside the white warehouse wall, yellow forklift, stacked pallets, and blue rolling bins.",,,,,,,,,,
P089,3,warehouse_3_event_60_largebox_0002_lift_002981_003041.mp4,2,45,93,Hunavsim,Warehouse,3,largebox_0002,warehouse_3_event_60_largebox_0002_lift_002981_003041.mp4,https://1drv.ms/v/c/e14d2464c52103f1/IQCSz-SuRTOdQ4VvuF4tB304AR8lqWp7gXoKF_IhV-pkU1g,"A worker in a purple shirt and jeans lifts a large cardboard box in the open warehouse aisle near pallet stacks, a yellow forklift, and industrial shelving.",,,,,,,,,,
P089,4,warehouse_1_event_09_tripod_0001_carrying_000267_000461.mp4,3,46,7,Hunavsim,Warehouse,1,tripod_0001,warehouse_1_event_09_tripod_0001_carrying_000267_000461.mp4,https://1drv.ms/v/c/e14d2464c52103f1/IQCEdxkiPiYITqre5snX0EOCAaai3UWXoHXAABL0Qqxn_x0,"A person in a dark outfit or purple pants carries a tripod in a yellow-and-white warehouse with a forklift, blue bins, pallets, and tall metal racks.",,,,,,,,,,
P089,5,office_1_event_27_suitcase_0001_carrying_001770_001816.mp4,5,66,153,Hunavsim,Office,1,suitcase_0001,office_1_event_27_suitcase_0001_carrying_001770_001816.mp4,https://1drv.ms/v/c/e14d2464c52103f1/IQCEULHiEX5EQ5YqSMa0iTdZAae-yDO9ebt8lXB-tPXGxXQ,"A person in dark clothing carries a suitcase in a meeting-style office with rows of chairs, desks, monitors, and a dark patterned carpet.",,,,,,,,,,
P089,6,hospital_1_event_06_trashcan_0001_lifting_000569_000624.mp4,5,48,102,Hunavsim,Hospital,1,trashcan_0001,hospital_1_event_06_trashcan_0001_lifting_000569_000624.mp4,https://1drv.ms/v/c/e14d2464c52103f1/IQDcaHgZ8Q21TpM23iulMwZNAbRaAfg7eQJb0OCKkts-MdQ,"A person in a dark top and shorts or gray pants lifts a trash can in a bright hospital corridor with white walls, blue doors, yellow caution signs, and medical equipment along the wall.",,,,,,,,,,
P089,7,office_1_event_62_monitor_0005_lifting_003037_003093.mp4,5,63,174,Hunavsim,Office,1,monitor_0005,office_1_event_62_monitor_0005_lifting_003037_003093.mp4,https://1drv.ms/v/c/e14d2464c52103f1/IQBc22WalonZRJRNiqTwzKhIAU4YOlr06R8Tt5wHa9OIxGg,"A person in a white or gray outfit lifts a computer monitor in a meeting-style office with rows of chairs, desks, monitors, and a dark patterned carpet.",,,,,,,,,,
P089,8,office_1_event_03_monitor_0001_lifting_000354_000393.mp4,4,59,132,Hunavsim,Office,1,monitor_0001,office_1_event_03_monitor_0001_lifting_000354_000393.mp4,https://1drv.ms/v/c/e14d2464c52103f1/IQCuBHBHMuhWQ5unrBZGTd8HAbnrWUtCphuTJHYabWKVLqY,"A person in a light shirt and dark pants lifts a computer monitor in an office lobby with a long table, monitors, large windows, potted plants, and patterned carpet.",,,,,,,,,,
P089,9,nvidia-aud-2019-04-18_2_image_2_carrying_000342_000441_H20_O13.mp4,3,9,12,JRDB,nvidia-aud-2019-04-18_2,2,bag,nvidia-aud-2019-04-18_2_image_2_carrying_000342_000441_H20_O13.mp4,https://1drv.ms/v/c/e14d2464c52103f1/IQCP_oKpMjJrQZzUi2LQAfJiAZnX03tDEv3xsEZHQFgYq0U,A dark-clothed person near the glass wall carries a blue bag-like item beside their leg.,https://1drv.ms/i/c/e14d2464c52103f1/IQBVMiGS6vhkRp1zokLHqxEWAQQsooyK2-BqyqBFk8gY2iQ,hold,normal,small,open_space,none,,,VLM: hold; human_state=normal; object_property=small; spatial_context=open_space; risk_factor=none; selected_frame=51; gt_activity=carrying; human_iou=0.560; object_iou=0.000,51
P089,10,gates-foyer-2019-01-17_0_image_0_pushing_001137_001236_H13_O1.mp4,5,3,3,JRDB,gates-foyer-2019-01-17_0,0,bicycle/scooter,gates-foyer-2019-01-17_0_image_0_pushing_001137_001236_H13_O1.mp4,https://1drv.ms/v/c/e14d2464c52103f1/IQAny4TcMTXRQ4u1_e7IDsikASsbGsTU3LD9bYWxZkdx4rE,A dark-clothed person near the right-side doorway pushes a bicycle or scooter in the foyer.,https://1drv.ms/i/c/e14d2464c52103f1/IQAj9IZeNn-MT6a_1nTQriohAfJ1t7E1FqYcmg7CsM7BDSg,hold,normal,small,open_space,none,,,VLM: hold; human_state=normal; object_property=small; spatial_context=open_space; risk_factor=none; selected_frame=26; gt_activity=pushing; human_iou=1.000; object_iou=1.000,26
P090,1,warehouse_3_event_21_plasticbox_0001_kick_001146_001163.mp4,5,44,71,Hunavsim,Warehouse,3,plasticbox_0001,warehouse_3_event_21_plasticbox_0001_kick_001146_001163.mp4,https://1drv.ms/v/c/e14d2464c52103f1/IQCcy2qFg0U_RIK8il8Wv2wDAfUSkzAQOcjXC04k29mT6fE,"A worker in a yellow safety vest or a light uniform kicks a plastic storage box beside the white warehouse wall, yellow forklift, stacked pallets, and blue rolling bins.",,,,,,,,,,
P090,2,warehouse_1_event_37_trashcan_0001_lifting_001655_001746.mp4,4,43,21,Hunavsim,Warehouse,1,trashcan_0001,warehouse_1_event_37_trashcan_0001_lifting_001655_001746.mp4,https://1drv.ms/v/c/e14d2464c52103f1/IQDeuLzmcq5_R4nfj1K3ZndUAQvzbXHmqYCq3E6bL8g9NqE,"A worker in a yellow safety vest or a light uniform lifts a trash can beside the white warehouse wall, yellow forklift, stacked pallets, and blue rolling bins.",,,,,,,,,,
P090,3,warehouse_3_event_60_largebox_0002_lift_002981_003041.mp4,3,45,93,Hunavsim,Warehouse,3,largebox_0002,warehouse_3_event_60_largebox_0002_lift_002981_003041.mp4,https://1drv.ms/v/c/e14d2464c52103f1/IQCSz-SuRTOdQ4VvuF4tB304AR8lqWp7gXoKF_IhV-pkU1g,"A worker in a purple shirt and jeans lifts a large cardboard box in the open warehouse aisle near pallet stacks, a yellow forklift, and industrial shelving.",,,,,,,,,,
P090,4,warehouse_1_event_09_tripod_0001_carrying_000267_000461.mp4,4,46,7,Hunavsim,Warehouse,1,tripod_0001,warehouse_1_event_09_tripod_0001_carrying_000267_000461.mp4,https://1drv.ms/v/c/e14d2464c52103f1/IQCEdxkiPiYITqre5snX0EOCAaai3UWXoHXAABL0Qqxn_x0,"A person in a dark outfit or purple pants carries a tripod in a yellow-and-white warehouse with a forklift, blue bins, pallets, and tall metal racks.",,,,,,,,,,
P090,5,office_1_event_27_suitcase_0001_putting_down_001817_001833.mp4,1,66,154,Hunavsim,Office,1,suitcase_0001,office_1_event_27_suitcase_0001_putting_down_001817_001833.mp4,https://1drv.ms/v/c/e14d2464c52103f1/IQBGsrY95WfuQrs3vf8aDgjBAc8B3myNZLshRpktbo6LG8M,"A person in dark clothing puts down a suitcase in a meeting-style office with rows of chairs, desks, monitors, and a dark patterned carpet.",,,,,,,,,,
P090,6,hospital_1_event_11_trashcan_0001_putting_down_001006_001029.mp4,1,48,110,Hunavsim,Hospital,1,trashcan_0001,hospital_1_event_11_trashcan_0001_putting_down_001006_001029.mp4,https://1drv.ms/v/c/e14d2464c52103f1/IQC8Hl1ESIsdSpMZnB3Y9W5OASpptFXwaAkoiTciGMceMd4,"A person in dark clothing near the hospital wall puts down a trash can in a hospital hallway with windows, yellow railings, benches, and blue storage carts.",,,,,,,,,,
P090,7,office_1_event_62_monitor_0005_placing_003094_003115.mp4,1,63,175,Hunavsim,Office,1,monitor_0005,office_1_event_62_monitor_0005_placing_003094_003115.mp4,https://1drv.ms/v/c/e14d2464c52103f1/IQDbrq7Gne3KSYsGvNoentQrATIW28ZzJPvJeL8M0VdMftw,"A person in a white or gray outfit places a computer monitor in a meeting-style office with rows of chairs, desks, monitors, and a dark patterned carpet.",,,,,,,,,,
P090,8,office_1_event_03_monitor_0001_lifting_000354_000393.mp4,5,59,132,Hunavsim,Office,1,monitor_0001,office_1_event_03_monitor_0001_lifting_000354_000393.mp4,https://1drv.ms/v/c/e14d2464c52103f1/IQCuBHBHMuhWQ5unrBZGTd8HAbnrWUtCphuTJHYabWKVLqY,"A person in a light shirt and dark pants lifts a computer monitor in an office lobby with a long table, monitors, large windows, potted plants, and patterned carpet.",,,,,,,,,,
P090,9,nvidia-aud-2019-04-18_2_image_2_carrying_000342_000441_H20_O13.mp4,4,9,12,JRDB,nvidia-aud-2019-04-18_2,2,bag,nvidia-aud-2019-04-18_2_image_2_carrying_000342_000441_H20_O13.mp4,https://1drv.ms/v/c/e14d2464c52103f1/IQCP_oKpMjJrQZzUi2LQAfJiAZnX03tDEv3xsEZHQFgYq0U,A dark-clothed person near the glass wall carries a blue bag-like item beside their leg.,https://1drv.ms/i/c/e14d2464c52103f1/IQBVMiGS6vhkRp1zokLHqxEWAQQsooyK2-BqyqBFk8gY2iQ,hold,normal,small,open_space,none,,,VLM: hold; human_state=normal; object_property=small; spatial_context=open_space; risk_factor=none; selected_frame=51; gt_activity=carrying; human_iou=0.560; object_iou=0.000,51
P090,10,svl-meeting-gates-2-2019-04-08_0_image_8_pushing_000378_000492_H3_O10.mp4,1,34,40,JRDB,svl-meeting-gates-2-2019-04-08_0,8,chair,svl-meeting-gates-2-2019-04-08_0_image_8_pushing_000378_000492_H3_O10.mp4,https://1drv.ms/v/c/e14d2464c52103f1/IQAm_mbzzt9GTJLIYKnKYnhbAXN5kRa_cbDJiLpACy5RCmM,A man in a black polo pushes a chair down the aisle of a meeting room.,https://1drv.ms/i/c/e14d2464c52103f1/IQC8CSvFRZ6-RphJl26KBy9CAaSt_GJGVfIhWxpEXXcQ-Rw,push,strained,large,narrow_corridor,object_motion_risk,,,VLM: push; human_state=strained; object_property=large; spatial_context=narrow_corridor; risk_factor=object_motion_risk; selected_frame=59; gt_activity=pushing; human_iou=0.972; object_iou=0.848,59
P091,1,warehouse_3_event_26_plasticbox_0001_carrying_001327_001413.mp4,1,44,73,Hunavsim,Warehouse,3,plasticbox_0001,warehouse_3_event_26_plasticbox_0001_carrying_001327_001413.mp4,https://1drv.ms/v/c/e14d2464c52103f1/IQAZrfLFtYfQTL5j9vZs0a31AfV-0r1EmlltqZhEeLZ2trY,"A worker in a yellow safety vest or a light uniform carries a plastic storage box beside the white warehouse wall, yellow forklift, stacked pallets, and blue rolling bins.",,,,,,,,,,
P091,2,warehouse_1_event_37_trashcan_0001_lifting_001655_001746.mp4,5,43,21,Hunavsim,Warehouse,1,trashcan_0001,warehouse_1_event_37_trashcan_0001_lifting_001655_001746.mp4,https://1drv.ms/v/c/e14d2464c52103f1/IQDeuLzmcq5_R4nfj1K3ZndUAQvzbXHmqYCq3E6bL8g9NqE,"A worker in a yellow safety vest or a light uniform lifts a trash can beside the white warehouse wall, yellow forklift, stacked pallets, and blue rolling bins.",,,,,,,,,,
P091,3,warehouse_3_event_60_largebox_0002_lift_002981_003041.mp4,4,45,93,Hunavsim,Warehouse,3,largebox_0002,warehouse_3_event_60_largebox_0002_lift_002981_003041.mp4,https://1drv.ms/v/c/e14d2464c52103f1/IQCSz-SuRTOdQ4VvuF4tB304AR8lqWp7gXoKF_IhV-pkU1g,"A worker in a purple shirt and jeans lifts a large cardboard box in the open warehouse aisle near pallet stacks, a yellow forklift, and industrial shelving.",,,,,,,,,,
P091,4,warehouse_1_event_09_tripod_0001_carrying_000267_000461.mp4,5,46,7,Hunavsim,Warehouse,1,tripod_0001,warehouse_1_event_09_tripod_0001_carrying_000267_000461.mp4,https://1drv.ms/v/c/e14d2464c52103f1/IQCEdxkiPiYITqre5snX0EOCAaai3UWXoHXAABL0Qqxn_x0,"A person in a dark outfit or purple pants carries a tripod in a yellow-and-white warehouse with a forklift, blue bins, pallets, and tall metal racks.",,,,,,,,,,
P091,5,office_1_event_27_suitcase_0001_putting_down_001817_001833.mp4,2,66,154,Hunavsim,Office,1,suitcase_0001,office_1_event_27_suitcase_0001_putting_down_001817_001833.mp4,https://1drv.ms/v/c/e14d2464c52103f1/IQBGsrY95WfuQrs3vf8aDgjBAc8B3myNZLshRpktbo6LG8M,"A person in dark clothing puts down a suitcase in a meeting-style office with rows of chairs, desks, monitors, and a dark patterned carpet.",,,,,,,,,,
P091,6,hospital_1_event_11_trashcan_0001_putting_down_001006_001029.mp4,2,48,110,Hunavsim,Hospital,1,trashcan_0001,hospital_1_event_11_trashcan_0001_putting_down_001006_001029.mp4,https://1drv.ms/v/c/e14d2464c52103f1/IQC8Hl1ESIsdSpMZnB3Y9W5OASpptFXwaAkoiTciGMceMd4,"A person in dark clothing near the hospital wall puts down a trash can in a hospital hallway with windows, yellow railings, benches, and blue storage carts.",,,,,,,,,,
P091,7,office_1_event_62_monitor_0005_placing_003094_003115.mp4,2,63,175,Hunavsim,Office,1,monitor_0005,office_1_event_62_monitor_0005_placing_003094_003115.mp4,https://1drv.ms/v/c/e14d2464c52103f1/IQDbrq7Gne3KSYsGvNoentQrATIW28ZzJPvJeL8M0VdMftw,"A person in a white or gray outfit places a computer monitor in a meeting-style office with rows of chairs, desks, monitors, and a dark patterned carpet.",,,,,,,,,,
P091,8,office_1_event_03_monitor_0001_putting_down_000394_000448.mp4,1,59,133,Hunavsim,Office,1,monitor_0001,office_1_event_03_monitor_0001_putting_down_000394_000448.mp4,https://1drv.ms/v/c/e14d2464c52103f1/IQCpKjTAqryhSa-acVZxCfEvAdQLSH6NknBcYDMZQUaxEiI,"A person in a light shirt and dark pants puts down a computer monitor in an office lobby with a long table, monitors, large windows, potted plants, and patterned carpet.",,,,,,,,,,
P091,9,nvidia-aud-2019-04-18_2_image_2_carrying_000342_000441_H20_O13.mp4,5,9,12,JRDB,nvidia-aud-2019-04-18_2,2,bag,nvidia-aud-2019-04-18_2_image_2_carrying_000342_000441_H20_O13.mp4,https://1drv.ms/v/c/e14d2464c52103f1/IQCP_oKpMjJrQZzUi2LQAfJiAZnX03tDEv3xsEZHQFgYq0U,A dark-clothed person near the glass wall carries a blue bag-like item beside their leg.,https://1drv.ms/i/c/e14d2464c52103f1/IQBVMiGS6vhkRp1zokLHqxEWAQQsooyK2-BqyqBFk8gY2iQ,hold,normal,small,open_space,none,,,VLM: hold; human_state=normal; object_property=small; spatial_context=open_space; risk_factor=none; selected_frame=51; gt_activity=carrying; human_iou=0.560; object_iou=0.000,51
P091,10,svl-meeting-gates-2-2019-04-08_0_image_8_pushing_000378_000492_H3_O10.mp4,2,34,40,JRDB,svl-meeting-gates-2-2019-04-08_0,8,chair,svl-meeting-gates-2-2019-04-08_0_image_8_pushing_000378_000492_H3_O10.mp4,https://1drv.ms/v/c/e14d2464c52103f1/IQAm_mbzzt9GTJLIYKnKYnhbAXN5kRa_cbDJiLpACy5RCmM,A man in a black polo pushes a chair down the aisle of a meeting room.,https://1drv.ms/i/c/e14d2464c52103f1/IQC8CSvFRZ6-RphJl26KBy9CAaSt_GJGVfIhWxpEXXcQ-Rw,push,strained,large,narrow_corridor,object_motion_risk,,,VLM: push; human_state=strained; object_property=large; spatial_context=narrow_corridor; risk_factor=object_motion_risk; selected_frame=59; gt_activity=pushing; human_iou=0.972; object_iou=0.848,59
P092,1,warehouse_3_event_26_plasticbox_0001_carrying_001327_001413.mp4,2,44,73,Hunavsim,Warehouse,3,plasticbox_0001,warehouse_3_event_26_plasticbox_0001_carrying_001327_001413.mp4,https://1drv.ms/v/c/e14d2464c52103f1/IQAZrfLFtYfQTL5j9vZs0a31AfV-0r1EmlltqZhEeLZ2trY,"A worker in a yellow safety vest or a light uniform carries a plastic storage box beside the white warehouse wall, yellow forklift, stacked pallets, and blue rolling bins.",,,,,,,,,,
P092,2,warehouse_1_event_37_trashcan_0001_carrying_001747_001816.mp4,1,43,22,Hunavsim,Warehouse,1,trashcan_0001,warehouse_1_event_37_trashcan_0001_carrying_001747_001816.mp4,https://1drv.ms/v/c/e14d2464c52103f1/IQC65G7Fw3NQSIsB1TKecfH8AYrTumgaLshzx-MZPJ-zxzU,"A person in a white or light gray outfit carries a trash can beside the white warehouse wall, yellow forklift, stacked pallets, and blue rolling bins.",,,,,,,,,,
P092,3,warehouse_3_event_60_largebox_0002_lift_002981_003041.mp4,5,45,93,Hunavsim,Warehouse,3,largebox_0002,warehouse_3_event_60_largebox_0002_lift_002981_003041.mp4,https://1drv.ms/v/c/e14d2464c52103f1/IQCSz-SuRTOdQ4VvuF4tB304AR8lqWp7gXoKF_IhV-pkU1g,"A worker in a purple shirt and jeans lifts a large cardboard box in the open warehouse aisle near pallet stacks, a yellow forklift, and industrial shelving.",,,,,,,,,,
P092,4,warehouse_1_event_09_tripod_0001_putting_down_000462_000505.mp4,1,46,8,Hunavsim,Warehouse,1,tripod_0001,warehouse_1_event_09_tripod_0001_putting_down_000462_000505.mp4,https://1drv.ms/v/c/e14d2464c52103f1/IQDo4hWProjBSbbarb7RI1oSAQVXuSfxOCoWGPi5o8obk5k,"A person in a dark outfit or purple pants puts down a tripod in a yellow-and-white warehouse with a forklift, blue bins, pallets, and tall metal racks.",,,,,,,,,,
P092,5,office_1_event_27_suitcase_0001_putting_down_001817_001833.mp4,3,66,154,Hunavsim,Office,1,suitcase_0001,office_1_event_27_suitcase_0001_putting_down_001817_001833.mp4,https://1drv.ms/v/c/e14d2464c52103f1/IQBGsrY95WfuQrs3vf8aDgjBAc8B3myNZLshRpktbo6LG8M,"A person in dark clothing puts down a suitcase in a meeting-style office with rows of chairs, desks, monitors, and a dark patterned carpet.",,,,,,,,,,
P092,6,hospital_1_event_11_trashcan_0001_putting_down_001006_001029.mp4,3,48,110,Hunavsim,Hospital,1,trashcan_0001,hospital_1_event_11_trashcan_0001_putting_down_001006_001029.mp4,https://1drv.ms/v/c/e14d2464c52103f1/IQC8Hl1ESIsdSpMZnB3Y9W5OASpptFXwaAkoiTciGMceMd4,"A person in dark clothing near the hospital wall puts down a trash can in a hospital hallway with windows, yellow railings, benches, and blue storage carts.",,,,,,,,,,
P092,7,office_1_event_62_monitor_0005_placing_003094_003115.mp4,3,63,175,Hunavsim,Office,1,monitor_0005,office_1_event_62_monitor_0005_placing_003094_003115.mp4,https://1drv.ms/v/c/e14d2464c52103f1/IQDbrq7Gne3KSYsGvNoentQrATIW28ZzJPvJeL8M0VdMftw,"A person in a white or gray outfit places a computer monitor in a meeting-style office with rows of chairs, desks, monitors, and a dark patterned carpet.",,,,,,,,,,
P092,8,office_1_event_03_monitor_0001_putting_down_000394_000448.mp4,2,59,133,Hunavsim,Office,1,monitor_0001,office_1_event_03_monitor_0001_putting_down_000394_000448.mp4,https://1drv.ms/v/c/e14d2464c52103f1/IQCpKjTAqryhSa-acVZxCfEvAdQLSH6NknBcYDMZQUaxEiI,"A person in a light shirt and dark pants puts down a computer monitor in an office lobby with a long table, monitors, large windows, potted plants, and patterned carpet.",,,,,,,,,,
P092,9,gates-foyer-2019-01-17_0_image_0_opening_000000_000015_H3_O2.mp4,1,1,1,JRDB,gates-foyer-2019-01-17_0,0,door,gates-foyer-2019-01-17_0_image_0_opening_000000_000015_H3_O2.mp4,https://1drv.ms/v/c/e14d2464c52103f1/IQA7hID_5kZdTaDAho9RSGUvAQm7usK2N7piMnFjByHx4l4,"A man in a black cap, dark jacket, and light pants opens a large door on the left side of the foyer.",https://1drv.ms/i/c/e14d2464c52103f1/IQA9XLJfbmBoRoVzvAr4UXzhASuF4KswdDUELKgeCnBpuMQ,hold,normal,large,narrow_corridor,none,,,VLM: hold; human_state=normal; object_property=large; spatial_context=narrow_corridor; risk_factor=none; selected_frame=5; gt_activity=opening; human_iou=0.984; object_iou=0.093,5
P092,10,svl-meeting-gates-2-2019-04-08_0_image_8_pushing_000378_000492_H3_O10.mp4,3,34,40,JRDB,svl-meeting-gates-2-2019-04-08_0,8,chair,svl-meeting-gates-2-2019-04-08_0_image_8_pushing_000378_000492_H3_O10.mp4,https://1drv.ms/v/c/e14d2464c52103f1/IQAm_mbzzt9GTJLIYKnKYnhbAXN5kRa_cbDJiLpACy5RCmM,A man in a black polo pushes a chair down the aisle of a meeting room.,https://1drv.ms/i/c/e14d2464c52103f1/IQC8CSvFRZ6-RphJl26KBy9CAaSt_GJGVfIhWxpEXXcQ-Rw,push,strained,large,narrow_corridor,object_motion_risk,,,VLM: push; human_state=strained; object_property=large; spatial_context=narrow_corridor; risk_factor=object_motion_risk; selected_frame=59; gt_activity=pushing; human_iou=0.972; object_iou=0.848,59
P093,1,warehouse_3_event_26_plasticbox_0001_carrying_001327_001413.mp4,3,44,73,Hunavsim,Warehouse,3,plasticbox_0001,warehouse_3_event_26_plasticbox_0001_carrying_001327_001413.mp4,https://1drv.ms/v/c/e14d2464c52103f1/IQAZrfLFtYfQTL5j9vZs0a31AfV-0r1EmlltqZhEeLZ2trY,"A worker in a yellow safety vest or a light uniform carries a plastic storage box beside the white warehouse wall, yellow forklift, stacked pallets, and blue rolling bins.",,,,,,,,,,
P093,2,warehouse_1_event_37_trashcan_0001_carrying_001747_001816.mp4,2,43,22,Hunavsim,Warehouse,1,trashcan_0001,warehouse_1_event_37_trashcan_0001_carrying_001747_001816.mp4,https://1drv.ms/v/c/e14d2464c52103f1/IQC65G7Fw3NQSIsB1TKecfH8AYrTumgaLshzx-MZPJ-zxzU,"A person in a white or light gray outfit carries a trash can beside the white warehouse wall, yellow forklift, stacked pallets, and blue rolling bins.",,,,,,,,,,
P093,3,warehouse_3_event_62_largebox_0002_carrying_003256_003331.mp4,1,45,95,Hunavsim,Warehouse,3,largebox_0002,warehouse_3_event_62_largebox_0002_carrying_003256_003331.mp4,https://1drv.ms/v/c/e14d2464c52103f1/IQB877YEWcOLRYlOT2r2kXgkAdd5ifitn8A-emkKXfwrjD8,"A worker in a purple shirt and jeans carries a large cardboard box in the open warehouse aisle near pallet stacks, a yellow forklift, and industrial shelving.",,,,,,,,,,
P093,4,warehouse_1_event_09_tripod_0001_putting_down_000462_000505.mp4,2,46,8,Hunavsim,Warehouse,1,tripod_0001,warehouse_1_event_09_tripod_0001_putting_down_000462_000505.mp4,https://1drv.ms/v/c/e14d2464c52103f1/IQDo4hWProjBSbbarb7RI1oSAQVXuSfxOCoWGPi5o8obk5k,"A person in a dark outfit or purple pants puts down a tripod in a yellow-and-white warehouse with a forklift, blue bins, pallets, and tall metal racks.",,,,,,,,,,
P093,5,office_1_event_27_suitcase_0001_putting_down_001817_001833.mp4,4,66,154,Hunavsim,Office,1,suitcase_0001,office_1_event_27_suitcase_0001_putting_down_001817_001833.mp4,https://1drv.ms/v/c/e14d2464c52103f1/IQBGsrY95WfuQrs3vf8aDgjBAc8B3myNZLshRpktbo6LG8M,"A person in dark clothing puts down a suitcase in a meeting-style office with rows of chairs, desks, monitors, and a dark patterned carpet.",,,,,,,,,,
P093,6,hospital_1_event_11_trashcan_0001_putting_down_001006_001029.mp4,4,48,110,Hunavsim,Hospital,1,trashcan_0001,hospital_1_event_11_trashcan_0001_putting_down_001006_001029.mp4,https://1drv.ms/v/c/e14d2464c52103f1/IQC8Hl1ESIsdSpMZnB3Y9W5OASpptFXwaAkoiTciGMceMd4,"A person in dark clothing near the hospital wall puts down a trash can in a hospital hallway with windows, yellow railings, benches, and blue storage carts.",,,,,,,,,,
P093,7,office_1_event_62_monitor_0005_placing_003094_003115.mp4,4,63,175,Hunavsim,Office,1,monitor_0005,office_1_event_62_monitor_0005_placing_003094_003115.mp4,https://1drv.ms/v/c/e14d2464c52103f1/IQDbrq7Gne3KSYsGvNoentQrATIW28ZzJPvJeL8M0VdMftw,"A person in a white or gray outfit places a computer monitor in a meeting-style office with rows of chairs, desks, monitors, and a dark patterned carpet.",,,,,,,,,,
P093,8,office_1_event_03_monitor_0001_putting_down_000394_000448.mp4,3,59,133,Hunavsim,Office,1,monitor_0001,office_1_event_03_monitor_0001_putting_down_000394_000448.mp4,https://1drv.ms/v/c/e14d2464c52103f1/IQCpKjTAqryhSa-acVZxCfEvAdQLSH6NknBcYDMZQUaxEiI,"A person in a light shirt and dark pants puts down a computer monitor in an office lobby with a long table, monitors, large windows, potted plants, and patterned carpet.",,,,,,,,,,
P093,9,gates-foyer-2019-01-17_0_image_0_opening_000000_000015_H3_O2.mp4,2,1,1,JRDB,gates-foyer-2019-01-17_0,0,door,gates-foyer-2019-01-17_0_image_0_opening_000000_000015_H3_O2.mp4,https://1drv.ms/v/c/e14d2464c52103f1/IQA7hID_5kZdTaDAho9RSGUvAQm7usK2N7piMnFjByHx4l4,"A man in a black cap, dark jacket, and light pants opens a large door on the left side of the foyer.",https://1drv.ms/i/c/e14d2464c52103f1/IQA9XLJfbmBoRoVzvAr4UXzhASuF4KswdDUELKgeCnBpuMQ,hold,normal,large,narrow_corridor,none,,,VLM: hold; human_state=normal; object_property=large; spatial_context=narrow_corridor; risk_factor=none; selected_frame=5; gt_activity=opening; human_iou=0.984; object_iou=0.093,5
P093,10,svl-meeting-gates-2-2019-04-08_0_image_8_pushing_000378_000492_H3_O10.mp4,4,34,40,JRDB,svl-meeting-gates-2-2019-04-08_0,8,chair,svl-meeting-gates-2-2019-04-08_0_image_8_pushing_000378_000492_H3_O10.mp4,https://1drv.ms/v/c/e14d2464c52103f1/IQAm_mbzzt9GTJLIYKnKYnhbAXN5kRa_cbDJiLpACy5RCmM,A man in a black polo pushes a chair down the aisle of a meeting room.,https://1drv.ms/i/c/e14d2464c52103f1/IQC8CSvFRZ6-RphJl26KBy9CAaSt_GJGVfIhWxpEXXcQ-Rw,push,strained,large,narrow_corridor,object_motion_risk,,,VLM: push; human_state=strained; object_property=large; spatial_context=narrow_corridor; risk_factor=object_motion_risk; selected_frame=59; gt_activity=pushing; human_iou=0.972; object_iou=0.848,59
P094,1,warehouse_3_event_26_plasticbox_0001_carrying_001327_001413.mp4,4,44,73,Hunavsim,Warehouse,3,plasticbox_0001,warehouse_3_event_26_plasticbox_0001_carrying_001327_001413.mp4,https://1drv.ms/v/c/e14d2464c52103f1/IQAZrfLFtYfQTL5j9vZs0a31AfV-0r1EmlltqZhEeLZ2trY,"A worker in a yellow safety vest or a light uniform carries a plastic storage box beside the white warehouse wall, yellow forklift, stacked pallets, and blue rolling bins.",,,,,,,,,,
P094,2,warehouse_1_event_37_trashcan_0001_carrying_001747_001816.mp4,3,43,22,Hunavsim,Warehouse,1,trashcan_0001,warehouse_1_event_37_trashcan_0001_carrying_001747_001816.mp4,https://1drv.ms/v/c/e14d2464c52103f1/IQC65G7Fw3NQSIsB1TKecfH8AYrTumgaLshzx-MZPJ-zxzU,"A person in a white or light gray outfit carries a trash can beside the white warehouse wall, yellow forklift, stacked pallets, and blue rolling bins.",,,,,,,,,,
P094,3,warehouse_3_event_62_largebox_0002_carrying_003256_003331.mp4,2,45,95,Hunavsim,Warehouse,3,largebox_0002,warehouse_3_event_62_largebox_0002_carrying_003256_003331.mp4,https://1drv.ms/v/c/e14d2464c52103f1/IQB877YEWcOLRYlOT2r2kXgkAdd5ifitn8A-emkKXfwrjD8,"A worker in a purple shirt and jeans carries a large cardboard box in the open warehouse aisle near pallet stacks, a yellow forklift, and industrial shelving.",,,,,,,,,,
P094,4,warehouse_1_event_09_tripod_0001_putting_down_000462_000505.mp4,3,46,8,Hunavsim,Warehouse,1,tripod_0001,warehouse_1_event_09_tripod_0001_putting_down_000462_000505.mp4,https://1drv.ms/v/c/e14d2464c52103f1/IQDo4hWProjBSbbarb7RI1oSAQVXuSfxOCoWGPi5o8obk5k,"A person in a dark outfit or purple pants puts down a tripod in a yellow-and-white warehouse with a forklift, blue bins, pallets, and tall metal racks.",,,,,,,,,,
P094,5,office_1_event_27_suitcase_0001_putting_down_001817_001833.mp4,5,66,154,Hunavsim,Office,1,suitcase_0001,office_1_event_27_suitcase_0001_putting_down_001817_001833.mp4,https://1drv.ms/v/c/e14d2464c52103f1/IQBGsrY95WfuQrs3vf8aDgjBAc8B3myNZLshRpktbo6LG8M,"A person in dark clothing puts down a suitcase in a meeting-style office with rows of chairs, desks, monitors, and a dark patterned carpet.",,,,,,,,,,
P094,6,hospital_1_event_11_trashcan_0001_putting_down_001006_001029.mp4,5,48,110,Hunavsim,Hospital,1,trashcan_0001,hospital_1_event_11_trashcan_0001_putting_down_001006_001029.mp4,https://1drv.ms/v/c/e14d2464c52103f1/IQC8Hl1ESIsdSpMZnB3Y9W5OASpptFXwaAkoiTciGMceMd4,"A person in dark clothing near the hospital wall puts down a trash can in a hospital hallway with windows, yellow railings, benches, and blue storage carts.",,,,,,,,,,
P094,7,office_1_event_62_monitor_0005_placing_003094_003115.mp4,5,63,175,Hunavsim,Office,1,monitor_0005,office_1_event_62_monitor_0005_placing_003094_003115.mp4,https://1drv.ms/v/c/e14d2464c52103f1/IQDbrq7Gne3KSYsGvNoentQrATIW28ZzJPvJeL8M0VdMftw,"A person in a white or gray outfit places a computer monitor in a meeting-style office with rows of chairs, desks, monitors, and a dark patterned carpet.",,,,,,,,,,
P094,8,office_1_event_03_monitor_0001_putting_down_000394_000448.mp4,4,59,133,Hunavsim,Office,1,monitor_0001,office_1_event_03_monitor_0001_putting_down_000394_000448.mp4,https://1drv.ms/v/c/e14d2464c52103f1/IQCpKjTAqryhSa-acVZxCfEvAdQLSH6NknBcYDMZQUaxEiI,"A person in a light shirt and dark pants puts down a computer monitor in an office lobby with a long table, monitors, large windows, potted plants, and patterned carpet.",,,,,,,,,,
P094,9,gates-foyer-2019-01-17_0_image_0_opening_000000_000015_H3_O2.mp4,3,1,1,JRDB,gates-foyer-2019-01-17_0,0,door,gates-foyer-2019-01-17_0_image_0_opening_000000_000015_H3_O2.mp4,https://1drv.ms/v/c/e14d2464c52103f1/IQA7hID_5kZdTaDAho9RSGUvAQm7usK2N7piMnFjByHx4l4,"A man in a black cap, dark jacket, and light pants opens a large door on the left side of the foyer.",https://1drv.ms/i/c/e14d2464c52103f1/IQA9XLJfbmBoRoVzvAr4UXzhASuF4KswdDUELKgeCnBpuMQ,hold,normal,large,narrow_corridor,none,,,VLM: hold; human_state=normal; object_property=large; spatial_context=narrow_corridor; risk_factor=none; selected_frame=5; gt_activity=opening; human_iou=0.984; object_iou=0.093,5
P094,10,svl-meeting-gates-2-2019-04-08_0_image_8_pushing_000378_000492_H3_O10.mp4,5,34,40,JRDB,svl-meeting-gates-2-2019-04-08_0,8,chair,svl-meeting-gates-2-2019-04-08_0_image_8_pushing_000378_000492_H3_O10.mp4,https://1drv.ms/v/c/e14d2464c52103f1/IQAm_mbzzt9GTJLIYKnKYnhbAXN5kRa_cbDJiLpACy5RCmM,A man in a black polo pushes a chair down the aisle of a meeting room.,https://1drv.ms/i/c/e14d2464c52103f1/IQC8CSvFRZ6-RphJl26KBy9CAaSt_GJGVfIhWxpEXXcQ-Rw,push,strained,large,narrow_corridor,object_motion_risk,,,VLM: push; human_state=strained; object_property=large; spatial_context=narrow_corridor; risk_factor=object_motion_risk; selected_frame=59; gt_activity=pushing; human_iou=0.972; object_iou=0.848,59
P095,1,warehouse_3_event_26_plasticbox_0001_carrying_001327_001413.mp4,5,44,73,Hunavsim,Warehouse,3,plasticbox_0001,warehouse_3_event_26_plasticbox_0001_carrying_001327_001413.mp4,https://1drv.ms/v/c/e14d2464c52103f1/IQAZrfLFtYfQTL5j9vZs0a31AfV-0r1EmlltqZhEeLZ2trY,"A worker in a yellow safety vest or a light uniform carries a plastic storage box beside the white warehouse wall, yellow forklift, stacked pallets, and blue rolling bins.",,,,,,,,,,
P095,2,warehouse_1_event_37_trashcan_0001_carrying_001747_001816.mp4,4,43,22,Hunavsim,Warehouse,1,trashcan_0001,warehouse_1_event_37_trashcan_0001_carrying_001747_001816.mp4,https://1drv.ms/v/c/e14d2464c52103f1/IQC65G7Fw3NQSIsB1TKecfH8AYrTumgaLshzx-MZPJ-zxzU,"A person in a white or light gray outfit carries a trash can beside the white warehouse wall, yellow forklift, stacked pallets, and blue rolling bins.",,,,,,,,,,
P095,3,warehouse_3_event_62_largebox_0002_carrying_003256_003331.mp4,3,45,95,Hunavsim,Warehouse,3,largebox_0002,warehouse_3_event_62_largebox_0002_carrying_003256_003331.mp4,https://1drv.ms/v/c/e14d2464c52103f1/IQB877YEWcOLRYlOT2r2kXgkAdd5ifitn8A-emkKXfwrjD8,"A worker in a purple shirt and jeans carries a large cardboard box in the open warehouse aisle near pallet stacks, a yellow forklift, and industrial shelving.",,,,,,,,,,
P095,4,warehouse_1_event_09_tripod_0001_putting_down_000462_000505.mp4,4,46,8,Hunavsim,Warehouse,1,tripod_0001,warehouse_1_event_09_tripod_0001_putting_down_000462_000505.mp4,https://1drv.ms/v/c/e14d2464c52103f1/IQDo4hWProjBSbbarb7RI1oSAQVXuSfxOCoWGPi5o8obk5k,"A person in a dark outfit or purple pants puts down a tripod in a yellow-and-white warehouse with a forklift, blue bins, pallets, and tall metal racks.",,,,,,,,,,
P095,5,office_1_event_35_suitcase_0001_carrying_001873_001906.mp4,1,66,155,Hunavsim,Office,1,suitcase_0001,office_1_event_35_suitcase_0001_carrying_001873_001906.mp4,https://1drv.ms/v/c/e14d2464c52103f1/IQAuKlL745nhS7YfxiIAeJLUAbBHWRgq-m2LpEepHUbCSVU,"A person in dark clothing carries a suitcase in a meeting-style office with rows of chairs, desks, monitors, and a dark patterned carpet.",,,,,,,,,,
P095,6,hospital_1_event_11_trashcan_0001_lifting_001030_001061.mp4,1,48,111,Hunavsim,Hospital,1,trashcan_0001,hospital_1_event_11_trashcan_0001_lifting_001030_001061.mp4,https://1drv.ms/v/c/e14d2464c52103f1/IQCj3r6CYIByQbuyoNdspW2qAT4q5ClATzNlx3hmPu2cROE,"A person in dark clothing near the hospital wall lifts a trash can in a hospital hallway with windows, yellow railings, benches, and blue storage carts.",,,,,,,,,,
P095,7,office_1_event_175_monitor_0005_carrying_007779_007801.mp4,1,63,214,Hunavsim,Office,1,monitor_0005,office_1_event_175_monitor_0005_carrying_007779_007801.mp4,https://1drv.ms/v/c/e14d2464c52103f1/IQCj-bQ0vwGCT6CwZqBD_WpuAYWM1w4gbSoqgcJWas5rXx4,"A person in a dark top near the office doorway carries a computer monitor in a bright office room with desks, black chairs, computer monitors, doorway signage, and wall decorations.",,,,,,,,,,
P095,8,office_1_event_03_monitor_0001_putting_down_000394_000448.mp4,5,59,133,Hunavsim,Office,1,monitor_0001,office_1_event_03_monitor_0001_putting_down_000394_000448.mp4,https://1drv.ms/v/c/e14d2464c52103f1/IQCpKjTAqryhSa-acVZxCfEvAdQLSH6NknBcYDMZQUaxEiI,"A person in a light shirt and dark pants puts down a computer monitor in an office lobby with a long table, monitors, large windows, potted plants, and patterned carpet.",,,,,,,,,,
P095,9,gates-foyer-2019-01-17_0_image_0_opening_000000_000015_H3_O2.mp4,4,1,1,JRDB,gates-foyer-2019-01-17_0,0,door,gates-foyer-2019-01-17_0_image_0_opening_000000_000015_H3_O2.mp4,https://1drv.ms/v/c/e14d2464c52103f1/IQA7hID_5kZdTaDAho9RSGUvAQm7usK2N7piMnFjByHx4l4,"A man in a black cap, dark jacket, and light pants opens a large door on the left side of the foyer.",https://1drv.ms/i/c/e14d2464c52103f1/IQA9XLJfbmBoRoVzvAr4UXzhASuF4KswdDUELKgeCnBpuMQ,hold,normal,large,narrow_corridor,none,,,VLM: hold; human_state=normal; object_property=large; spatial_context=narrow_corridor; risk_factor=none; selected_frame=5; gt_activity=opening; human_iou=0.984; object_iou=0.093,5
P095,10,svl-meeting-gates-2-2019-04-08_0_image_8_pulling_000813_000855_H3_O12.mp4,1,35,43,JRDB,svl-meeting-gates-2-2019-04-08_0,8,chair,svl-meeting-gates-2-2019-04-08_0_image_8_pulling_000813_000855_H3_O12.mp4,https://1drv.ms/v/c/e14d2464c52103f1/IQDI0fQYNnaXSoaFN8Js0zq4AbTviM294DBGq5NkjcymOcI,A man in a black polo pulls a chair near the front-right side of the room.,https://1drv.ms/i/c/e14d2464c52103f1/IQD_JBXYZ89xTaros7Gx-LgwAdxX4NFcvGhnOiEwnTkTbhM,hold,normal,large,open_space,none,,,VLM: hold; human_state=normal; object_property=large; spatial_context=open_space; risk_factor=none; selected_frame=12; gt_activity=pulling; human_iou=1.000; object_iou=1.000,12
P096,1,warehouse_3_event_40_plasticbox_0001_kick_002059_002299.mp4,1,44,82,Hunavsim,Warehouse,3,plasticbox_0001,warehouse_3_event_40_plasticbox_0001_kick_002059_002299.mp4,https://1drv.ms/v/c/e14d2464c52103f1/IQC77ScjHiGxR5CIcZa_vp7HATrB2Zmd_jZqEz4MSRPpeMg,"A person in a white or light gray outfit kicks a plastic storage box beside the white warehouse wall, yellow forklift, stacked pallets, and blue rolling bins.",,,,,,,,,,
P096,2,warehouse_1_event_37_trashcan_0001_carrying_001747_001816.mp4,5,43,22,Hunavsim,Warehouse,1,trashcan_0001,warehouse_1_event_37_trashcan_0001_carrying_001747_001816.mp4,https://1drv.ms/v/c/e14d2464c52103f1/IQC65G7Fw3NQSIsB1TKecfH8AYrTumgaLshzx-MZPJ-zxzU,"A person in a white or light gray outfit carries a trash can beside the white warehouse wall, yellow forklift, stacked pallets, and blue rolling bins.",,,,,,,,,,
P096,3,warehouse_3_event_62_largebox_0002_carrying_003256_003331.mp4,4,45,95,Hunavsim,Warehouse,3,largebox_0002,warehouse_3_event_62_largebox_0002_carrying_003256_003331.mp4,https://1drv.ms/v/c/e14d2464c52103f1/IQB877YEWcOLRYlOT2r2kXgkAdd5ifitn8A-emkKXfwrjD8,"A worker in a purple shirt and jeans carries a large cardboard box in the open warehouse aisle near pallet stacks, a yellow forklift, and industrial shelving.",,,,,,,,,,
P096,4,warehouse_1_event_09_tripod_0001_putting_down_000462_000505.mp4,5,46,8,Hunavsim,Warehouse,1,tripod_0001,warehouse_1_event_09_tripod_0001_putting_down_000462_000505.mp4,https://1drv.ms/v/c/e14d2464c52103f1/IQDo4hWProjBSbbarb7RI1oSAQVXuSfxOCoWGPi5o8obk5k,"A person in a dark outfit or purple pants puts down a tripod in a yellow-and-white warehouse with a forklift, blue bins, pallets, and tall metal racks.",,,,,,,,,,
P096,5,office_1_event_35_suitcase_0001_carrying_001873_001906.mp4,2,66,155,Hunavsim,Office,1,suitcase_0001,office_1_event_35_suitcase_0001_carrying_001873_001906.mp4,https://1drv.ms/v/c/e14d2464c52103f1/IQAuKlL745nhS7YfxiIAeJLUAbBHWRgq-m2LpEepHUbCSVU,"A person in dark clothing carries a suitcase in a meeting-style office with rows of chairs, desks, monitors, and a dark patterned carpet.",,,,,,,,,,
P096,6,hospital_1_event_11_trashcan_0001_lifting_001030_001061.mp4,2,48,111,Hunavsim,Hospital,1,trashcan_0001,hospital_1_event_11_trashcan_0001_lifting_001030_001061.mp4,https://1drv.ms/v/c/e14d2464c52103f1/IQCj3r6CYIByQbuyoNdspW2qAT4q5ClATzNlx3hmPu2cROE,"A person in dark clothing near the hospital wall lifts a trash can in a hospital hallway with windows, yellow railings, benches, and blue storage carts.",,,,,,,,,,
P096,7,office_1_event_175_monitor_0005_carrying_007779_007801.mp4,2,63,214,Hunavsim,Office,1,monitor_0005,office_1_event_175_monitor_0005_carrying_007779_007801.mp4,https://1drv.ms/v/c/e14d2464c52103f1/IQCj-bQ0vwGCT6CwZqBD_WpuAYWM1w4gbSoqgcJWas5rXx4,"A person in a dark top near the office doorway carries a computer monitor in a bright office room with desks, black chairs, computer monitors, doorway signage, and wall decorations.",,,,,,,,,,
P096,8,office_1_event_138_trashcan_0001_lifting_005070_005112.mp4,1,68,192,Hunavsim,Office,1,trashcan_0001,office_1_event_138_trashcan_0001_lifting_005070_005112.mp4,https://1drv.ms/v/c/e14d2464c52103f1/IQCGLZ1xOeYGT7LqKCq9fweCASC3QOGojjuK_7JKf6dXAik,"A person in a pink or light-colored outfit lifts a trash can in a bright office room with desks, black chairs, computer monitors, doorway signage, and wall decorations.",,,,,,,,,,
P096,9,gates-foyer-2019-01-17_0_image_0_opening_000000_000015_H3_O2.mp4,5,1,1,JRDB,gates-foyer-2019-01-17_0,0,door,gates-foyer-2019-01-17_0_image_0_opening_000000_000015_H3_O2.mp4,https://1drv.ms/v/c/e14d2464c52103f1/IQA7hID_5kZdTaDAho9RSGUvAQm7usK2N7piMnFjByHx4l4,"A man in a black cap, dark jacket, and light pants opens a large door on the left side of the foyer.",https://1drv.ms/i/c/e14d2464c52103f1/IQA9XLJfbmBoRoVzvAr4UXzhASuF4KswdDUELKgeCnBpuMQ,hold,normal,large,narrow_corridor,none,,,VLM: hold; human_state=normal; object_property=large; spatial_context=narrow_corridor; risk_factor=none; selected_frame=5; gt_activity=opening; human_iou=0.984; object_iou=0.093,5
P096,10,svl-meeting-gates-2-2019-04-08_0_image_8_pulling_000813_000855_H3_O12.mp4,2,35,43,JRDB,svl-meeting-gates-2-2019-04-08_0,8,chair,svl-meeting-gates-2-2019-04-08_0_image_8_pulling_000813_000855_H3_O12.mp4,https://1drv.ms/v/c/e14d2464c52103f1/IQDI0fQYNnaXSoaFN8Js0zq4AbTviM294DBGq5NkjcymOcI,A man in a black polo pulls a chair near the front-right side of the room.,https://1drv.ms/i/c/e14d2464c52103f1/IQD_JBXYZ89xTaros7Gx-LgwAdxX4NFcvGhnOiEwnTkTbhM,hold,normal,large,open_space,none,,,VLM: hold; human_state=normal; object_property=large; spatial_context=open_space; risk_factor=none; selected_frame=12; gt_activity=pulling; human_iou=1.000; object_iou=1.000,12
P097,1,warehouse_3_event_40_plasticbox_0001_kick_002059_002299.mp4,2,44,82,Hunavsim,Warehouse,3,plasticbox_0001,warehouse_3_event_40_plasticbox_0001_kick_002059_002299.mp4,https://1drv.ms/v/c/e14d2464c52103f1/IQC77ScjHiGxR5CIcZa_vp7HATrB2Zmd_jZqEz4MSRPpeMg,"A person in a white or light gray outfit kicks a plastic storage box beside the white warehouse wall, yellow forklift, stacked pallets, and blue rolling bins.",,,,,,,,,,
P097,2,warehouse_1_event_63_trashcan_0001_kicking_002573_002795.mp4,1,43,32,Hunavsim,Warehouse,1,trashcan_0001,warehouse_1_event_63_trashcan_0001_kicking_002573_002795.mp4,https://1drv.ms/v/c/e14d2464c52103f1/IQDals21WyPkSpZKOMz5ihsuAVLoksBSc2Nc-bGaZn3nijU,"A person in a white or light gray outfit kicks a trash can beside the white warehouse wall, yellow forklift, stacked pallets, and blue rolling bins.",,,,,,,,,,
P097,3,warehouse_3_event_62_largebox_0002_carrying_003256_003331.mp4,5,45,95,Hunavsim,Warehouse,3,largebox_0002,warehouse_3_event_62_largebox_0002_carrying_003256_003331.mp4,https://1drv.ms/v/c/e14d2464c52103f1/IQB877YEWcOLRYlOT2r2kXgkAdd5ifitn8A-emkKXfwrjD8,"A worker in a purple shirt and jeans carries a large cardboard box in the open warehouse aisle near pallet stacks, a yellow forklift, and industrial shelving.",,,,,,,,,,
P097,4,warehouse_1_event_38_tripod_0001_lifting_001673_001891.mp4,1,46,23,Hunavsim,Warehouse,1,tripod_0001,warehouse_1_event_38_tripod_0001_lifting_001673_001891.mp4,https://1drv.ms/v/c/e14d2464c52103f1/IQBOudW1X1HMTLMMzJoqbRSmAXftOxzaYNDMhnQT8FPkrYU,"A worker in a yellow safety vest or a light uniform lifts a tripod beside the white warehouse wall, yellow forklift, stacked pallets, and blue rolling bins.",,,,,,,,,,
P097,5,office_1_event_35_suitcase_0001_carrying_001873_001906.mp4,3,66,155,Hunavsim,Office,1,suitcase_0001,office_1_event_35_suitcase_0001_carrying_001873_001906.mp4,https://1drv.ms/v/c/e14d2464c52103f1/IQAuKlL745nhS7YfxiIAeJLUAbBHWRgq-m2LpEepHUbCSVU,"A person in dark clothing carries a suitcase in a meeting-style office with rows of chairs, desks, monitors, and a dark patterned carpet.",,,,,,,,,,
P097,6,hospital_1_event_11_trashcan_0001_lifting_001030_001061.mp4,3,48,111,Hunavsim,Hospital,1,trashcan_0001,hospital_1_event_11_trashcan_0001_lifting_001030_001061.mp4,https://1drv.ms/v/c/e14d2464c52103f1/IQCj3r6CYIByQbuyoNdspW2qAT4q5ClATzNlx3hmPu2cROE,"A person in dark clothing near the hospital wall lifts a trash can in a hospital hallway with windows, yellow railings, benches, and blue storage carts.",,,,,,,,,,
P097,7,office_1_event_175_monitor_0005_carrying_007779_007801.mp4,3,63,214,Hunavsim,Office,1,monitor_0005,office_1_event_175_monitor_0005_carrying_007779_007801.mp4,https://1drv.ms/v/c/e14d2464c52103f1/IQCj-bQ0vwGCT6CwZqBD_WpuAYWM1w4gbSoqgcJWas5rXx4,"A person in a dark top near the office doorway carries a computer monitor in a bright office room with desks, black chairs, computer monitors, doorway signage, and wall decorations.",,,,,,,,,,
P097,8,office_1_event_138_trashcan_0001_lifting_005070_005112.mp4,2,68,192,Hunavsim,Office,1,trashcan_0001,office_1_event_138_trashcan_0001_lifting_005070_005112.mp4,https://1drv.ms/v/c/e14d2464c52103f1/IQCGLZ1xOeYGT7LqKCq9fweCASC3QOGojjuK_7JKf6dXAik,"A person in a pink or light-colored outfit lifts a trash can in a bright office room with desks, black chairs, computer monitors, doorway signage, and wall decorations.",,,,,,,,,,
P097,9,tressider-2019-04-26_0_image_8_packing_000138_000195_H24_O7.mp4,1,10,13,JRDB,tressider-2019-04-26_0,8,bag,tressider-2019-04-26_0_image_8_packing_000138_000195_H24_O7.mp4,https://1drv.ms/v/c/e14d2464c52103f1/IQClrr_GZscKTqrAoPLVsGGPAbBL5v6uE2QOxom_rMB0Hjo,A close person in a black shirt and dark pants packs a small bag near a black counter with monitors.,https://1drv.ms/i/c/e14d2464c52103f1/IQDmtn2n_XDHTITkqfbgc0PxAbTifMpbuy9WQG-GLVp9j7A,hold,normal,large,crowded,none,,,VLM: hold; human_state=normal; object_property=large; spatial_context=crowded; risk_factor=none; selected_frame=15; gt_activity=packing; human_iou=1.000; object_iou=0.231,15
P097,10,svl-meeting-gates-2-2019-04-08_0_image_8_pulling_000813_000855_H3_O12.mp4,3,35,43,JRDB,svl-meeting-gates-2-2019-04-08_0,8,chair,svl-meeting-gates-2-2019-04-08_0_image_8_pulling_000813_000855_H3_O12.mp4,https://1drv.ms/v/c/e14d2464c52103f1/IQDI0fQYNnaXSoaFN8Js0zq4AbTviM294DBGq5NkjcymOcI,A man in a black polo pulls a chair near the front-right side of the room.,https://1drv.ms/i/c/e14d2464c52103f1/IQD_JBXYZ89xTaros7Gx-LgwAdxX4NFcvGhnOiEwnTkTbhM,hold,normal,large,open_space,none,,,VLM: hold; human_state=normal; object_property=large; spatial_context=open_space; risk_factor=none; selected_frame=12; gt_activity=pulling; human_iou=1.000; object_iou=1.000,12
P098,1,warehouse_3_event_40_plasticbox_0001_kick_002059_002299.mp4,3,44,82,Hunavsim,Warehouse,3,plasticbox_0001,warehouse_3_event_40_plasticbox_0001_kick_002059_002299.mp4,https://1drv.ms/v/c/e14d2464c52103f1/IQC77ScjHiGxR5CIcZa_vp7HATrB2Zmd_jZqEz4MSRPpeMg,"A person in a white or light gray outfit kicks a plastic storage box beside the white warehouse wall, yellow forklift, stacked pallets, and blue rolling bins.",,,,,,,,,,
P098,2,warehouse_1_event_63_trashcan_0001_kicking_002573_002795.mp4,2,43,32,Hunavsim,Warehouse,1,trashcan_0001,warehouse_1_event_63_trashcan_0001_kicking_002573_002795.mp4,https://1drv.ms/v/c/e14d2464c52103f1/IQDals21WyPkSpZKOMz5ihsuAVLoksBSc2Nc-bGaZn3nijU,"A person in a white or light gray outfit kicks a trash can beside the white warehouse wall, yellow forklift, stacked pallets, and blue rolling bins.",,,,,,,,,,
P098,3,warehouse_3_event_62_largebox_0002_putting_down_003332_003388.mp4,1,45,96,Hunavsim,Warehouse,3,largebox_0002,warehouse_3_event_62_largebox_0002_putting_down_003332_003388.mp4,https://1drv.ms/v/c/e14d2464c52103f1/IQB8clNT1FfrRbFWCEtx7VrVAdvOhm4YgcpU0PZCetWGac4,"A worker in a purple shirt and jeans puts down a large cardboard box in the open warehouse aisle near pallet stacks, a yellow forklift, and industrial shelving.",,,,,,,,,,
P098,4,warehouse_1_event_38_tripod_0001_lifting_001673_001891.mp4,2,46,23,Hunavsim,Warehouse,1,tripod_0001,warehouse_1_event_38_tripod_0001_lifting_001673_001891.mp4,https://1drv.ms/v/c/e14d2464c52103f1/IQBOudW1X1HMTLMMzJoqbRSmAXftOxzaYNDMhnQT8FPkrYU,"A worker in a yellow safety vest or a light uniform lifts a tripod beside the white warehouse wall, yellow forklift, stacked pallets, and blue rolling bins.",,,,,,,,,,
P098,5,office_1_event_35_suitcase_0001_carrying_001873_001906.mp4,4,66,155,Hunavsim,Office,1,suitcase_0001,office_1_event_35_suitcase_0001_carrying_001873_001906.mp4,https://1drv.ms/v/c/e14d2464c52103f1/IQAuKlL745nhS7YfxiIAeJLUAbBHWRgq-m2LpEepHUbCSVU,"A person in dark clothing carries a suitcase in a meeting-style office with rows of chairs, desks, monitors, and a dark patterned carpet.",,,,,,,,,,
P098,6,hospital_1_event_11_trashcan_0001_lifting_001030_001061.mp4,4,48,111,Hunavsim,Hospital,1,trashcan_0001,hospital_1_event_11_trashcan_0001_lifting_001030_001061.mp4,https://1drv.ms/v/c/e14d2464c52103f1/IQCj3r6CYIByQbuyoNdspW2qAT4q5ClATzNlx3hmPu2cROE,"A person in dark clothing near the hospital wall lifts a trash can in a hospital hallway with windows, yellow railings, benches, and blue storage carts.",,,,,,,,,,
P098,7,office_1_event_175_monitor_0005_carrying_007779_007801.mp4,4,63,214,Hunavsim,Office,1,monitor_0005,office_1_event_175_monitor_0005_carrying_007779_007801.mp4,https://1drv.ms/v/c/e14d2464c52103f1/IQCj-bQ0vwGCT6CwZqBD_WpuAYWM1w4gbSoqgcJWas5rXx4,"A person in a dark top near the office doorway carries a computer monitor in a bright office room with desks, black chairs, computer monitors, doorway signage, and wall decorations.",,,,,,,,,,
P098,8,office_1_event_138_trashcan_0001_lifting_005070_005112.mp4,3,68,192,Hunavsim,Office,1,trashcan_0001,office_1_event_138_trashcan_0001_lifting_005070_005112.mp4,https://1drv.ms/v/c/e14d2464c52103f1/IQCGLZ1xOeYGT7LqKCq9fweCASC3QOGojjuK_7JKf6dXAik,"A person in a pink or light-colored outfit lifts a trash can in a bright office room with desks, black chairs, computer monitors, doorway signage, and wall decorations.",,,,,,,,,,
P098,9,tressider-2019-04-26_0_image_8_packing_000138_000195_H24_O7.mp4,2,10,13,JRDB,tressider-2019-04-26_0,8,bag,tressider-2019-04-26_0_image_8_packing_000138_000195_H24_O7.mp4,https://1drv.ms/v/c/e14d2464c52103f1/IQClrr_GZscKTqrAoPLVsGGPAbBL5v6uE2QOxom_rMB0Hjo,A close person in a black shirt and dark pants packs a small bag near a black counter with monitors.,https://1drv.ms/i/c/e14d2464c52103f1/IQDmtn2n_XDHTITkqfbgc0PxAbTifMpbuy9WQG-GLVp9j7A,hold,normal,large,crowded,none,,,VLM: hold; human_state=normal; object_property=large; spatial_context=crowded; risk_factor=none; selected_frame=15; gt_activity=packing; human_iou=1.000; object_iou=0.231,15
P098,10,svl-meeting-gates-2-2019-04-08_0_image_8_pulling_000813_000855_H3_O12.mp4,4,35,43,JRDB,svl-meeting-gates-2-2019-04-08_0,8,chair,svl-meeting-gates-2-2019-04-08_0_image_8_pulling_000813_000855_H3_O12.mp4,https://1drv.ms/v/c/e14d2464c52103f1/IQDI0fQYNnaXSoaFN8Js0zq4AbTviM294DBGq5NkjcymOcI,A man in a black polo pulls a chair near the front-right side of the room.,https://1drv.ms/i/c/e14d2464c52103f1/IQD_JBXYZ89xTaros7Gx-LgwAdxX4NFcvGhnOiEwnTkTbhM,hold,normal,large,open_space,none,,,VLM: hold; human_state=normal; object_property=large; spatial_context=open_space; risk_factor=none; selected_frame=12; gt_activity=pulling; human_iou=1.000; object_iou=1.000,12
P099,1,warehouse_3_event_40_plasticbox_0001_kick_002059_002299.mp4,4,44,82,Hunavsim,Warehouse,3,plasticbox_0001,warehouse_3_event_40_plasticbox_0001_kick_002059_002299.mp4,https://1drv.ms/v/c/e14d2464c52103f1/IQC77ScjHiGxR5CIcZa_vp7HATrB2Zmd_jZqEz4MSRPpeMg,"A person in a white or light gray outfit kicks a plastic storage box beside the white warehouse wall, yellow forklift, stacked pallets, and blue rolling bins.",,,,,,,,,,
P099,2,warehouse_1_event_63_trashcan_0001_kicking_002573_002795.mp4,3,43,32,Hunavsim,Warehouse,1,trashcan_0001,warehouse_1_event_63_trashcan_0001_kicking_002573_002795.mp4,https://1drv.ms/v/c/e14d2464c52103f1/IQDals21WyPkSpZKOMz5ihsuAVLoksBSc2Nc-bGaZn3nijU,"A person in a white or light gray outfit kicks a trash can beside the white warehouse wall, yellow forklift, stacked pallets, and blue rolling bins.",,,,,,,,,,
P099,3,warehouse_3_event_62_largebox_0002_putting_down_003332_003388.mp4,2,45,96,Hunavsim,Warehouse,3,largebox_0002,warehouse_3_event_62_largebox_0002_putting_down_003332_003388.mp4,https://1drv.ms/v/c/e14d2464c52103f1/IQB8clNT1FfrRbFWCEtx7VrVAdvOhm4YgcpU0PZCetWGac4,"A worker in a purple shirt and jeans puts down a large cardboard box in the open warehouse aisle near pallet stacks, a yellow forklift, and industrial shelving.",,,,,,,,,,
P099,4,warehouse_1_event_38_tripod_0001_lifting_001673_001891.mp4,3,46,23,Hunavsim,Warehouse,1,tripod_0001,warehouse_1_event_38_tripod_0001_lifting_001673_001891.mp4,https://1drv.ms/v/c/e14d2464c52103f1/IQBOudW1X1HMTLMMzJoqbRSmAXftOxzaYNDMhnQT8FPkrYU,"A worker in a yellow safety vest or a light uniform lifts a tripod beside the white warehouse wall, yellow forklift, stacked pallets, and blue rolling bins.",,,,,,,,,,
P099,5,office_1_event_35_suitcase_0001_carrying_001873_001906.mp4,5,66,155,Hunavsim,Office,1,suitcase_0001,office_1_event_35_suitcase_0001_carrying_001873_001906.mp4,https://1drv.ms/v/c/e14d2464c52103f1/IQAuKlL745nhS7YfxiIAeJLUAbBHWRgq-m2LpEepHUbCSVU,"A person in dark clothing carries a suitcase in a meeting-style office with rows of chairs, desks, monitors, and a dark patterned carpet.",,,,,,,,,,
P099,6,hospital_1_event_11_trashcan_0001_lifting_001030_001061.mp4,5,48,111,Hunavsim,Hospital,1,trashcan_0001,hospital_1_event_11_trashcan_0001_lifting_001030_001061.mp4,https://1drv.ms/v/c/e14d2464c52103f1/IQCj3r6CYIByQbuyoNdspW2qAT4q5ClATzNlx3hmPu2cROE,"A person in dark clothing near the hospital wall lifts a trash can in a hospital hallway with windows, yellow railings, benches, and blue storage carts.",,,,,,,,,,
P099,7,office_1_event_175_monitor_0005_carrying_007779_007801.mp4,5,63,214,Hunavsim,Office,1,monitor_0005,office_1_event_175_monitor_0005_carrying_007779_007801.mp4,https://1drv.ms/v/c/e14d2464c52103f1/IQCj-bQ0vwGCT6CwZqBD_WpuAYWM1w4gbSoqgcJWas5rXx4,"A person in a dark top near the office doorway carries a computer monitor in a bright office room with desks, black chairs, computer monitors, doorway signage, and wall decorations.",,,,,,,,,,
P099,8,office_1_event_138_trashcan_0001_lifting_005070_005112.mp4,4,68,192,Hunavsim,Office,1,trashcan_0001,office_1_event_138_trashcan_0001_lifting_005070_005112.mp4,https://1drv.ms/v/c/e14d2464c52103f1/IQCGLZ1xOeYGT7LqKCq9fweCASC3QOGojjuK_7JKf6dXAik,"A person in a pink or light-colored outfit lifts a trash can in a bright office room with desks, black chairs, computer monitors, doorway signage, and wall decorations.",,,,,,,,,,
P099,9,tressider-2019-04-26_0_image_8_packing_000138_000195_H24_O7.mp4,3,10,13,JRDB,tressider-2019-04-26_0,8,bag,tressider-2019-04-26_0_image_8_packing_000138_000195_H24_O7.mp4,https://1drv.ms/v/c/e14d2464c52103f1/IQClrr_GZscKTqrAoPLVsGGPAbBL5v6uE2QOxom_rMB0Hjo,A close person in a black shirt and dark pants packs a small bag near a black counter with monitors.,https://1drv.ms/i/c/e14d2464c52103f1/IQDmtn2n_XDHTITkqfbgc0PxAbTifMpbuy9WQG-GLVp9j7A,hold,normal,large,crowded,none,,,VLM: hold; human_state=normal; object_property=large; spatial_context=crowded; risk_factor=none; selected_frame=15; gt_activity=packing; human_iou=1.000; object_iou=0.231,15
P099,10,svl-meeting-gates-2-2019-04-08_0_image_8_pulling_000813_000855_H3_O12.mp4,5,35,43,JRDB,svl-meeting-gates-2-2019-04-08_0,8,chair,svl-meeting-gates-2-2019-04-08_0_image_8_pulling_000813_000855_H3_O12.mp4,https://1drv.ms/v/c/e14d2464c52103f1/IQDI0fQYNnaXSoaFN8Js0zq4AbTviM294DBGq5NkjcymOcI,A man in a black polo pulls a chair near the front-right side of the room.,https://1drv.ms/i/c/e14d2464c52103f1/IQD_JBXYZ89xTaros7Gx-LgwAdxX4NFcvGhnOiEwnTkTbhM,hold,normal,large,open_space,none,,,VLM: hold; human_state=normal; object_property=large; spatial_context=open_space; risk_factor=none; selected_frame=12; gt_activity=pulling; human_iou=1.000; object_iou=1.000,12
P100,1,warehouse_3_event_40_plasticbox_0001_kick_002059_002299.mp4,5,44,82,Hunavsim,Warehouse,3,plasticbox_0001,warehouse_3_event_40_plasticbox_0001_kick_002059_002299.mp4,https://1drv.ms/v/c/e14d2464c52103f1/IQC77ScjHiGxR5CIcZa_vp7HATrB2Zmd_jZqEz4MSRPpeMg,"A person in a white or light gray outfit kicks a plastic storage box beside the white warehouse wall, yellow forklift, stacked pallets, and blue rolling bins.",,,,,,,,,,
P100,2,warehouse_1_event_63_trashcan_0001_kicking_002573_002795.mp4,4,43,32,Hunavsim,Warehouse,1,trashcan_0001,warehouse_1_event_63_trashcan_0001_kicking_002573_002795.mp4,https://1drv.ms/v/c/e14d2464c52103f1/IQDals21WyPkSpZKOMz5ihsuAVLoksBSc2Nc-bGaZn3nijU,"A person in a white or light gray outfit kicks a trash can beside the white warehouse wall, yellow forklift, stacked pallets, and blue rolling bins.",,,,,,,,,,
P100,3,warehouse_3_event_62_largebox_0002_putting_down_003332_003388.mp4,3,45,96,Hunavsim,Warehouse,3,largebox_0002,warehouse_3_event_62_largebox_0002_putting_down_003332_003388.mp4,https://1drv.ms/v/c/e14d2464c52103f1/IQB8clNT1FfrRbFWCEtx7VrVAdvOhm4YgcpU0PZCetWGac4,"A worker in a purple shirt and jeans puts down a large cardboard box in the open warehouse aisle near pallet stacks, a yellow forklift, and industrial shelving.",,,,,,,,,,
P100,4,warehouse_1_event_38_tripod_0001_lifting_001673_001891.mp4,4,46,23,Hunavsim,Warehouse,1,tripod_0001,warehouse_1_event_38_tripod_0001_lifting_001673_001891.mp4,https://1drv.ms/v/c/e14d2464c52103f1/IQBOudW1X1HMTLMMzJoqbRSmAXftOxzaYNDMhnQT8FPkrYU,"A worker in a yellow safety vest or a light uniform lifts a tripod beside the white warehouse wall, yellow forklift, stacked pallets, and blue rolling bins.",,,,,,,,,,
P100,5,office_1_event_35_suitcase_0001_putting_down_001907_001925.mp4,1,66,156,Hunavsim,Office,1,suitcase_0001,office_1_event_35_suitcase_0001_putting_down_001907_001925.mp4,https://1drv.ms/v/c/e14d2464c52103f1/IQC6QFGjYQLfQrcEoa_nGb8dAd0op9-FCNm2wSSTZFmj9PE,"A person in dark clothing puts down a suitcase in a meeting-style office with rows of chairs, desks, monitors, and a dark patterned carpet.",,,,,,,,,,
P100,6,hospital_1_event_19_trashcan_0001_kicking_001613_001669.mp4,1,48,118,Hunavsim,Hospital,1,trashcan_0001,hospital_1_event_19_trashcan_0001_kicking_001613_001669.mp4,https://1drv.ms/v/c/e14d2464c52103f1/IQCvyQx44pwJSpL97vrBiz7VAfgocB7olZBoLPUhc7iNXec,"A person in dark clothing near the hospital wall kicks a trash can in a hospital hallway with windows, yellow railings, benches, and blue storage carts.",,,,,,,,,,
P100,7,office_1_event_175_monitor_0005_putting_down_007803_007835.mp4,1,63,215,Hunavsim,Office,1,monitor_0005,office_1_event_175_monitor_0005_putting_down_007803_007835.mp4,https://1drv.ms/v/c/e14d2464c52103f1/IQD0z_dL8tidRYKtXVZdMTBcAQNGWPQs_1gBZbI3F8N0vt0,"A person in a dark top near the office doorway puts down a computer monitor in a bright office room with desks, black chairs, computer monitors, doorway signage, and wall decorations.",,,,,,,,,,
P100,8,office_1_event_138_trashcan_0001_lifting_005070_005112.mp4,5,68,192,Hunavsim,Office,1,trashcan_0001,office_1_event_138_trashcan_0001_lifting_005070_005112.mp4,https://1drv.ms/v/c/e14d2464c52103f1/IQCGLZ1xOeYGT7LqKCq9fweCASC3QOGojjuK_7JKf6dXAik,"A person in a pink or light-colored outfit lifts a trash can in a bright office room with desks, black chairs, computer monitors, doorway signage, and wall decorations.",,,,,,,,,,
P100,9,tressider-2019-04-26_0_image_8_packing_000138_000195_H24_O7.mp4,4,10,13,JRDB,tressider-2019-04-26_0,8,bag,tressider-2019-04-26_0_image_8_packing_000138_000195_H24_O7.mp4,https://1drv.ms/v/c/e14d2464c52103f1/IQClrr_GZscKTqrAoPLVsGGPAbBL5v6uE2QOxom_rMB0Hjo,A close person in a black shirt and dark pants packs a small bag near a black counter with monitors.,https://1drv.ms/i/c/e14d2464c52103f1/IQDmtn2n_XDHTITkqfbgc0PxAbTifMpbuy9WQG-GLVp9j7A,hold,normal,large,crowded,none,,,VLM: hold; human_state=normal; object_property=large; spatial_context=crowded; risk_factor=none; selected_frame=15; gt_activity=packing; human_iou=1.000; object_iou=0.231,15
P100,10,svl-meeting-gates-2-2019-04-08_1_image_0_carrying_000054_000090_H14_O4.mp4,1,36,44,JRDB,svl-meeting-gates-2-2019-04-08_1,0,machines,svl-meeting-gates-2-2019-04-08_1_image_0_carrying_000054_000090_H14_O4.mp4,https://1drv.ms/v/c/e14d2464c52103f1/IQAUEX54DTE7R7JiLO0wbDL8AaQEHb9xtC9j8xPM7XIq7Qc,A person near the right edge of a meeting room carries a small machine-like item beside a seated group.,https://1drv.ms/i/c/e14d2464c52103f1/IQCt_Ox_halgRbJtyouorRI8AeUfdGkK0YMG1aQontjGApA,hold,normal,small,open_space,none,,,VLM: hold; human_state=normal; object_property=small; spatial_context=open_space; risk_factor=none; selected_frame=29; gt_activity=carrying; human_iou=0.721; object_iou=1.000,29
P101,1,warehouse_3_event_53_plasticbox_0001_kick_002692_002775.mp4,1,44,87,Hunavsim,Warehouse,3,plasticbox_0001,warehouse_3_event_53_plasticbox_0001_kick_002692_002775.mp4,https://1drv.ms/v/c/e14d2464c52103f1/IQCNnSg6apYcSY8NaXnTsH-PASN16SeJeN7PKLpCdPU-Xl0,"A worker in a purple shirt and jeans kicks a plastic storage box in the open warehouse aisle near pallet stacks, a yellow forklift, and industrial shelving.",,,,,,,,,,
P101,2,warehouse_1_event_63_trashcan_0001_kicking_002573_002795.mp4,5,43,32,Hunavsim,Warehouse,1,trashcan_0001,warehouse_1_event_63_trashcan_0001_kicking_002573_002795.mp4,https://1drv.ms/v/c/e14d2464c52103f1/IQDals21WyPkSpZKOMz5ihsuAVLoksBSc2Nc-bGaZn3nijU,"A person in a white or light gray outfit kicks a trash can beside the white warehouse wall, yellow forklift, stacked pallets, and blue rolling bins.",,,,,,,,,,
P101,3,warehouse_3_event_62_largebox_0002_putting_down_003332_003388.mp4,4,45,96,Hunavsim,Warehouse,3,largebox_0002,warehouse_3_event_62_largebox_0002_putting_down_003332_003388.mp4,https://1drv.ms/v/c/e14d2464c52103f1/IQB8clNT1FfrRbFWCEtx7VrVAdvOhm4YgcpU0PZCetWGac4,"A worker in a purple shirt and jeans puts down a large cardboard box in the open warehouse aisle near pallet stacks, a yellow forklift, and industrial shelving.",,,,,,,,,,
P101,4,warehouse_1_event_38_tripod_0001_lifting_001673_001891.mp4,5,46,23,Hunavsim,Warehouse,1,tripod_0001,warehouse_1_event_38_tripod_0001_lifting_001673_001891.mp4,https://1drv.ms/v/c/e14d2464c52103f1/IQBOudW1X1HMTLMMzJoqbRSmAXftOxzaYNDMhnQT8FPkrYU,"A worker in a yellow safety vest or a light uniform lifts a tripod beside the white warehouse wall, yellow forklift, stacked pallets, and blue rolling bins.",,,,,,,,,,
P101,5,office_1_event_35_suitcase_0001_putting_down_001907_001925.mp4,2,66,156,Hunavsim,Office,1,suitcase_0001,office_1_event_35_suitcase_0001_putting_down_001907_001925.mp4,https://1drv.ms/v/c/e14d2464c52103f1/IQC6QFGjYQLfQrcEoa_nGb8dAd0op9-FCNm2wSSTZFmj9PE,"A person in dark clothing puts down a suitcase in a meeting-style office with rows of chairs, desks, monitors, and a dark patterned carpet.",,,,,,,,,,
P101,6,hospital_1_event_19_trashcan_0001_kicking_001613_001669.mp4,2,48,118,Hunavsim,Hospital,1,trashcan_0001,hospital_1_event_19_trashcan_0001_kicking_001613_001669.mp4,https://1drv.ms/v/c/e14d2464c52103f1/IQCvyQx44pwJSpL97vrBiz7VAfgocB7olZBoLPUhc7iNXec,"A person in dark clothing near the hospital wall kicks a trash can in a hospital hallway with windows, yellow railings, benches, and blue storage carts.",,,,,,,,,,
P101,7,office_1_event_175_monitor_0005_putting_down_007803_007835.mp4,2,63,215,Hunavsim,Office,1,monitor_0005,office_1_event_175_monitor_0005_putting_down_007803_007835.mp4,https://1drv.ms/v/c/e14d2464c52103f1/IQD0z_dL8tidRYKtXVZdMTBcAQNGWPQs_1gBZbI3F8N0vt0,"A person in a dark top near the office doorway puts down a computer monitor in a bright office room with desks, black chairs, computer monitors, doorway signage, and wall decorations.",,,,,,,,,,
P101,8,office_1_event_150_trashcan_0001_putting_down_005484_005535.mp4,1,68,197,Hunavsim,Office,1,trashcan_0001,office_1_event_150_trashcan_0001_putting_down_005484_005535.mp4,https://1drv.ms/v/c/e14d2464c52103f1/IQDAKwSiq6r4T7juaU1IOWDOAa4NmV1g8tQ2DphvER33hfI,"A person in a pink or light-colored outfit puts down a trash can in a bright office room with desks, black chairs, computer monitors, doorway signage, and wall decorations.",,,,,,,,,,
P101,9,tressider-2019-04-26_0_image_8_packing_000138_000195_H24_O7.mp4,5,10,13,JRDB,tressider-2019-04-26_0,8,bag,tressider-2019-04-26_0_image_8_packing_000138_000195_H24_O7.mp4,https://1drv.ms/v/c/e14d2464c52103f1/IQClrr_GZscKTqrAoPLVsGGPAbBL5v6uE2QOxom_rMB0Hjo,A close person in a black shirt and dark pants packs a small bag near a black counter with monitors.,https://1drv.ms/i/c/e14d2464c52103f1/IQDmtn2n_XDHTITkqfbgc0PxAbTifMpbuy9WQG-GLVp9j7A,hold,normal,large,crowded,none,,,VLM: hold; human_state=normal; object_property=large; spatial_context=crowded; risk_factor=none; selected_frame=15; gt_activity=packing; human_iou=1.000; object_iou=0.231,15
P101,10,svl-meeting-gates-2-2019-04-08_1_image_0_carrying_000054_000090_H14_O4.mp4,2,36,44,JRDB,svl-meeting-gates-2-2019-04-08_1,0,machines,svl-meeting-gates-2-2019-04-08_1_image_0_carrying_000054_000090_H14_O4.mp4,https://1drv.ms/v/c/e14d2464c52103f1/IQAUEX54DTE7R7JiLO0wbDL8AaQEHb9xtC9j8xPM7XIq7Qc,A person near the right edge of a meeting room carries a small machine-like item beside a seated group.,https://1drv.ms/i/c/e14d2464c52103f1/IQCt_Ox_halgRbJtyouorRI8AeUfdGkK0YMG1aQontjGApA,hold,normal,small,open_space,none,,,VLM: hold; human_state=normal; object_property=small; spatial_context=open_space; risk_factor=none; selected_frame=29; gt_activity=carrying; human_iou=0.721; object_iou=1.000,29
P102,1,warehouse_3_event_53_plasticbox_0001_kick_002692_002775.mp4,2,44,87,Hunavsim,Warehouse,3,plasticbox_0001,warehouse_3_event_53_plasticbox_0001_kick_002692_002775.mp4,https://1drv.ms/v/c/e14d2464c52103f1/IQCNnSg6apYcSY8NaXnTsH-PASN16SeJeN7PKLpCdPU-Xl0,"A worker in a purple shirt and jeans kicks a plastic storage box in the open warehouse aisle near pallet stacks, a yellow forklift, and industrial shelving.",,,,,,,,,,
P102,2,warehouse_1_event_63_trashcan_0001_lifting_002796_002856.mp4,1,43,33,Hunavsim,Warehouse,1,trashcan_0001,warehouse_1_event_63_trashcan_0001_lifting_002796_002856.mp4,https://1drv.ms/v/c/e14d2464c52103f1/IQCkpj3QMne5TL5Foh8ZLMBFAU8xZ-zaOpNlixXFQxPkEaU,"A worker in a purple shirt and jeans lifts a trash can in the open warehouse aisle near pallet stacks, a yellow forklift, and industrial shelving.",,,,,,,,,,
P102,3,warehouse_3_event_62_largebox_0002_putting_down_003332_003388.mp4,5,45,96,Hunavsim,Warehouse,3,largebox_0002,warehouse_3_event_62_largebox_0002_putting_down_003332_003388.mp4,https://1drv.ms/v/c/e14d2464c52103f1/IQB8clNT1FfrRbFWCEtx7VrVAdvOhm4YgcpU0PZCetWGac4,"A worker in a purple shirt and jeans puts down a large cardboard box in the open warehouse aisle near pallet stacks, a yellow forklift, and industrial shelving.",,,,,,,,,,
P102,4,warehouse_2_event_06_tripod_0001_carrying_000382_000415.mp4,1,46,41,Hunavsim,Warehouse,2,tripod_0001,warehouse_2_event_06_tripod_0001_carrying_000382_000415.mp4,https://1drv.ms/v/c/e14d2464c52103f1/IQC1HFwn3G8hQqbDS2vagrDLAZimAdqxvurs1REnJYwvFZc,"A person in a dark outfit or purple pants carries a tripod in a yellow-and-white warehouse with a forklift, blue bins, pallets, and tall metal racks.",,,,,,,,,,
P102,5,office_1_event_35_suitcase_0001_putting_down_001907_001925.mp4,3,66,156,Hunavsim,Office,1,suitcase_0001,office_1_event_35_suitcase_0001_putting_down_001907_001925.mp4,https://1drv.ms/v/c/e14d2464c52103f1/IQC6QFGjYQLfQrcEoa_nGb8dAd0op9-FCNm2wSSTZFmj9PE,"A person in dark clothing puts down a suitcase in a meeting-style office with rows of chairs, desks, monitors, and a dark patterned carpet.",,,,,,,,,,
P102,6,hospital_1_event_19_trashcan_0001_kicking_001613_001669.mp4,3,48,118,Hunavsim,Hospital,1,trashcan_0001,hospital_1_event_19_trashcan_0001_kicking_001613_001669.mp4,https://1drv.ms/v/c/e14d2464c52103f1/IQCvyQx44pwJSpL97vrBiz7VAfgocB7olZBoLPUhc7iNXec,"A person in dark clothing near the hospital wall kicks a trash can in a hospital hallway with windows, yellow railings, benches, and blue storage carts.",,,,,,,,,,
P102,7,office_1_event_175_monitor_0005_putting_down_007803_007835.mp4,3,63,215,Hunavsim,Office,1,monitor_0005,office_1_event_175_monitor_0005_putting_down_007803_007835.mp4,https://1drv.ms/v/c/e14d2464c52103f1/IQD0z_dL8tidRYKtXVZdMTBcAQNGWPQs_1gBZbI3F8N0vt0,"A person in a dark top near the office doorway puts down a computer monitor in a bright office room with desks, black chairs, computer monitors, doorway signage, and wall decorations.",,,,,,,,,,
P102,8,office_1_event_150_trashcan_0001_putting_down_005484_005535.mp4,2,68,197,Hunavsim,Office,1,trashcan_0001,office_1_event_150_trashcan_0001_putting_down_005484_005535.mp4,https://1drv.ms/v/c/e14d2464c52103f1/IQDAKwSiq6r4T7juaU1IOWDOAa4NmV1g8tQ2DphvER33hfI,"A person in a pink or light-colored outfit puts down a trash can in a bright office room with desks, black chairs, computer monitors, doorway signage, and wall decorations.",,,,,,,,,,
P102,9,tressider-2019-04-26_1_image_4_pushing_001426_001650_H119_O65000.mp4,1,11,14,JRDB,tressider-2019-04-26_1,4,trolley,tressider-2019-04-26_1_image_4_pushing_001426_001650_H119_O65000.mp4,https://1drv.ms/v/c/e14d2464c52103f1/IQBVtruApknzTKJzSK5U_MsVAVEk7VFEwuQNcDWTdD4fN1E,A person in a dark red top pushes a low trolley through a crowded cafe seating area.,https://1drv.ms/i/c/e14d2464c52103f1/IQBY1HYq075hTb1vH5GGLPEGAfnc1vtXQsx9F03EG4o_L5g,pushing,normal,large,open_space,object_motion_risk,,,VLM: pushing; human_state=normal; object_property=large; spatial_context=open_space; risk_factor=object_motion_risk; selected_frame=169; gt_activity=pushing; human_iou=0.747; object_iou=0.716,169
P102,10,svl-meeting-gates-2-2019-04-08_1_image_0_carrying_000054_000090_H14_O4.mp4,3,36,44,JRDB,svl-meeting-gates-2-2019-04-08_1,0,machines,svl-meeting-gates-2-2019-04-08_1_image_0_carrying_000054_000090_H14_O4.mp4,https://1drv.ms/v/c/e14d2464c52103f1/IQAUEX54DTE7R7JiLO0wbDL8AaQEHb9xtC9j8xPM7XIq7Qc,A person near the right edge of a meeting room carries a small machine-like item beside a seated group.,https://1drv.ms/i/c/e14d2464c52103f1/IQCt_Ox_halgRbJtyouorRI8AeUfdGkK0YMG1aQontjGApA,hold,normal,small,open_space,none,,,VLM: hold; human_state=normal; object_property=small; spatial_context=open_space; risk_factor=none; selected_frame=29; gt_activity=carrying; human_iou=0.721; object_iou=1.000,29
P103,1,warehouse_3_event_53_plasticbox_0001_kick_002692_002775.mp4,3,44,87,Hunavsim,Warehouse,3,plasticbox_0001,warehouse_3_event_53_plasticbox_0001_kick_002692_002775.mp4,https://1drv.ms/v/c/e14d2464c52103f1/IQCNnSg6apYcSY8NaXnTsH-PASN16SeJeN7PKLpCdPU-Xl0,"A worker in a purple shirt and jeans kicks a plastic storage box in the open warehouse aisle near pallet stacks, a yellow forklift, and industrial shelving.",,,,,,,,,,
P103,2,warehouse_1_event_63_trashcan_0001_lifting_002796_002856.mp4,2,43,33,Hunavsim,Warehouse,1,trashcan_0001,warehouse_1_event_63_trashcan_0001_lifting_002796_002856.mp4,https://1drv.ms/v/c/e14d2464c52103f1/IQCkpj3QMne5TL5Foh8ZLMBFAU8xZ-zaOpNlixXFQxPkEaU,"A worker in a purple shirt and jeans lifts a trash can in the open warehouse aisle near pallet stacks, a yellow forklift, and industrial shelving.",,,,,,,,,,
P103,3,warehouse_3_event_62_largebox_0002_lifting_003389_003546.mp4,1,45,97,Hunavsim,Warehouse,3,largebox_0002,warehouse_3_event_62_largebox_0002_lifting_003389_003546.mp4,https://1drv.ms/v/c/e14d2464c52103f1/IQBDoK2zLC_1TrUwZfOxfTuMAcAyPJdroCWKp6tn1STPqT8,"A worker in a purple shirt and jeans lifts a large cardboard box in the open warehouse aisle near pallet stacks, a yellow forklift, and industrial shelving.",,,,,,,,,,
P103,4,warehouse_2_event_06_tripod_0001_carrying_000382_000415.mp4,2,46,41,Hunavsim,Warehouse,2,tripod_0001,warehouse_2_event_06_tripod_0001_carrying_000382_000415.mp4,https://1drv.ms/v/c/e14d2464c52103f1/IQC1HFwn3G8hQqbDS2vagrDLAZimAdqxvurs1REnJYwvFZc,"A person in a dark outfit or purple pants carries a tripod in a yellow-and-white warehouse with a forklift, blue bins, pallets, and tall metal racks.",,,,,,,,,,
P103,5,office_1_event_35_suitcase_0001_putting_down_001907_001925.mp4,4,66,156,Hunavsim,Office,1,suitcase_0001,office_1_event_35_suitcase_0001_putting_down_001907_001925.mp4,https://1drv.ms/v/c/e14d2464c52103f1/IQC6QFGjYQLfQrcEoa_nGb8dAd0op9-FCNm2wSSTZFmj9PE,"A person in dark clothing puts down a suitcase in a meeting-style office with rows of chairs, desks, monitors, and a dark patterned carpet.",,,,,,,,,,
P103,6,hospital_1_event_19_trashcan_0001_kicking_001613_001669.mp4,4,48,118,Hunavsim,Hospital,1,trashcan_0001,hospital_1_event_19_trashcan_0001_kicking_001613_001669.mp4,https://1drv.ms/v/c/e14d2464c52103f1/IQCvyQx44pwJSpL97vrBiz7VAfgocB7olZBoLPUhc7iNXec,"A person in dark clothing near the hospital wall kicks a trash can in a hospital hallway with windows, yellow railings, benches, and blue storage carts.",,,,,,,,,,
P103,7,office_1_event_175_monitor_0005_putting_down_007803_007835.mp4,4,63,215,Hunavsim,Office,1,monitor_0005,office_1_event_175_monitor_0005_putting_down_007803_007835.mp4,https://1drv.ms/v/c/e14d2464c52103f1/IQD0z_dL8tidRYKtXVZdMTBcAQNGWPQs_1gBZbI3F8N0vt0,"A person in a dark top near the office doorway puts down a computer monitor in a bright office room with desks, black chairs, computer monitors, doorway signage, and wall decorations.",,,,,,,,,,
P103,8,office_1_event_150_trashcan_0001_putting_down_005484_005535.mp4,3,68,197,Hunavsim,Office,1,trashcan_0001,office_1_event_150_trashcan_0001_putting_down_005484_005535.mp4,https://1drv.ms/v/c/e14d2464c52103f1/IQDAKwSiq6r4T7juaU1IOWDOAa4NmV1g8tQ2DphvER33hfI,"A person in a pink or light-colored outfit puts down a trash can in a bright office room with desks, black chairs, computer monitors, doorway signage, and wall decorations.",,,,,,,,,,
P103,9,tressider-2019-04-26_1_image_4_pushing_001426_001650_H119_O65000.mp4,2,11,14,JRDB,tressider-2019-04-26_1,4,trolley,tressider-2019-04-26_1_image_4_pushing_001426_001650_H119_O65000.mp4,https://1drv.ms/v/c/e14d2464c52103f1/IQBVtruApknzTKJzSK5U_MsVAVEk7VFEwuQNcDWTdD4fN1E,A person in a dark red top pushes a low trolley through a crowded cafe seating area.,https://1drv.ms/i/c/e14d2464c52103f1/IQBY1HYq075hTb1vH5GGLPEGAfnc1vtXQsx9F03EG4o_L5g,pushing,normal,large,open_space,object_motion_risk,,,VLM: pushing; human_state=normal; object_property=large; spatial_context=open_space; risk_factor=object_motion_risk; selected_frame=169; gt_activity=pushing; human_iou=0.747; object_iou=0.716,169
P103,10,svl-meeting-gates-2-2019-04-08_1_image_0_carrying_000054_000090_H14_O4.mp4,4,36,44,JRDB,svl-meeting-gates-2-2019-04-08_1,0,machines,svl-meeting-gates-2-2019-04-08_1_image_0_carrying_000054_000090_H14_O4.mp4,https://1drv.ms/v/c/e14d2464c52103f1/IQAUEX54DTE7R7JiLO0wbDL8AaQEHb9xtC9j8xPM7XIq7Qc,A person near the right edge of a meeting room carries a small machine-like item beside a seated group.,https://1drv.ms/i/c/e14d2464c52103f1/IQCt_Ox_halgRbJtyouorRI8AeUfdGkK0YMG1aQontjGApA,hold,normal,small,open_space,none,,,VLM: hold; human_state=normal; object_property=small; spatial_context=open_space; risk_factor=none; selected_frame=29; gt_activity=carrying; human_iou=0.721; object_iou=1.000,29
P104,1,warehouse_3_event_53_plasticbox_0001_kick_002692_002775.mp4,4,44,87,Hunavsim,Warehouse,3,plasticbox_0001,warehouse_3_event_53_plasticbox_0001_kick_002692_002775.mp4,https://1drv.ms/v/c/e14d2464c52103f1/IQCNnSg6apYcSY8NaXnTsH-PASN16SeJeN7PKLpCdPU-Xl0,"A worker in a purple shirt and jeans kicks a plastic storage box in the open warehouse aisle near pallet stacks, a yellow forklift, and industrial shelving.",,,,,,,,,,
P104,2,warehouse_1_event_63_trashcan_0001_lifting_002796_002856.mp4,3,43,33,Hunavsim,Warehouse,1,trashcan_0001,warehouse_1_event_63_trashcan_0001_lifting_002796_002856.mp4,https://1drv.ms/v/c/e14d2464c52103f1/IQCkpj3QMne5TL5Foh8ZLMBFAU8xZ-zaOpNlixXFQxPkEaU,"A worker in a purple shirt and jeans lifts a trash can in the open warehouse aisle near pallet stacks, a yellow forklift, and industrial shelving.",,,,,,,,,,
P104,3,warehouse_3_event_62_largebox_0002_lifting_003389_003546.mp4,2,45,97,Hunavsim,Warehouse,3,largebox_0002,warehouse_3_event_62_largebox_0002_lifting_003389_003546.mp4,https://1drv.ms/v/c/e14d2464c52103f1/IQBDoK2zLC_1TrUwZfOxfTuMAcAyPJdroCWKp6tn1STPqT8,"A worker in a purple shirt and jeans lifts a large cardboard box in the open warehouse aisle near pallet stacks, a yellow forklift, and industrial shelving.",,,,,,,,,,
P104,4,warehouse_2_event_06_tripod_0001_carrying_000382_000415.mp4,3,46,41,Hunavsim,Warehouse,2,tripod_0001,warehouse_2_event_06_tripod_0001_carrying_000382_000415.mp4,https://1drv.ms/v/c/e14d2464c52103f1/IQC1HFwn3G8hQqbDS2vagrDLAZimAdqxvurs1REnJYwvFZc,"A person in a dark outfit or purple pants carries a tripod in a yellow-and-white warehouse with a forklift, blue bins, pallets, and tall metal racks.",,,,,,,,,,
P104,5,office_1_event_35_suitcase_0001_putting_down_001907_001925.mp4,5,66,156,Hunavsim,Office,1,suitcase_0001,office_1_event_35_suitcase_0001_putting_down_001907_001925.mp4,https://1drv.ms/v/c/e14d2464c52103f1/IQC6QFGjYQLfQrcEoa_nGb8dAd0op9-FCNm2wSSTZFmj9PE,"A person in dark clothing puts down a suitcase in a meeting-style office with rows of chairs, desks, monitors, and a dark patterned carpet.",,,,,,,,,,
P104,6,hospital_1_event_19_trashcan_0001_kicking_001613_001669.mp4,5,48,118,Hunavsim,Hospital,1,trashcan_0001,hospital_1_event_19_trashcan_0001_kicking_001613_001669.mp4,https://1drv.ms/v/c/e14d2464c52103f1/IQCvyQx44pwJSpL97vrBiz7VAfgocB7olZBoLPUhc7iNXec,"A person in dark clothing near the hospital wall kicks a trash can in a hospital hallway with windows, yellow railings, benches, and blue storage carts.",,,,,,,,,,
P104,7,office_1_event_175_monitor_0005_putting_down_007803_007835.mp4,5,63,215,Hunavsim,Office,1,monitor_0005,office_1_event_175_monitor_0005_putting_down_007803_007835.mp4,https://1drv.ms/v/c/e14d2464c52103f1/IQD0z_dL8tidRYKtXVZdMTBcAQNGWPQs_1gBZbI3F8N0vt0,"A person in a dark top near the office doorway puts down a computer monitor in a bright office room with desks, black chairs, computer monitors, doorway signage, and wall decorations.",,,,,,,,,,
P104,8,office_1_event_150_trashcan_0001_putting_down_005484_005535.mp4,4,68,197,Hunavsim,Office,1,trashcan_0001,office_1_event_150_trashcan_0001_putting_down_005484_005535.mp4,https://1drv.ms/v/c/e14d2464c52103f1/IQDAKwSiq6r4T7juaU1IOWDOAa4NmV1g8tQ2DphvER33hfI,"A person in a pink or light-colored outfit puts down a trash can in a bright office room with desks, black chairs, computer monitors, doorway signage, and wall decorations.",,,,,,,,,,
P104,9,tressider-2019-04-26_1_image_4_pushing_001426_001650_H119_O65000.mp4,3,11,14,JRDB,tressider-2019-04-26_1,4,trolley,tressider-2019-04-26_1_image_4_pushing_001426_001650_H119_O65000.mp4,https://1drv.ms/v/c/e14d2464c52103f1/IQBVtruApknzTKJzSK5U_MsVAVEk7VFEwuQNcDWTdD4fN1E,A person in a dark red top pushes a low trolley through a crowded cafe seating area.,https://1drv.ms/i/c/e14d2464c52103f1/IQBY1HYq075hTb1vH5GGLPEGAfnc1vtXQsx9F03EG4o_L5g,pushing,normal,large,open_space,object_motion_risk,,,VLM: pushing; human_state=normal; object_property=large; spatial_context=open_space; risk_factor=object_motion_risk; selected_frame=169; gt_activity=pushing; human_iou=0.747; object_iou=0.716,169
P104,10,svl-meeting-gates-2-2019-04-08_1_image_0_carrying_000054_000090_H14_O4.mp4,5,36,44,JRDB,svl-meeting-gates-2-2019-04-08_1,0,machines,svl-meeting-gates-2-2019-04-08_1_image_0_carrying_000054_000090_H14_O4.mp4,https://1drv.ms/v/c/e14d2464c52103f1/IQAUEX54DTE7R7JiLO0wbDL8AaQEHb9xtC9j8xPM7XIq7Qc,A person near the right edge of a meeting room carries a small machine-like item beside a seated group.,https://1drv.ms/i/c/e14d2464c52103f1/IQCt_Ox_halgRbJtyouorRI8AeUfdGkK0YMG1aQontjGApA,hold,normal,small,open_space,none,,,VLM: hold; human_state=normal; object_property=small; spatial_context=open_space; risk_factor=none; selected_frame=29; gt_activity=carrying; human_iou=0.721; object_iou=1.000,29
P105,1,warehouse_3_event_53_plasticbox_0001_kick_002692_002775.mp4,5,44,87,Hunavsim,Warehouse,3,plasticbox_0001,warehouse_3_event_53_plasticbox_0001_kick_002692_002775.mp4,https://1drv.ms/v/c/e14d2464c52103f1/IQCNnSg6apYcSY8NaXnTsH-PASN16SeJeN7PKLpCdPU-Xl0,"A worker in a purple shirt and jeans kicks a plastic storage box in the open warehouse aisle near pallet stacks, a yellow forklift, and industrial shelving.",,,,,,,,,,
P105,2,warehouse_1_event_63_trashcan_0001_lifting_002796_002856.mp4,4,43,33,Hunavsim,Warehouse,1,trashcan_0001,warehouse_1_event_63_trashcan_0001_lifting_002796_002856.mp4,https://1drv.ms/v/c/e14d2464c52103f1/IQCkpj3QMne5TL5Foh8ZLMBFAU8xZ-zaOpNlixXFQxPkEaU,"A worker in a purple shirt and jeans lifts a trash can in the open warehouse aisle near pallet stacks, a yellow forklift, and industrial shelving.",,,,,,,,,,
P105,3,warehouse_3_event_62_largebox_0002_lifting_003389_003546.mp4,3,45,97,Hunavsim,Warehouse,3,largebox_0002,warehouse_3_event_62_largebox_0002_lifting_003389_003546.mp4,https://1drv.ms/v/c/e14d2464c52103f1/IQBDoK2zLC_1TrUwZfOxfTuMAcAyPJdroCWKp6tn1STPqT8,"A worker in a purple shirt and jeans lifts a large cardboard box in the open warehouse aisle near pallet stacks, a yellow forklift, and industrial shelving.",,,,,,,,,,
P105,4,warehouse_2_event_06_tripod_0001_carrying_000382_000415.mp4,4,46,41,Hunavsim,Warehouse,2,tripod_0001,warehouse_2_event_06_tripod_0001_carrying_000382_000415.mp4,https://1drv.ms/v/c/e14d2464c52103f1/IQC1HFwn3G8hQqbDS2vagrDLAZimAdqxvurs1REnJYwvFZc,"A person in a dark outfit or purple pants carries a tripod in a yellow-and-white warehouse with a forklift, blue bins, pallets, and tall metal racks.",,,,,,,,,,
P105,5,office_1_event_35_suitcase_0001_kicking_001926_001970.mp4,1,66,157,Hunavsim,Office,1,suitcase_0001,office_1_event_35_suitcase_0001_kicking_001926_001970.mp4,https://1drv.ms/v/c/e14d2464c52103f1/IQDDlxR7mBZwQZHbg1VRqzrUAVfSWM__-h8t9Wm6j0EEHug,"A person in dark clothing kicks a suitcase in a meeting-style office with rows of chairs, desks, monitors, and a dark patterned carpet.",,,,,,,,,,
P105,6,hospital_1_event_21_trashcan_0001_kicking_001950_002009.mp4,1,48,119,Hunavsim,Hospital,1,trashcan_0001,hospital_1_event_21_trashcan_0001_kicking_001950_002009.mp4,https://1drv.ms/v/c/e14d2464c52103f1/IQAUCGJ9KrSmSrkELjxw14svAR10RGUpHDeVGJMFNFD0Ksw,"A person in dark clothing near the hospital wall kicks a trash can in a hospital hallway with windows, yellow railings, benches, and blue storage carts.",,,,,,,,,,
P105,7,office_1_event_175_monitor_0005_lifting_007837_007879.mp4,1,63,216,Hunavsim,Office,1,monitor_0005,office_1_event_175_monitor_0005_lifting_007837_007879.mp4,https://1drv.ms/v/c/e14d2464c52103f1/IQDpiVniDgGgRpW5aCDWFKTrAVmkRB497Avqd7611w3Gd9s,"A person in a dark top near the office doorway lifts a computer monitor in a bright office room with desks, black chairs, computer monitors, doorway signage, and wall decorations.",,,,,,,,,,
P105,8,office_1_event_150_trashcan_0001_putting_down_005484_005535.mp4,5,68,197,Hunavsim,Office,1,trashcan_0001,office_1_event_150_trashcan_0001_putting_down_005484_005535.mp4,https://1drv.ms/v/c/e14d2464c52103f1/IQDAKwSiq6r4T7juaU1IOWDOAa4NmV1g8tQ2DphvER33hfI,"A person in a pink or light-colored outfit puts down a trash can in a bright office room with desks, black chairs, computer monitors, doorway signage, and wall decorations.",,,,,,,,,,
P105,9,tressider-2019-04-26_1_image_4_pushing_001426_001650_H119_O65000.mp4,4,11,14,JRDB,tressider-2019-04-26_1,4,trolley,tressider-2019-04-26_1_image_4_pushing_001426_001650_H119_O65000.mp4,https://1drv.ms/v/c/e14d2464c52103f1/IQBVtruApknzTKJzSK5U_MsVAVEk7VFEwuQNcDWTdD4fN1E,A person in a dark red top pushes a low trolley through a crowded cafe seating area.,https://1drv.ms/i/c/e14d2464c52103f1/IQBY1HYq075hTb1vH5GGLPEGAfnc1vtXQsx9F03EG4o_L5g,pushing,normal,large,open_space,object_motion_risk,,,VLM: pushing; human_state=normal; object_property=large; spatial_context=open_space; risk_factor=object_motion_risk; selected_frame=169; gt_activity=pushing; human_iou=0.747; object_iou=0.716,169
P105,10,svl-meeting-gates-2-2019-04-08_1_image_0_carrying_placing_merged_000087_000213_H10_O1.mp4,1,37,45,JRDB,svl-meeting-gates-2-2019-04-08_1,0,machines,svl-meeting-gates-2-2019-04-08_1_image_0_carrying_placing_merged_000087_000213_H10_O1.mp4,https://1drv.ms/v/c/e14d2464c52103f1/IQCWWYhUwcsrT4Vbsyn2iDL1AWrFfSU5-ibQWD3Z3AEcj6E,A man in a black polo bends near a chair while carrying and placing a small machine-like item.,https://1drv.ms/i/c/e14d2464c52103f1/IQCKr3vikeFiQYE3VDMesmMHAQ_tOnU5r1eccF9xDP4gPlw,hold,normal,small,open_space,none,,,VLM: hold; human_state=normal; object_property=small; spatial_context=open_space; risk_factor=none; selected_frame=95; gt_activity=carrying_placing; human_iou=1.000; object_iou=1.000,95
P106,1,warehouse_1_event_01_smallbox_0001_lift_000001_000030.mp4,1,42,1,Hunavsim,Warehouse,1,smallbox_0001,warehouse_1_event_01_smallbox_0001_lift_000001_000030.mp4,https://1drv.ms/v/c/e14d2464c52103f1/IQCp94UhK40QR6Ie45cVEvjzAXFmT2qbZUnPgZL6hZiPNJo,"A person in a dark outfit or purple pants lifts a small box in a yellow-and-white warehouse with a forklift, blue bins, pallets, and tall metal racks.",,,,,,,,,,
P106,2,warehouse_1_event_63_trashcan_0001_lifting_002796_002856.mp4,5,43,33,Hunavsim,Warehouse,1,trashcan_0001,warehouse_1_event_63_trashcan_0001_lifting_002796_002856.mp4,https://1drv.ms/v/c/e14d2464c52103f1/IQCkpj3QMne5TL5Foh8ZLMBFAU8xZ-zaOpNlixXFQxPkEaU,"A worker in a purple shirt and jeans lifts a trash can in the open warehouse aisle near pallet stacks, a yellow forklift, and industrial shelving.",,,,,,,,,,
P106,3,warehouse_3_event_62_largebox_0002_lifting_003389_003546.mp4,4,45,97,Hunavsim,Warehouse,3,largebox_0002,warehouse_3_event_62_largebox_0002_lifting_003389_003546.mp4,https://1drv.ms/v/c/e14d2464c52103f1/IQBDoK2zLC_1TrUwZfOxfTuMAcAyPJdroCWKp6tn1STPqT8,"A worker in a purple shirt and jeans lifts a large cardboard box in the open warehouse aisle near pallet stacks, a yellow forklift, and industrial shelving.",,,,,,,,,,
P106,4,warehouse_2_event_06_tripod_0001_carrying_000382_000415.mp4,5,46,41,Hunavsim,Warehouse,2,tripod_0001,warehouse_2_event_06_tripod_0001_carrying_000382_000415.mp4,https://1drv.ms/v/c/e14d2464c52103f1/IQC1HFwn3G8hQqbDS2vagrDLAZimAdqxvurs1REnJYwvFZc,"A person in a dark outfit or purple pants carries a tripod in a yellow-and-white warehouse with a forklift, blue bins, pallets, and tall metal racks.",,,,,,,,,,
P106,5,office_1_event_35_suitcase_0001_kicking_001926_001970.mp4,2,66,157,Hunavsim,Office,1,suitcase_0001,office_1_event_35_suitcase_0001_kicking_001926_001970.mp4,https://1drv.ms/v/c/e14d2464c52103f1/IQDDlxR7mBZwQZHbg1VRqzrUAVfSWM__-h8t9Wm6j0EEHug,"A person in dark clothing kicks a suitcase in a meeting-style office with rows of chairs, desks, monitors, and a dark patterned carpet.",,,,,,,,,,
P106,6,hospital_1_event_21_trashcan_0001_kicking_001950_002009.mp4,2,48,119,Hunavsim,Hospital,1,trashcan_0001,hospital_1_event_21_trashcan_0001_kicking_001950_002009.mp4,https://1drv.ms/v/c/e14d2464c52103f1/IQAUCGJ9KrSmSrkELjxw14svAR10RGUpHDeVGJMFNFD0Ksw,"A person in dark clothing near the hospital wall kicks a trash can in a hospital hallway with windows, yellow railings, benches, and blue storage carts.",,,,,,,,,,
P106,7,office_1_event_175_monitor_0005_lifting_007837_007879.mp4,2,63,216,Hunavsim,Office,1,monitor_0005,office_1_event_175_monitor_0005_lifting_007837_007879.mp4,https://1drv.ms/v/c/e14d2464c52103f1/IQDpiVniDgGgRpW5aCDWFKTrAVmkRB497Avqd7611w3Gd9s,"A person in a dark top near the office doorway lifts a computer monitor in a bright office room with desks, black chairs, computer monitors, doorway signage, and wall decorations.",,,,,,,,,,
P106,8,office_1_event_150_trashcan_0001_lifting_005536_005566.mp4,1,68,198,Hunavsim,Office,1,trashcan_0001,office_1_event_150_trashcan_0001_lifting_005536_005566.mp4,https://1drv.ms/v/c/e14d2464c52103f1/IQA3w9CQERg2QbcZlnSIyapNAa_au8v-tuAovoQTLYH6TnE,"A person in a pink or light-colored outfit lifts a trash can in a bright office room with desks, black chairs, computer monitors, doorway signage, and wall decorations.",,,,,,,,,,
P106,9,tressider-2019-04-26_1_image_4_pushing_001426_001650_H119_O65000.mp4,5,11,14,JRDB,tressider-2019-04-26_1,4,trolley,tressider-2019-04-26_1_image_4_pushing_001426_001650_H119_O65000.mp4,https://1drv.ms/v/c/e14d2464c52103f1/IQBVtruApknzTKJzSK5U_MsVAVEk7VFEwuQNcDWTdD4fN1E,A person in a dark red top pushes a low trolley through a crowded cafe seating area.,https://1drv.ms/i/c/e14d2464c52103f1/IQBY1HYq075hTb1vH5GGLPEGAfnc1vtXQsx9F03EG4o_L5g,pushing,normal,large,open_space,object_motion_risk,,,VLM: pushing; human_state=normal; object_property=large; spatial_context=open_space; risk_factor=object_motion_risk; selected_frame=169; gt_activity=pushing; human_iou=0.747; object_iou=0.716,169
P106,10,svl-meeting-gates-2-2019-04-08_1_image_0_carrying_placing_merged_000087_000213_H10_O1.mp4,2,37,45,JRDB,svl-meeting-gates-2-2019-04-08_1,0,machines,svl-meeting-gates-2-2019-04-08_1_image_0_carrying_placing_merged_000087_000213_H10_O1.mp4,https://1drv.ms/v/c/e14d2464c52103f1/IQCWWYhUwcsrT4Vbsyn2iDL1AWrFfSU5-ibQWD3Z3AEcj6E,A man in a black polo bends near a chair while carrying and placing a small machine-like item.,https://1drv.ms/i/c/e14d2464c52103f1/IQCKr3vikeFiQYE3VDMesmMHAQ_tOnU5r1eccF9xDP4gPlw,hold,normal,small,open_space,none,,,VLM: hold; human_state=normal; object_property=small; spatial_context=open_space; risk_factor=none; selected_frame=95; gt_activity=carrying_placing; human_iou=1.000; object_iou=1.000,95
P107,1,warehouse_1_event_01_smallbox_0001_lift_000001_000030.mp4,2,42,1,Hunavsim,Warehouse,1,smallbox_0001,warehouse_1_event_01_smallbox_0001_lift_000001_000030.mp4,https://1drv.ms/v/c/e14d2464c52103f1/IQCp94UhK40QR6Ie45cVEvjzAXFmT2qbZUnPgZL6hZiPNJo,"A person in a dark outfit or purple pants lifts a small box in a yellow-and-white warehouse with a forklift, blue bins, pallets, and tall metal racks.",,,,,,,,,,
P107,2,warehouse_2_event_01_trashcan_0001_carry_000004_000133.mp4,1,43,35,Hunavsim,Warehouse,2,trashcan_0001,warehouse_2_event_01_trashcan_0001_carry_000004_000133.mp4,https://1drv.ms/v/c/e14d2464c52103f1/IQC60MhnajYVRY4vBK3xqKSuAXP0ECvfntQ2e9aGd_1ajVA,"A person in a dark outfit or purple pants carries a trash can in a yellow-and-white warehouse with a forklift, blue bins, pallets, and tall metal racks.",,,,,,,,,,
P107,3,warehouse_3_event_62_largebox_0002_lifting_003389_003546.mp4,5,45,97,Hunavsim,Warehouse,3,largebox_0002,warehouse_3_event_62_largebox_0002_lifting_003389_003546.mp4,https://1drv.ms/v/c/e14d2464c52103f1/IQBDoK2zLC_1TrUwZfOxfTuMAcAyPJdroCWKp6tn1STPqT8,"A worker in a purple shirt and jeans lifts a large cardboard box in the open warehouse aisle near pallet stacks, a yellow forklift, and industrial shelving.",,,,,,,,,,
P107,4,warehouse_3_event_04_tripod_0001_put_down_000055_000123.mp4,1,46,61,Hunavsim,Warehouse,3,tripod_0001,warehouse_3_event_04_tripod_0001_put_down_000055_000123.mp4,https://1drv.ms/v/c/e14d2464c52103f1/IQCQdUPKQllBTJkGrpQl5SnXAYyRxsai26HnHFq5sdb1SCg,"A person in a dark outfit or purple pants puts down a tripod in a yellow-and-white warehouse with a forklift, blue bins, pallets, and tall metal racks.",,,,,,,,,,
P107,5,office_1_event_35_suitcase_0001_kicking_001926_001970.mp4,3,66,157,Hunavsim,Office,1,suitcase_0001,office_1_event_35_suitcase_0001_kicking_001926_001970.mp4,https://1drv.ms/v/c/e14d2464c52103f1/IQDDlxR7mBZwQZHbg1VRqzrUAVfSWM__-h8t9Wm6j0EEHug,"A person in dark clothing kicks a suitcase in a meeting-style office with rows of chairs, desks, monitors, and a dark patterned carpet.",,,,,,,,,,
P107,6,hospital_1_event_21_trashcan_0001_kicking_001950_002009.mp4,3,48,119,Hunavsim,Hospital,1,trashcan_0001,hospital_1_event_21_trashcan_0001_kicking_001950_002009.mp4,https://1drv.ms/v/c/e14d2464c52103f1/IQAUCGJ9KrSmSrkELjxw14svAR10RGUpHDeVGJMFNFD0Ksw,"A person in dark clothing near the hospital wall kicks a trash can in a hospital hallway with windows, yellow railings, benches, and blue storage carts.",,,,,,,,,,
P107,7,office_1_event_175_monitor_0005_lifting_007837_007879.mp4,3,63,216,Hunavsim,Office,1,monitor_0005,office_1_event_175_monitor_0005_lifting_007837_007879.mp4,https://1drv.ms/v/c/e14d2464c52103f1/IQDpiVniDgGgRpW5aCDWFKTrAVmkRB497Avqd7611w3Gd9s,"A person in a dark top near the office doorway lifts a computer monitor in a bright office room with desks, black chairs, computer monitors, doorway signage, and wall decorations.",,,,,,,,,,
P107,8,office_1_event_150_trashcan_0001_lifting_005536_005566.mp4,2,68,198,Hunavsim,Office,1,trashcan_0001,office_1_event_150_trashcan_0001_lifting_005536_005566.mp4,https://1drv.ms/v/c/e14d2464c52103f1/IQA3w9CQERg2QbcZlnSIyapNAa_au8v-tuAovoQTLYH6TnE,"A person in a pink or light-colored outfit lifts a trash can in a bright office room with desks, black chairs, computer monitors, doorway signage, and wall decorations.",,,,,,,,,,
P107,9,tressider-2019-04-26_3_image_8_working_000172_000396_H7_O3.mp4,1,12,15,JRDB,tressider-2019-04-26_3,8,machines,tressider-2019-04-26_3_image_8_working_000172_000396_H7_O3.mp4,https://1drv.ms/v/c/e14d2464c52103f1/IQDb26wU2yMST4vLQHXhcFo0Ad6J3_vcggLz9-BxOf_2568,A person in a dark cap and dark shirt works with a small machine-like item on a table or seat in a Starbucks seating area.,https://1drv.ms/i/c/e14d2464c52103f1/IQD4MunhGEOiTb_fqE_Cs48DAZGoSdCsNgj6xyS44qlpMO4,sit,normal,small,crowded,none,,,VLM: sit; human_state=normal; object_property=small; spatial_context=crowded; risk_factor=none; selected_frame=113; gt_activity=working; human_iou=0.000; object_iou=1.000,113
P107,10,svl-meeting-gates-2-2019-04-08_1_image_0_carrying_placing_merged_000087_000213_H10_O1.mp4,3,37,45,JRDB,svl-meeting-gates-2-2019-04-08_1,0,machines,svl-meeting-gates-2-2019-04-08_1_image_0_carrying_placing_merged_000087_000213_H10_O1.mp4,https://1drv.ms/v/c/e14d2464c52103f1/IQCWWYhUwcsrT4Vbsyn2iDL1AWrFfSU5-ibQWD3Z3AEcj6E,A man in a black polo bends near a chair while carrying and placing a small machine-like item.,https://1drv.ms/i/c/e14d2464c52103f1/IQCKr3vikeFiQYE3VDMesmMHAQ_tOnU5r1eccF9xDP4gPlw,hold,normal,small,open_space,none,,,VLM: hold; human_state=normal; object_property=small; spatial_context=open_space; risk_factor=none; selected_frame=95; gt_activity=carrying_placing; human_iou=1.000; object_iou=1.000,95
P108,1,warehouse_1_event_01_smallbox_0001_lift_000001_000030.mp4,3,42,1,Hunavsim,Warehouse,1,smallbox_0001,warehouse_1_event_01_smallbox_0001_lift_000001_000030.mp4,https://1drv.ms/v/c/e14d2464c52103f1/IQCp94UhK40QR6Ie45cVEvjzAXFmT2qbZUnPgZL6hZiPNJo,"A person in a dark outfit or purple pants lifts a small box in a yellow-and-white warehouse with a forklift, blue bins, pallets, and tall metal racks.",,,,,,,,,,
P108,2,warehouse_2_event_01_trashcan_0001_carry_000004_000133.mp4,2,43,35,Hunavsim,Warehouse,2,trashcan_0001,warehouse_2_event_01_trashcan_0001_carry_000004_000133.mp4,https://1drv.ms/v/c/e14d2464c52103f1/IQC60MhnajYVRY4vBK3xqKSuAXP0ECvfntQ2e9aGd_1ajVA,"A person in a dark outfit or purple pants carries a trash can in a yellow-and-white warehouse with a forklift, blue bins, pallets, and tall metal racks.",,,,,,,,,,
P108,3,warehouse_3_event_64_largebox_0002_put_down_003596_003663.mp4,1,45,98,Hunavsim,Warehouse,3,largebox_0002,warehouse_3_event_64_largebox_0002_put_down_003596_003663.mp4,https://1drv.ms/v/c/e14d2464c52103f1/IQAAAhrhowGNQ46Cho5x64CuAVJiHLmqJB85Ocnndcn3wg8,"A worker in a purple shirt and jeans puts down a large cardboard box in the open warehouse aisle near pallet stacks, a yellow forklift, and industrial shelving.",,,,,,,,,,
P108,4,warehouse_3_event_04_tripod_0001_put_down_000055_000123.mp4,2,46,61,Hunavsim,Warehouse,3,tripod_0001,warehouse_3_event_04_tripod_0001_put_down_000055_000123.mp4,https://1drv.ms/v/c/e14d2464c52103f1/IQCQdUPKQllBTJkGrpQl5SnXAYyRxsai26HnHFq5sdb1SCg,"A person in a dark outfit or purple pants puts down a tripod in a yellow-and-white warehouse with a forklift, blue bins, pallets, and tall metal racks.",,,,,,,,,,
P108,5,office_1_event_35_suitcase_0001_kicking_001926_001970.mp4,4,66,157,Hunavsim,Office,1,suitcase_0001,office_1_event_35_suitcase_0001_kicking_001926_001970.mp4,https://1drv.ms/v/c/e14d2464c52103f1/IQDDlxR7mBZwQZHbg1VRqzrUAVfSWM__-h8t9Wm6j0EEHug,"A person in dark clothing kicks a suitcase in a meeting-style office with rows of chairs, desks, monitors, and a dark patterned carpet.",,,,,,,,,,
P108,6,hospital_1_event_21_trashcan_0001_kicking_001950_002009.mp4,4,48,119,Hunavsim,Hospital,1,trashcan_0001,hospital_1_event_21_trashcan_0001_kicking_001950_002009.mp4,https://1drv.ms/v/c/e14d2464c52103f1/IQAUCGJ9KrSmSrkELjxw14svAR10RGUpHDeVGJMFNFD0Ksw,"A person in dark clothing near the hospital wall kicks a trash can in a hospital hallway with windows, yellow railings, benches, and blue storage carts.",,,,,,,,,,
P108,7,office_1_event_175_monitor_0005_lifting_007837_007879.mp4,4,63,216,Hunavsim,Office,1,monitor_0005,office_1_event_175_monitor_0005_lifting_007837_007879.mp4,https://1drv.ms/v/c/e14d2464c52103f1/IQDpiVniDgGgRpW5aCDWFKTrAVmkRB497Avqd7611w3Gd9s,"A person in a dark top near the office doorway lifts a computer monitor in a bright office room with desks, black chairs, computer monitors, doorway signage, and wall decorations.",,,,,,,,,,
P108,8,office_1_event_150_trashcan_0001_lifting_005536_005566.mp4,3,68,198,Hunavsim,Office,1,trashcan_0001,office_1_event_150_trashcan_0001_lifting_005536_005566.mp4,https://1drv.ms/v/c/e14d2464c52103f1/IQA3w9CQERg2QbcZlnSIyapNAa_au8v-tuAovoQTLYH6TnE,"A person in a pink or light-colored outfit lifts a trash can in a bright office room with desks, black chairs, computer monitors, doorway signage, and wall decorations.",,,,,,,,,,
P108,9,tressider-2019-04-26_3_image_8_working_000172_000396_H7_O3.mp4,2,12,15,JRDB,tressider-2019-04-26_3,8,machines,tressider-2019-04-26_3_image_8_working_000172_000396_H7_O3.mp4,https://1drv.ms/v/c/e14d2464c52103f1/IQDb26wU2yMST4vLQHXhcFo0Ad6J3_vcggLz9-BxOf_2568,A person in a dark cap and dark shirt works with a small machine-like item on a table or seat in a Starbucks seating area.,https://1drv.ms/i/c/e14d2464c52103f1/IQD4MunhGEOiTb_fqE_Cs48DAZGoSdCsNgj6xyS44qlpMO4,sit,normal,small,crowded,none,,,VLM: sit; human_state=normal; object_property=small; spatial_context=crowded; risk_factor=none; selected_frame=113; gt_activity=working; human_iou=0.000; object_iou=1.000,113
P108,10,svl-meeting-gates-2-2019-04-08_1_image_0_carrying_placing_merged_000087_000213_H10_O1.mp4,4,37,45,JRDB,svl-meeting-gates-2-2019-04-08_1,0,machines,svl-meeting-gates-2-2019-04-08_1_image_0_carrying_placing_merged_000087_000213_H10_O1.mp4,https://1drv.ms/v/c/e14d2464c52103f1/IQCWWYhUwcsrT4Vbsyn2iDL1AWrFfSU5-ibQWD3Z3AEcj6E,A man in a black polo bends near a chair while carrying and placing a small machine-like item.,https://1drv.ms/i/c/e14d2464c52103f1/IQCKr3vikeFiQYE3VDMesmMHAQ_tOnU5r1eccF9xDP4gPlw,hold,normal,small,open_space,none,,,VLM: hold; human_state=normal; object_property=small; spatial_context=open_space; risk_factor=none; selected_frame=95; gt_activity=carrying_placing; human_iou=1.000; object_iou=1.000,95
P109,1,warehouse_1_event_01_smallbox_0001_lift_000001_000030.mp4,4,42,1,Hunavsim,Warehouse,1,smallbox_0001,warehouse_1_event_01_smallbox_0001_lift_000001_000030.mp4,https://1drv.ms/v/c/e14d2464c52103f1/IQCp94UhK40QR6Ie45cVEvjzAXFmT2qbZUnPgZL6hZiPNJo,"A person in a dark outfit or purple pants lifts a small box in a yellow-and-white warehouse with a forklift, blue bins, pallets, and tall metal racks.",,,,,,,,,,
P109,2,warehouse_2_event_01_trashcan_0001_carry_000004_000133.mp4,3,43,35,Hunavsim,Warehouse,2,trashcan_0001,warehouse_2_event_01_trashcan_0001_carry_000004_000133.mp4,https://1drv.ms/v/c/e14d2464c52103f1/IQC60MhnajYVRY4vBK3xqKSuAXP0ECvfntQ2e9aGd_1ajVA,"A person in a dark outfit or purple pants carries a trash can in a yellow-and-white warehouse with a forklift, blue bins, pallets, and tall metal racks.",,,,,,,,,,
P109,3,warehouse_3_event_64_largebox_0002_put_down_003596_003663.mp4,2,45,98,Hunavsim,Warehouse,3,largebox_0002,warehouse_3_event_64_largebox_0002_put_down_003596_003663.mp4,https://1drv.ms/v/c/e14d2464c52103f1/IQAAAhrhowGNQ46Cho5x64CuAVJiHLmqJB85Ocnndcn3wg8,"A worker in a purple shirt and jeans puts down a large cardboard box in the open warehouse aisle near pallet stacks, a yellow forklift, and industrial shelving.",,,,,,,,,,
P109,4,warehouse_3_event_04_tripod_0001_put_down_000055_000123.mp4,3,46,61,Hunavsim,Warehouse,3,tripod_0001,warehouse_3_event_04_tripod_0001_put_down_000055_000123.mp4,https://1drv.ms/v/c/e14d2464c52103f1/IQCQdUPKQllBTJkGrpQl5SnXAYyRxsai26HnHFq5sdb1SCg,"A person in a dark outfit or purple pants puts down a tripod in a yellow-and-white warehouse with a forklift, blue bins, pallets, and tall metal racks.",,,,,,,,,,
P109,5,office_1_event_35_suitcase_0001_kicking_001926_001970.mp4,5,66,157,Hunavsim,Office,1,suitcase_0001,office_1_event_35_suitcase_0001_kicking_001926_001970.mp4,https://1drv.ms/v/c/e14d2464c52103f1/IQDDlxR7mBZwQZHbg1VRqzrUAVfSWM__-h8t9Wm6j0EEHug,"A person in dark clothing kicks a suitcase in a meeting-style office with rows of chairs, desks, monitors, and a dark patterned carpet.",,,,,,,,,,
P109,6,hospital_1_event_21_trashcan_0001_kicking_001950_002009.mp4,5,48,119,Hunavsim,Hospital,1,trashcan_0001,hospital_1_event_21_trashcan_0001_kicking_001950_002009.mp4,https://1drv.ms/v/c/e14d2464c52103f1/IQAUCGJ9KrSmSrkELjxw14svAR10RGUpHDeVGJMFNFD0Ksw,"A person in dark clothing near the hospital wall kicks a trash can in a hospital hallway with windows, yellow railings, benches, and blue storage carts.",,,,,,,,,,
P109,7,office_1_event_175_monitor_0005_lifting_007837_007879.mp4,5,63,216,Hunavsim,Office,1,monitor_0005,office_1_event_175_monitor_0005_lifting_007837_007879.mp4,https://1drv.ms/v/c/e14d2464c52103f1/IQDpiVniDgGgRpW5aCDWFKTrAVmkRB497Avqd7611w3Gd9s,"A person in a dark top near the office doorway lifts a computer monitor in a bright office room with desks, black chairs, computer monitors, doorway signage, and wall decorations.",,,,,,,,,,
P109,8,office_1_event_150_trashcan_0001_lifting_005536_005566.mp4,4,68,198,Hunavsim,Office,1,trashcan_0001,office_1_event_150_trashcan_0001_lifting_005536_005566.mp4,https://1drv.ms/v/c/e14d2464c52103f1/IQA3w9CQERg2QbcZlnSIyapNAa_au8v-tuAovoQTLYH6TnE,"A person in a pink or light-colored outfit lifts a trash can in a bright office room with desks, black chairs, computer monitors, doorway signage, and wall decorations.",,,,,,,,,,
P109,9,tressider-2019-04-26_3_image_8_working_000172_000396_H7_O3.mp4,3,12,15,JRDB,tressider-2019-04-26_3,8,machines,tressider-2019-04-26_3_image_8_working_000172_000396_H7_O3.mp4,https://1drv.ms/v/c/e14d2464c52103f1/IQDb26wU2yMST4vLQHXhcFo0Ad6J3_vcggLz9-BxOf_2568,A person in a dark cap and dark shirt works with a small machine-like item on a table or seat in a Starbucks seating area.,https://1drv.ms/i/c/e14d2464c52103f1/IQD4MunhGEOiTb_fqE_Cs48DAZGoSdCsNgj6xyS44qlpMO4,sit,normal,small,crowded,none,,,VLM: sit; human_state=normal; object_property=small; spatial_context=crowded; risk_factor=none; selected_frame=113; gt_activity=working; human_iou=0.000; object_iou=1.000,113
P109,10,svl-meeting-gates-2-2019-04-08_1_image_0_carrying_placing_merged_000087_000213_H10_O1.mp4,5,37,45,JRDB,svl-meeting-gates-2-2019-04-08_1,0,machines,svl-meeting-gates-2-2019-04-08_1_image_0_carrying_placing_merged_000087_000213_H10_O1.mp4,https://1drv.ms/v/c/e14d2464c52103f1/IQCWWYhUwcsrT4Vbsyn2iDL1AWrFfSU5-ibQWD3Z3AEcj6E,A man in a black polo bends near a chair while carrying and placing a small machine-like item.,https://1drv.ms/i/c/e14d2464c52103f1/IQCKr3vikeFiQYE3VDMesmMHAQ_tOnU5r1eccF9xDP4gPlw,hold,normal,small,open_space,none,,,VLM: hold; human_state=normal; object_property=small; spatial_context=open_space; risk_factor=none; selected_frame=95; gt_activity=carrying_placing; human_iou=1.000; object_iou=1.000,95
P110,1,warehouse_1_event_01_smallbox_0001_lift_000001_000030.mp4,5,42,1,Hunavsim,Warehouse,1,smallbox_0001,warehouse_1_event_01_smallbox_0001_lift_000001_000030.mp4,https://1drv.ms/v/c/e14d2464c52103f1/IQCp94UhK40QR6Ie45cVEvjzAXFmT2qbZUnPgZL6hZiPNJo,"A person in a dark outfit or purple pants lifts a small box in a yellow-and-white warehouse with a forklift, blue bins, pallets, and tall metal racks.",,,,,,,,,,
P110,2,warehouse_2_event_01_trashcan_0001_carry_000004_000133.mp4,4,43,35,Hunavsim,Warehouse,2,trashcan_0001,warehouse_2_event_01_trashcan_0001_carry_000004_000133.mp4,https://1drv.ms/v/c/e14d2464c52103f1/IQC60MhnajYVRY4vBK3xqKSuAXP0ECvfntQ2e9aGd_1ajVA,"A person in a dark outfit or purple pants carries a trash can in a yellow-and-white warehouse with a forklift, blue bins, pallets, and tall metal racks.",,,,,,,,,,
P110,3,warehouse_3_event_64_largebox_0002_put_down_003596_003663.mp4,3,45,98,Hunavsim,Warehouse,3,largebox_0002,warehouse_3_event_64_largebox_0002_put_down_003596_003663.mp4,https://1drv.ms/v/c/e14d2464c52103f1/IQAAAhrhowGNQ46Cho5x64CuAVJiHLmqJB85Ocnndcn3wg8,"A worker in a purple shirt and jeans puts down a large cardboard box in the open warehouse aisle near pallet stacks, a yellow forklift, and industrial shelving.",,,,,,,,,,
P110,4,warehouse_3_event_04_tripod_0001_put_down_000055_000123.mp4,4,46,61,Hunavsim,Warehouse,3,tripod_0001,warehouse_3_event_04_tripod_0001_put_down_000055_000123.mp4,https://1drv.ms/v/c/e14d2464c52103f1/IQCQdUPKQllBTJkGrpQl5SnXAYyRxsai26HnHFq5sdb1SCg,"A person in a dark outfit or purple pants puts down a tripod in a yellow-and-white warehouse with a forklift, blue bins, pallets, and tall metal racks.",,,,,,,,,,
P110,5,office_1_event_35_suitcase_0001_lifting_001971_002012.mp4,1,66,158,Hunavsim,Office,1,suitcase_0001,office_1_event_35_suitcase_0001_lifting_001971_002012.mp4,https://1drv.ms/v/c/e14d2464c52103f1/IQCmfHZGRGtnQbDXjYLZyf6PARQKsnO3O5wJvcs3HvHEHlI,"A person in dark clothing lifts a suitcase in a meeting-style office with rows of chairs, desks, monitors, and a dark patterned carpet.",,,,,,,,,,
P110,6,hospital_1_event_26_largetable_0001_lifting_002235_002304.mp4,1,51,120,Hunavsim,Hospital,1,largetable_0001,hospital_1_event_26_largetable_0001_lifting_002235_002304.mp4,https://1drv.ms/v/c/e14d2464c52103f1/IQDUpdWdvx2mSZEgyO0b_WisAaQ-Q6JxOHr3u7HhN73hyfE,"A person in a white clinical outfit lifts a large table in a hospital hallway with windows, yellow railings, benches, and blue storage carts.",,,,,,,,,,
P110,7,office_1_event_151_woodchair_0001_placing_005668_005724.mp4,1,71,199,Hunavsim,Office,1,woodchair_0001,office_1_event_151_woodchair_0001_placing_005668_005724.mp4,https://1drv.ms/v/c/e14d2464c52103f1/IQAhBLt0-dlGSohHOFo9O9YnAW49tRy9Bnz43FZQRoixJIQ,"A person in a pink or light-colored outfit places a wooden chair in a bright office room with desks, black chairs, computer monitors, doorway signage, and wall decorations.",,,,,,,,,,
P110,8,office_1_event_150_trashcan_0001_lifting_005536_005566.mp4,5,68,198,Hunavsim,Office,1,trashcan_0001,office_1_event_150_trashcan_0001_lifting_005536_005566.mp4,https://1drv.ms/v/c/e14d2464c52103f1/IQA3w9CQERg2QbcZlnSIyapNAa_au8v-tuAovoQTLYH6TnE,"A person in a pink or light-colored outfit lifts a trash can in a bright office room with desks, black chairs, computer monitors, doorway signage, and wall decorations.",,,,,,,,,,
P110,9,tressider-2019-04-26_3_image_8_working_000172_000396_H7_O3.mp4,4,12,15,JRDB,tressider-2019-04-26_3,8,machines,tressider-2019-04-26_3_image_8_working_000172_000396_H7_O3.mp4,https://1drv.ms/v/c/e14d2464c52103f1/IQDb26wU2yMST4vLQHXhcFo0Ad6J3_vcggLz9-BxOf_2568,A person in a dark cap and dark shirt works with a small machine-like item on a table or seat in a Starbucks seating area.,https://1drv.ms/i/c/e14d2464c52103f1/IQD4MunhGEOiTb_fqE_Cs48DAZGoSdCsNgj6xyS44qlpMO4,sit,normal,small,crowded,none,,,VLM: sit; human_state=normal; object_property=small; spatial_context=crowded; risk_factor=none; selected_frame=113; gt_activity=working; human_iou=0.000; object_iou=1.000,113
P110,10,gates-foyer-2019-01-17_0_image_0_packing_merged_001239_001458_H8_O65001.mp4,1,4,4,JRDB,gates-foyer-2019-01-17_0,0,trolley,gates-foyer-2019-01-17_0_image_0_packing_merged_001239_001458_H8_O65001.mp4,https://1drv.ms/v/c/e14d2464c52103f1/IQAi9O-mC0-5R4bFHQYO-hXeAQ38qgeNzLTNufYbgk9wRfo,A person in a dark top and light pants bends over and packs items into a black trolley near the entrance-side table.,https://1drv.ms/i/c/e14d2464c52103f1/IQBZjV_L45pJTo6X-ghicAkTAUpMyVXVcCfUG6hmX01A_u8,carries,normal,large,open_space,none,,,VLM: carries; human_state=normal; object_property=large; spatial_context=open_space; risk_factor=none; selected_frame=165; gt_activity=packing; human_iou=0.883; object_iou=1.000,165
P111,1,warehouse_1_event_32_smallbox_0001_kick_001404_001600.mp4,1,42,19,Hunavsim,Warehouse,1,smallbox_0001,warehouse_1_event_32_smallbox_0001_kick_001404_001600.mp4,https://1drv.ms/v/c/e14d2464c52103f1/IQC9v2y9CHghQZw_JuLfWTsYAbF9EIW9SfvAOmcNriZrUNA,"A worker in a yellow safety vest or a light uniform kicks a small box beside the white warehouse wall, yellow forklift, stacked pallets, and blue rolling bins.",,,,,,,,,,
P111,2,warehouse_2_event_01_trashcan_0001_carry_000004_000133.mp4,5,43,35,Hunavsim,Warehouse,2,trashcan_0001,warehouse_2_event_01_trashcan_0001_carry_000004_000133.mp4,https://1drv.ms/v/c/e14d2464c52103f1/IQC60MhnajYVRY4vBK3xqKSuAXP0ECvfntQ2e9aGd_1ajVA,"A person in a dark outfit or purple pants carries a trash can in a yellow-and-white warehouse with a forklift, blue bins, pallets, and tall metal racks.",,,,,,,,,,
P111,3,warehouse_3_event_64_largebox_0002_put_down_003596_003663.mp4,4,45,98,Hunavsim,Warehouse,3,largebox_0002,warehouse_3_event_64_largebox_0002_put_down_003596_003663.mp4,https://1drv.ms/v/c/e14d2464c52103f1/IQAAAhrhowGNQ46Cho5x64CuAVJiHLmqJB85Ocnndcn3wg8,"A worker in a purple shirt and jeans puts down a large cardboard box in the open warehouse aisle near pallet stacks, a yellow forklift, and industrial shelving.",,,,,,,,,,
P111,4,warehouse_3_event_04_tripod_0001_put_down_000055_000123.mp4,5,46,61,Hunavsim,Warehouse,3,tripod_0001,warehouse_3_event_04_tripod_0001_put_down_000055_000123.mp4,https://1drv.ms/v/c/e14d2464c52103f1/IQCQdUPKQllBTJkGrpQl5SnXAYyRxsai26HnHFq5sdb1SCg,"A person in a dark outfit or purple pants puts down a tripod in a yellow-and-white warehouse with a forklift, blue bins, pallets, and tall metal racks.",,,,,,,,,,
P111,5,office_1_event_35_suitcase_0001_lifting_001971_002012.mp4,2,66,158,Hunavsim,Office,1,suitcase_0001,office_1_event_35_suitcase_0001_lifting_001971_002012.mp4,https://1drv.ms/v/c/e14d2464c52103f1/IQCmfHZGRGtnQbDXjYLZyf6PARQKsnO3O5wJvcs3HvHEHlI,"A person in dark clothing lifts a suitcase in a meeting-style office with rows of chairs, desks, monitors, and a dark patterned carpet.",,,,,,,,,,
P111,6,hospital_1_event_26_largetable_0001_lifting_002235_002304.mp4,2,51,120,Hunavsim,Hospital,1,largetable_0001,hospital_1_event_26_largetable_0001_lifting_002235_002304.mp4,https://1drv.ms/v/c/e14d2464c52103f1/IQDUpdWdvx2mSZEgyO0b_WisAaQ-Q6JxOHr3u7HhN73hyfE,"A person in a white clinical outfit lifts a large table in a hospital hallway with windows, yellow railings, benches, and blue storage carts.",,,,,,,,,,
P111,7,office_1_event_151_woodchair_0001_placing_005668_005724.mp4,2,71,199,Hunavsim,Office,1,woodchair_0001,office_1_event_151_woodchair_0001_placing_005668_005724.mp4,https://1drv.ms/v/c/e14d2464c52103f1/IQAhBLt0-dlGSohHOFo9O9YnAW49tRy9Bnz43FZQRoixJIQ,"A person in a pink or light-colored outfit places a wooden chair in a bright office room with desks, black chairs, computer monitors, doorway signage, and wall decorations.",,,,,,,,,,
P111,8,packard-poster-session-2019-03-20_1_image_2_pulling_000189_000309_H21_O23.mp4,4,30,34,JRDB,packard-poster-session-2019-03-20_1,2,board,packard-poster-session-2019-03-20_1_image_2_pulling_000189_000309_H21_O23.mp4,https://1drv.ms/v/c/e14d2464c52103f1/IQDqAuKDNWyMRYIs64TSxKtNAQ4QKvxdn_57IIzfUlKptW0,A man in a gray sweater and tan pants pulls a large white display board or poster panel.,https://1drv.ms/i/c/e14d2464c52103f1/IQB76oF8RJu4R5SyXFASBJSZAfjppG0FRgbiaDVKC0AhwOs,hold,strained,large,open_space,object_motion_risk,,,VLM: hold; human_state=strained; object_property=large; spatial_context=open_space; risk_factor=object_motion_risk; selected_frame=31; gt_activity=pulling; human_iou=1.000; object_iou=1.000,31
P111,9,office_1_event_43_plasticbox_0001_kicking_002048_002148.mp4,1,64,159,Hunavsim,Office,1,plasticbox_0001,office_1_event_43_plasticbox_0001_kicking_002048_002148.mp4,https://1drv.ms/v/c/e14d2464c52103f1/IQBST3FmL-i8R7QZl3gOP7dEAY9UmG3lg5K0h8sOl8kol8Q,"A person in dark clothing kicks a plastic storage box in a meeting-style office with rows of chairs, desks, monitors, and a dark patterned carpet.",,,,,,,,,,
P111,10,gates-foyer-2019-01-17_0_image_0_packing_merged_001239_001458_H8_O65001.mp4,2,4,4,JRDB,gates-foyer-2019-01-17_0,0,trolley,gates-foyer-2019-01-17_0_image_0_packing_merged_001239_001458_H8_O65001.mp4,https://1drv.ms/v/c/e14d2464c52103f1/IQAi9O-mC0-5R4bFHQYO-hXeAQ38qgeNzLTNufYbgk9wRfo,A person in a dark top and light pants bends over and packs items into a black trolley near the entrance-side table.,https://1drv.ms/i/c/e14d2464c52103f1/IQBZjV_L45pJTo6X-ghicAkTAUpMyVXVcCfUG6hmX01A_u8,carries,normal,large,open_space,none,,,VLM: carries; human_state=normal; object_property=large; spatial_context=open_space; risk_factor=none; selected_frame=165; gt_activity=packing; human_iou=0.883; object_iou=1.000,165
P112,1,warehouse_1_event_32_smallbox_0001_kick_001404_001600.mp4,2,42,19,Hunavsim,Warehouse,1,smallbox_0001,warehouse_1_event_32_smallbox_0001_kick_001404_001600.mp4,https://1drv.ms/v/c/e14d2464c52103f1/IQC9v2y9CHghQZw_JuLfWTsYAbF9EIW9SfvAOmcNriZrUNA,"A worker in a yellow safety vest or a light uniform kicks a small box beside the white warehouse wall, yellow forklift, stacked pallets, and blue rolling bins.",,,,,,,,,,
P112,2,warehouse_2_event_05_trashcan_0001_carry_000321_000418.mp4,1,43,40,Hunavsim,Warehouse,2,trashcan_0001,warehouse_2_event_05_trashcan_0001_carry_000321_000418.mp4,https://1drv.ms/v/c/e14d2464c52103f1/IQAwwZrEUQMFTLdRJS0bhrzkAatSOf39J1JYiK8Kzm9B3Jo,"A person in a dark outfit or purple pants carries a trash can in a yellow-and-white warehouse with a forklift, blue bins, pallets, and tall metal racks.",,,,,,,,,,
P112,3,warehouse_3_event_64_largebox_0002_put_down_003596_003663.mp4,5,45,98,Hunavsim,Warehouse,3,largebox_0002,warehouse_3_event_64_largebox_0002_put_down_003596_003663.mp4,https://1drv.ms/v/c/e14d2464c52103f1/IQAAAhrhowGNQ46Cho5x64CuAVJiHLmqJB85Ocnndcn3wg8,"A worker in a purple shirt and jeans puts down a large cardboard box in the open warehouse aisle near pallet stacks, a yellow forklift, and industrial shelving.",,,,,,,,,,
P112,4,warehouse_3_event_18_tripod_0001_put_down_001124_001198.mp4,1,46,68,Hunavsim,Warehouse,3,tripod_0001,warehouse_3_event_18_tripod_0001_put_down_001124_001198.mp4,https://1drv.ms/v/c/e14d2464c52103f1/IQCtDYtHy0dIRrDOM6HW8YGpATh3jI3NaC-CM0PJPhhLlHY,"A worker in a yellow safety vest or a light uniform puts down a tripod beside the white warehouse wall, yellow forklift, stacked pallets, and blue rolling bins.",,,,,,,,,,
P112,5,office_1_event_35_suitcase_0001_lifting_001971_002012.mp4,3,66,158,Hunavsim,Office,1,suitcase_0001,office_1_event_35_suitcase_0001_lifting_001971_002012.mp4,https://1drv.ms/v/c/e14d2464c52103f1/IQCmfHZGRGtnQbDXjYLZyf6PARQKsnO3O5wJvcs3HvHEHlI,"A person in dark clothing lifts a suitcase in a meeting-style office with rows of chairs, desks, monitors, and a dark patterned carpet.",,,,,,,,,,
P112,6,hospital_1_event_26_largetable_0001_lifting_002235_002304.mp4,3,51,120,Hunavsim,Hospital,1,largetable_0001,hospital_1_event_26_largetable_0001_lifting_002235_002304.mp4,https://1drv.ms/v/c/e14d2464c52103f1/IQDUpdWdvx2mSZEgyO0b_WisAaQ-Q6JxOHr3u7HhN73hyfE,"A person in a white clinical outfit lifts a large table in a hospital hallway with windows, yellow railings, benches, and blue storage carts.",,,,,,,,,,
P112,7,office_1_event_151_woodchair_0001_placing_005668_005724.mp4,3,71,199,Hunavsim,Office,1,woodchair_0001,office_1_event_151_woodchair_0001_placing_005668_005724.mp4,https://1drv.ms/v/c/e14d2464c52103f1/IQAhBLt0-dlGSohHOFo9O9YnAW49tRy9Bnz43FZQRoixJIQ,"A person in a pink or light-colored outfit places a wooden chair in a bright office room with desks, black chairs, computer monitors, doorway signage, and wall decorations.",,,,,,,,,,
P112,8,packard-poster-session-2019-03-20_1_image_2_pulling_000189_000309_H21_O23.mp4,5,30,34,JRDB,packard-poster-session-2019-03-20_1,2,board,packard-poster-session-2019-03-20_1_image_2_pulling_000189_000309_H21_O23.mp4,https://1drv.ms/v/c/e14d2464c52103f1/IQDqAuKDNWyMRYIs64TSxKtNAQ4QKvxdn_57IIzfUlKptW0,A man in a gray sweater and tan pants pulls a large white display board or poster panel.,https://1drv.ms/i/c/e14d2464c52103f1/IQB76oF8RJu4R5SyXFASBJSZAfjppG0FRgbiaDVKC0AhwOs,hold,strained,large,open_space,object_motion_risk,,,VLM: hold; human_state=strained; object_property=large; spatial_context=open_space; risk_factor=object_motion_risk; selected_frame=31; gt_activity=pulling; human_iou=1.000; object_iou=1.000,31
P112,9,office_1_event_43_plasticbox_0001_kicking_002048_002148.mp4,2,64,159,Hunavsim,Office,1,plasticbox_0001,office_1_event_43_plasticbox_0001_kicking_002048_002148.mp4,https://1drv.ms/v/c/e14d2464c52103f1/IQBST3FmL-i8R7QZl3gOP7dEAY9UmG3lg5K0h8sOl8kol8Q,"A person in dark clothing kicks a plastic storage box in a meeting-style office with rows of chairs, desks, monitors, and a dark patterned carpet.",,,,,,,,,,
P112,10,gates-foyer-2019-01-17_0_image_0_packing_merged_001239_001458_H8_O65001.mp4,3,4,4,JRDB,gates-foyer-2019-01-17_0,0,trolley,gates-foyer-2019-01-17_0_image_0_packing_merged_001239_001458_H8_O65001.mp4,https://1drv.ms/v/c/e14d2464c52103f1/IQAi9O-mC0-5R4bFHQYO-hXeAQ38qgeNzLTNufYbgk9wRfo,A person in a dark top and light pants bends over and packs items into a black trolley near the entrance-side table.,https://1drv.ms/i/c/e14d2464c52103f1/IQBZjV_L45pJTo6X-ghicAkTAUpMyVXVcCfUG6hmX01A_u8,carries,normal,large,open_space,none,,,VLM: carries; human_state=normal; object_property=large; spatial_context=open_space; risk_factor=none; selected_frame=165; gt_activity=packing; human_iou=0.883; object_iou=1.000,165
P113,1,warehouse_1_event_32_smallbox_0001_kick_001404_001600.mp4,3,42,19,Hunavsim,Warehouse,1,smallbox_0001,warehouse_1_event_32_smallbox_0001_kick_001404_001600.mp4,https://1drv.ms/v/c/e14d2464c52103f1/IQC9v2y9CHghQZw_JuLfWTsYAbF9EIW9SfvAOmcNriZrUNA,"A worker in a yellow safety vest or a light uniform kicks a small box beside the white warehouse wall, yellow forklift, stacked pallets, and blue rolling bins.",,,,,,,,,,
P113,2,warehouse_2_event_05_trashcan_0001_carry_000321_000418.mp4,2,43,40,Hunavsim,Warehouse,2,trashcan_0001,warehouse_2_event_05_trashcan_0001_carry_000321_000418.mp4,https://1drv.ms/v/c/e14d2464c52103f1/IQAwwZrEUQMFTLdRJS0bhrzkAatSOf39J1JYiK8Kzm9B3Jo,"A person in a dark outfit or purple pants carries a trash can in a yellow-and-white warehouse with a forklift, blue bins, pallets, and tall metal racks.",,,,,,,,,,
P113,3,office_1_event_05_largebox_0001_kicking_000450_000550.mp4,1,55,134,Hunavsim,Office,1,largebox_0001,office_1_event_05_largebox_0001_kicking_000450_000550.mp4,https://1drv.ms/v/c/e14d2464c52103f1/IQCcqlVwNC8RR6W9fOBMUNsVAQ3uyw7Nb-7vcTroWV-Ue1I,"A person in a light shirt and dark pants kicks a large cardboard box in an office lobby with a long table, monitors, large windows, potted plants, and patterned carpet.",,,,,,,,,,
P113,4,warehouse_1_event_17_woodchair_0001_lift_000468_000655.mp4,1,47,10,Hunavsim,Warehouse,1,woodchair_0001,warehouse_1_event_17_woodchair_0001_lift_000468_000655.mp4,https://1drv.ms/v/c/e14d2464c52103f1/IQA9vgQxdoxfS7Cs8MGqJKN8ATgS5-6YcXHOY6PahA6xG_c,"A person in a dark outfit or purple pants lifts a wooden chair in a yellow-and-white warehouse with a forklift, blue bins, pallets, and tall metal racks.",,,,,,,,,,
P113,5,office_1_event_35_suitcase_0001_lifting_001971_002012.mp4,4,66,158,Hunavsim,Office,1,suitcase_0001,office_1_event_35_suitcase_0001_lifting_001971_002012.mp4,https://1drv.ms/v/c/e14d2464c52103f1/IQCmfHZGRGtnQbDXjYLZyf6PARQKsnO3O5wJvcs3HvHEHlI,"A person in dark clothing lifts a suitcase in a meeting-style office with rows of chairs, desks, monitors, and a dark patterned carpet.",,,,,,,,,,
P113,6,hospital_1_event_26_largetable_0001_lifting_002235_002304.mp4,4,51,120,Hunavsim,Hospital,1,largetable_0001,hospital_1_event_26_largetable_0001_lifting_002235_002304.mp4,https://1drv.ms/v/c/e14d2464c52103f1/IQDUpdWdvx2mSZEgyO0b_WisAaQ-Q6JxOHr3u7HhN73hyfE,"A person in a white clinical outfit lifts a large table in a hospital hallway with windows, yellow railings, benches, and blue storage carts.",,,,,,,,,,
P113,7,office_1_event_173_monitor_0004_lifting_007546_007596.mp4,2,62,208,Hunavsim,Office,1,monitor_0004,office_1_event_173_monitor_0004_lifting_007546_007596.mp4,https://1drv.ms/v/c/e14d2464c52103f1/IQAxLjDDihmxQqrTxogqYGLiARPV8punDG_n19uGsyQtgr4,"A person in a dark top near the office doorway lifts a computer monitor in a bright office room with desks, black chairs, computer monitors, doorway signage, and wall decorations.",,,,,,,,,,
P113,8,packard-poster-session-2019-03-20_1_image_2_placing_000616_000840_H21_O23.mp4,1,30,37,JRDB,packard-poster-session-2019-03-20_1,2,board,packard-poster-session-2019-03-20_1_image_2_placing_000616_000840_H21_O23.mp4,https://1drv.ms/v/c/e14d2464c52103f1/IQA2AGJGLW_nQaBNFOdgjJSrAVNXFYPgO6bb9ajC1LfO5_8,A seated or crouching person at the left places a large white display board near the floor.,https://1drv.ms/i/c/e14d2464c52103f1/IQDEOR4jBijAQZsmQ2C0FQROAV3uAoyP-TPp6WL2CpRVhp8,hold,normal,large,open_space,none,,,VLM: hold; human_state=normal; object_property=large; spatial_context=open_space; risk_factor=none; selected_frame=57; gt_activity=placing; human_iou=0.000; object_iou=0.837,57
P113,9,office_1_event_111_suitcase_0002_placing_004473_004517.mp4,1,67,190,Hunavsim,Office,1,suitcase_0002,office_1_event_111_suitcase_0002_placing_004473_004517.mp4,https://1drv.ms/v/c/e14d2464c52103f1/IQCi7oMO9FzbT5zfHMZSBrSYAcI4d8mETJnLzxMmslNGcKQ,"A person in a pink or light-colored outfit places a suitcase in a bright office room with desks, black chairs, computer monitors, doorway signage, and wall decorations.",,,,,,,,,,
P113,10,gates-foyer-2019-01-17_0_image_0_packing_merged_001239_001458_H8_O65001.mp4,4,4,4,JRDB,gates-foyer-2019-01-17_0,0,trolley,gates-foyer-2019-01-17_0_image_0_packing_merged_001239_001458_H8_O65001.mp4,https://1drv.ms/v/c/e14d2464c52103f1/IQAi9O-mC0-5R4bFHQYO-hXeAQ38qgeNzLTNufYbgk9wRfo,A person in a dark top and light pants bends over and packs items into a black trolley near the entrance-side table.,https://1drv.ms/i/c/e14d2464c52103f1/IQBZjV_L45pJTo6X-ghicAkTAUpMyVXVcCfUG6hmX01A_u8,carries,normal,large,open_space,none,,,VLM: carries; human_state=normal; object_property=large; spatial_context=open_space; risk_factor=none; selected_frame=165; gt_activity=packing; human_iou=0.883; object_iou=1.000,165
P114,1,warehouse_1_event_32_smallbox_0001_kick_001404_001600.mp4,4,42,19,Hunavsim,Warehouse,1,smallbox_0001,warehouse_1_event_32_smallbox_0001_kick_001404_001600.mp4,https://1drv.ms/v/c/e14d2464c52103f1/IQC9v2y9CHghQZw_JuLfWTsYAbF9EIW9SfvAOmcNriZrUNA,"A worker in a yellow safety vest or a light uniform kicks a small box beside the white warehouse wall, yellow forklift, stacked pallets, and blue rolling bins.",,,,,,,,,,
P114,2,warehouse_2_event_05_trashcan_0001_carry_000321_000418.mp4,3,43,40,Hunavsim,Warehouse,2,trashcan_0001,warehouse_2_event_05_trashcan_0001_carry_000321_000418.mp4,https://1drv.ms/v/c/e14d2464c52103f1/IQAwwZrEUQMFTLdRJS0bhrzkAatSOf39J1JYiK8Kzm9B3Jo,"A person in a dark outfit or purple pants carries a trash can in a yellow-and-white warehouse with a forklift, blue bins, pallets, and tall metal racks.",,,,,,,,,,
P114,3,office_1_event_05_largebox_0001_kicking_000450_000550.mp4,2,55,134,Hunavsim,Office,1,largebox_0001,office_1_event_05_largebox_0001_kicking_000450_000550.mp4,https://1drv.ms/v/c/e14d2464c52103f1/IQCcqlVwNC8RR6W9fOBMUNsVAQ3uyw7Nb-7vcTroWV-Ue1I,"A person in a light shirt and dark pants kicks a large cardboard box in an office lobby with a long table, monitors, large windows, potted plants, and patterned carpet.",,,,,,,,,,
P114,4,warehouse_1_event_17_woodchair_0001_lift_000468_000655.mp4,2,47,10,Hunavsim,Warehouse,1,woodchair_0001,warehouse_1_event_17_woodchair_0001_lift_000468_000655.mp4,https://1drv.ms/v/c/e14d2464c52103f1/IQA9vgQxdoxfS7Cs8MGqJKN8ATgS5-6YcXHOY6PahA6xG_c,"A person in a dark outfit or purple pants lifts a wooden chair in a yellow-and-white warehouse with a forklift, blue bins, pallets, and tall metal racks.",,,,,,,,,,
P114,5,office_1_event_35_suitcase_0001_lifting_001971_002012.mp4,5,66,158,Hunavsim,Office,1,suitcase_0001,office_1_event_35_suitcase_0001_lifting_001971_002012.mp4,https://1drv.ms/v/c/e14d2464c52103f1/IQCmfHZGRGtnQbDXjYLZyf6PARQKsnO3O5wJvcs3HvHEHlI,"A person in dark clothing lifts a suitcase in a meeting-style office with rows of chairs, desks, monitors, and a dark patterned carpet.",,,,,,,,,,
P114,6,hospital_1_event_26_largetable_0001_lifting_002235_002304.mp4,5,51,120,Hunavsim,Hospital,1,largetable_0001,hospital_1_event_26_largetable_0001_lifting_002235_002304.mp4,https://1drv.ms/v/c/e14d2464c52103f1/IQDUpdWdvx2mSZEgyO0b_WisAaQ-Q6JxOHr3u7HhN73hyfE,"A person in a white clinical outfit lifts a large table in a hospital hallway with windows, yellow railings, benches, and blue storage carts.",,,,,,,,,,
P114,7,office_1_event_173_monitor_0004_lifting_007546_007596.mp4,3,62,208,Hunavsim,Office,1,monitor_0004,office_1_event_173_monitor_0004_lifting_007546_007596.mp4,https://1drv.ms/v/c/e14d2464c52103f1/IQAxLjDDihmxQqrTxogqYGLiARPV8punDG_n19uGsyQtgr4,"A person in a dark top near the office doorway lifts a computer monitor in a bright office room with desks, black chairs, computer monitors, doorway signage, and wall decorations.",,,,,,,,,,
P114,8,packard-poster-session-2019-03-20_1_image_2_placing_000616_000840_H21_O23.mp4,2,30,37,JRDB,packard-poster-session-2019-03-20_1,2,board,packard-poster-session-2019-03-20_1_image_2_placing_000616_000840_H21_O23.mp4,https://1drv.ms/v/c/e14d2464c52103f1/IQA2AGJGLW_nQaBNFOdgjJSrAVNXFYPgO6bb9ajC1LfO5_8,A seated or crouching person at the left places a large white display board near the floor.,https://1drv.ms/i/c/e14d2464c52103f1/IQDEOR4jBijAQZsmQ2C0FQROAV3uAoyP-TPp6WL2CpRVhp8,hold,normal,large,open_space,none,,,VLM: hold; human_state=normal; object_property=large; spatial_context=open_space; risk_factor=none; selected_frame=57; gt_activity=placing; human_iou=0.000; object_iou=0.837,57
P114,9,office_1_event_111_suitcase_0002_placing_004473_004517.mp4,2,67,190,Hunavsim,Office,1,suitcase_0002,office_1_event_111_suitcase_0002_placing_004473_004517.mp4,https://1drv.ms/v/c/e14d2464c52103f1/IQCi7oMO9FzbT5zfHMZSBrSYAcI4d8mETJnLzxMmslNGcKQ,"A person in a pink or light-colored outfit places a suitcase in a bright office room with desks, black chairs, computer monitors, doorway signage, and wall decorations.",,,,,,,,,,
P114,10,gates-foyer-2019-01-17_0_image_0_packing_merged_001239_001458_H8_O65001.mp4,5,4,4,JRDB,gates-foyer-2019-01-17_0,0,trolley,gates-foyer-2019-01-17_0_image_0_packing_merged_001239_001458_H8_O65001.mp4,https://1drv.ms/v/c/e14d2464c52103f1/IQAi9O-mC0-5R4bFHQYO-hXeAQ38qgeNzLTNufYbgk9wRfo,A person in a dark top and light pants bends over and packs items into a black trolley near the entrance-side table.,https://1drv.ms/i/c/e14d2464c52103f1/IQBZjV_L45pJTo6X-ghicAkTAUpMyVXVcCfUG6hmX01A_u8,carries,normal,large,open_space,none,,,VLM: carries; human_state=normal; object_property=large; spatial_context=open_space; risk_factor=none; selected_frame=165; gt_activity=packing; human_iou=0.883; object_iou=1.000,165
P115,1,warehouse_1_event_32_smallbox_0001_kick_001404_001600.mp4,5,42,19,Hunavsim,Warehouse,1,smallbox_0001,warehouse_1_event_32_smallbox_0001_kick_001404_001600.mp4,https://1drv.ms/v/c/e14d2464c52103f1/IQC9v2y9CHghQZw_JuLfWTsYAbF9EIW9SfvAOmcNriZrUNA,"A worker in a yellow safety vest or a light uniform kicks a small box beside the white warehouse wall, yellow forklift, stacked pallets, and blue rolling bins.",,,,,,,,,,
P115,2,warehouse_2_event_05_trashcan_0001_carry_000321_000418.mp4,4,43,40,Hunavsim,Warehouse,2,trashcan_0001,warehouse_2_event_05_trashcan_0001_carry_000321_000418.mp4,https://1drv.ms/v/c/e14d2464c52103f1/IQAwwZrEUQMFTLdRJS0bhrzkAatSOf39J1JYiK8Kzm9B3Jo,"A person in a dark outfit or purple pants carries a trash can in a yellow-and-white warehouse with a forklift, blue bins, pallets, and tall metal racks.",,,,,,,,,,
P115,3,office_1_event_05_largebox_0001_kicking_000450_000550.mp4,3,55,134,Hunavsim,Office,1,largebox_0001,office_1_event_05_largebox_0001_kicking_000450_000550.mp4,https://1drv.ms/v/c/e14d2464c52103f1/IQCcqlVwNC8RR6W9fOBMUNsVAQ3uyw7Nb-7vcTroWV-Ue1I,"A person in a light shirt and dark pants kicks a large cardboard box in an office lobby with a long table, monitors, large windows, potted plants, and patterned carpet.",,,,,,,,,,
P115,4,warehouse_1_event_17_woodchair_0001_lift_000468_000655.mp4,3,47,10,Hunavsim,Warehouse,1,woodchair_0001,warehouse_1_event_17_woodchair_0001_lift_000468_000655.mp4,https://1drv.ms/v/c/e14d2464c52103f1/IQA9vgQxdoxfS7Cs8MGqJKN8ATgS5-6YcXHOY6PahA6xG_c,"A person in a dark outfit or purple pants lifts a wooden chair in a yellow-and-white warehouse with a forklift, blue bins, pallets, and tall metal racks.",,,,,,,,,,
P115,5,office_1_event_87_suitcase_0001_carrying_003698_003751.mp4,1,66,180,Hunavsim,Office,1,suitcase_0001,office_1_event_87_suitcase_0001_carrying_003698_003751.mp4,https://1drv.ms/v/c/e14d2464c52103f1/IQCPRQVsCX0iRrmdxjOOWfEsAUc0DdsAfWsNAf6wWWoae6Q,"A person in a white or gray outfit carries a suitcase in a meeting-style office with rows of chairs, desks, monitors, and a dark patterned carpet.",,,,,,,,,,
P115,6,hospital_1_event_26_largetable_0001_putting_down_002305_002333.mp4,1,51,121,Hunavsim,Hospital,1,largetable_0001,hospital_1_event_26_largetable_0001_putting_down_002305_002333.mp4,https://1drv.ms/v/c/e14d2464c52103f1/IQDbiqesRFv2TJzNBVFSPvXXAfHkq3SrZYWI6mElVv_oTMw,"A person in a white clinical outfit puts down a large table in a hospital hallway with windows, yellow railings, benches, and blue storage carts.",,,,,,,,,,
P115,7,office_1_event_173_monitor_0004_lifting_007546_007596.mp4,4,62,208,Hunavsim,Office,1,monitor_0004,office_1_event_173_monitor_0004_lifting_007546_007596.mp4,https://1drv.ms/v/c/e14d2464c52103f1/IQAxLjDDihmxQqrTxogqYGLiARPV8punDG_n19uGsyQtgr4,"A person in a dark top near the office doorway lifts a computer monitor in a bright office room with desks, black chairs, computer monitors, doorway signage, and wall decorations.",,,,,,,,,,
P115,8,packard-poster-session-2019-03-20_1_image_2_placing_000616_000840_H21_O23.mp4,3,30,37,JRDB,packard-poster-session-2019-03-20_1,2,board,packard-poster-session-2019-03-20_1_image_2_placing_000616_000840_H21_O23.mp4,https://1drv.ms/v/c/e14d2464c52103f1/IQA2AGJGLW_nQaBNFOdgjJSrAVNXFYPgO6bb9ajC1LfO5_8,A seated or crouching person at the left places a large white display board near the floor.,https://1drv.ms/i/c/e14d2464c52103f1/IQDEOR4jBijAQZsmQ2C0FQROAV3uAoyP-TPp6WL2CpRVhp8,hold,normal,large,open_space,none,,,VLM: hold; human_state=normal; object_property=large; spatial_context=open_space; risk_factor=none; selected_frame=57; gt_activity=placing; human_iou=0.000; object_iou=0.837,57
P115,9,office_1_event_111_suitcase_0002_placing_004473_004517.mp4,3,67,190,Hunavsim,Office,1,suitcase_0002,office_1_event_111_suitcase_0002_placing_004473_004517.mp4,https://1drv.ms/v/c/e14d2464c52103f1/IQCi7oMO9FzbT5zfHMZSBrSYAcI4d8mETJnLzxMmslNGcKQ,"A person in a pink or light-colored outfit places a suitcase in a bright office room with desks, black chairs, computer monitors, doorway signage, and wall decorations.",,,,,,,,,,
P115,10,tressider-2019-04-26_2_image_4_carrying_000736_000960_H34_O20.mp4,1,40,49,JRDB,tressider-2019-04-26_2,4,bag,tressider-2019-04-26_2_image_4_carrying_000736_000960_H34_O20.mp4,https://1drv.ms/v/c/e14d2464c52103f1/IQC2-a4JW9HUSrp9hFj-oDasAUwnhhUp-06NqD-HY8RVeCU,A woman in a light patterned top and shorts carries a small bag or item at the front of a cafe queue.,https://1drv.ms/i/c/e14d2464c52103f1/IQCgwRlGTKJqR5dvfA2gmhdXAZiOzfntYuKIx0brLEfUvW4,hold,normal,small,crowded,none,,,VLM: hold; human_state=normal; object_property=small; spatial_context=crowded; risk_factor=none; selected_frame=169; gt_activity=carrying; human_iou=1.000; object_iou=1.000,169
P116,1,warehouse_1_event_46_smallbox_0001_carrying_001998_002141.mp4,1,42,25,Hunavsim,Warehouse,1,smallbox_0001,warehouse_1_event_46_smallbox_0001_carrying_001998_002141.mp4,https://1drv.ms/v/c/e14d2464c52103f1/IQD_CPvq8-rgTai_COlbrtZ3AfHgqAUde-DTfnGODMpwPOU,"A person in a white or light gray outfit carries a small box beside the white warehouse wall, yellow forklift, stacked pallets, and blue rolling bins.",,,,,,,,,,
P116,2,warehouse_2_event_05_trashcan_0001_carry_000321_000418.mp4,5,43,40,Hunavsim,Warehouse,2,trashcan_0001,warehouse_2_event_05_trashcan_0001_carry_000321_000418.mp4,https://1drv.ms/v/c/e14d2464c52103f1/IQAwwZrEUQMFTLdRJS0bhrzkAatSOf39J1JYiK8Kzm9B3Jo,"A person in a dark outfit or purple pants carries a trash can in a yellow-and-white warehouse with a forklift, blue bins, pallets, and tall metal racks.",,,,,,,,,,
P116,3,office_1_event_05_largebox_0001_kicking_000450_000550.mp4,4,55,134,Hunavsim,Office,1,largebox_0001,office_1_event_05_largebox_0001_kicking_000450_000550.mp4,https://1drv.ms/v/c/e14d2464c52103f1/IQCcqlVwNC8RR6W9fOBMUNsVAQ3uyw7Nb-7vcTroWV-Ue1I,"A person in a light shirt and dark pants kicks a large cardboard box in an office lobby with a long table, monitors, large windows, potted plants, and patterned carpet.",,,,,,,,,,
P116,4,warehouse_1_event_17_woodchair_0001_lift_000468_000655.mp4,4,47,10,Hunavsim,Warehouse,1,woodchair_0001,warehouse_1_event_17_woodchair_0001_lift_000468_000655.mp4,https://1drv.ms/v/c/e14d2464c52103f1/IQA9vgQxdoxfS7Cs8MGqJKN8ATgS5-6YcXHOY6PahA6xG_c,"A person in a dark outfit or purple pants lifts a wooden chair in a yellow-and-white warehouse with a forklift, blue bins, pallets, and tall metal racks.",,,,,,,,,,
P116,5,office_1_event_87_suitcase_0001_carrying_003698_003751.mp4,2,66,180,Hunavsim,Office,1,suitcase_0001,office_1_event_87_suitcase_0001_carrying_003698_003751.mp4,https://1drv.ms/v/c/e14d2464c52103f1/IQCPRQVsCX0iRrmdxjOOWfEsAUc0DdsAfWsNAf6wWWoae6Q,"A person in a white or gray outfit carries a suitcase in a meeting-style office with rows of chairs, desks, monitors, and a dark patterned carpet.",,,,,,,,,,
P116,6,hospital_1_event_26_largetable_0001_putting_down_002305_002333.mp4,2,51,121,Hunavsim,Hospital,1,largetable_0001,hospital_1_event_26_largetable_0001_putting_down_002305_002333.mp4,https://1drv.ms/v/c/e14d2464c52103f1/IQDbiqesRFv2TJzNBVFSPvXXAfHkq3SrZYWI6mElVv_oTMw,"A person in a white clinical outfit puts down a large table in a hospital hallway with windows, yellow railings, benches, and blue storage carts.",,,,,,,,,,
P116,7,office_1_event_173_monitor_0004_lifting_007546_007596.mp4,5,62,208,Hunavsim,Office,1,monitor_0004,office_1_event_173_monitor_0004_lifting_007546_007596.mp4,https://1drv.ms/v/c/e14d2464c52103f1/IQAxLjDDihmxQqrTxogqYGLiARPV8punDG_n19uGsyQtgr4,"A person in a dark top near the office doorway lifts a computer monitor in a bright office room with desks, black chairs, computer monitors, doorway signage, and wall decorations.",,,,,,,,,,
P116,8,packard-poster-session-2019-03-20_1_image_2_placing_000616_000840_H21_O23.mp4,4,30,37,JRDB,packard-poster-session-2019-03-20_1,2,board,packard-poster-session-2019-03-20_1_image_2_placing_000616_000840_H21_O23.mp4,https://1drv.ms/v/c/e14d2464c52103f1/IQA2AGJGLW_nQaBNFOdgjJSrAVNXFYPgO6bb9ajC1LfO5_8,A seated or crouching person at the left places a large white display board near the floor.,https://1drv.ms/i/c/e14d2464c52103f1/IQDEOR4jBijAQZsmQ2C0FQROAV3uAoyP-TPp6WL2CpRVhp8,hold,normal,large,open_space,none,,,VLM: hold; human_state=normal; object_property=large; spatial_context=open_space; risk_factor=none; selected_frame=57; gt_activity=placing; human_iou=0.000; object_iou=0.837,57
P116,9,office_1_event_111_suitcase_0002_placing_004473_004517.mp4,4,67,190,Hunavsim,Office,1,suitcase_0002,office_1_event_111_suitcase_0002_placing_004473_004517.mp4,https://1drv.ms/v/c/e14d2464c52103f1/IQCi7oMO9FzbT5zfHMZSBrSYAcI4d8mETJnLzxMmslNGcKQ,"A person in a pink or light-colored outfit places a suitcase in a bright office room with desks, black chairs, computer monitors, doorway signage, and wall decorations.",,,,,,,,,,
P116,10,tressider-2019-04-26_2_image_4_carrying_000736_000960_H34_O20.mp4,2,40,49,JRDB,tressider-2019-04-26_2,4,bag,tressider-2019-04-26_2_image_4_carrying_000736_000960_H34_O20.mp4,https://1drv.ms/v/c/e14d2464c52103f1/IQC2-a4JW9HUSrp9hFj-oDasAUwnhhUp-06NqD-HY8RVeCU,A woman in a light patterned top and shorts carries a small bag or item at the front of a cafe queue.,https://1drv.ms/i/c/e14d2464c52103f1/IQCgwRlGTKJqR5dvfA2gmhdXAZiOzfntYuKIx0brLEfUvW4,hold,normal,small,crowded,none,,,VLM: hold; human_state=normal; object_property=small; spatial_context=crowded; risk_factor=none; selected_frame=169; gt_activity=carrying; human_iou=1.000; object_iou=1.000,169
P117,1,warehouse_1_event_46_smallbox_0001_carrying_001998_002141.mp4,2,42,25,Hunavsim,Warehouse,1,smallbox_0001,warehouse_1_event_46_smallbox_0001_carrying_001998_002141.mp4,https://1drv.ms/v/c/e14d2464c52103f1/IQD_CPvq8-rgTai_COlbrtZ3AfHgqAUde-DTfnGODMpwPOU,"A person in a white or light gray outfit carries a small box beside the white warehouse wall, yellow forklift, stacked pallets, and blue rolling bins.",,,,,,,,,,
P117,2,warehouse_2_event_10_trashcan_0001_put_down_000461_000495.mp4,1,43,42,Hunavsim,Warehouse,2,trashcan_0001,warehouse_2_event_10_trashcan_0001_put_down_000461_000495.mp4,https://1drv.ms/v/c/e14d2464c52103f1/IQBwvwA8Mk5vSYMQP0EgnVCnAWv-gcGRBqvwHAzOmloxR9c,"A person in a dark outfit or purple pants puts down a trash can in a yellow-and-white warehouse with a forklift, blue bins, pallets, and tall metal racks.",,,,,,,,,,
P117,3,office_1_event_05_largebox_0001_kicking_000450_000550.mp4,5,55,134,Hunavsim,Office,1,largebox_0001,office_1_event_05_largebox_0001_kicking_000450_000550.mp4,https://1drv.ms/v/c/e14d2464c52103f1/IQCcqlVwNC8RR6W9fOBMUNsVAQ3uyw7Nb-7vcTroWV-Ue1I,"A person in a light shirt and dark pants kicks a large cardboard box in an office lobby with a long table, monitors, large windows, potted plants, and patterned carpet.",,,,,,,,,,
P117,4,warehouse_1_event_17_woodchair_0001_lift_000468_000655.mp4,5,47,10,Hunavsim,Warehouse,1,woodchair_0001,warehouse_1_event_17_woodchair_0001_lift_000468_000655.mp4,https://1drv.ms/v/c/e14d2464c52103f1/IQA9vgQxdoxfS7Cs8MGqJKN8ATgS5-6YcXHOY6PahA6xG_c,"A person in a dark outfit or purple pants lifts a wooden chair in a yellow-and-white warehouse with a forklift, blue bins, pallets, and tall metal racks.",,,,,,,,,,
P117,5,office_1_event_87_suitcase_0001_carrying_003698_003751.mp4,3,66,180,Hunavsim,Office,1,suitcase_0001,office_1_event_87_suitcase_0001_carrying_003698_003751.mp4,https://1drv.ms/v/c/e14d2464c52103f1/IQCPRQVsCX0iRrmdxjOOWfEsAUc0DdsAfWsNAf6wWWoae6Q,"A person in a white or gray outfit carries a suitcase in a meeting-style office with rows of chairs, desks, monitors, and a dark patterned carpet.",,,,,,,,,,
P117,6,hospital_1_event_26_largetable_0001_putting_down_002305_002333.mp4,3,51,121,Hunavsim,Hospital,1,largetable_0001,hospital_1_event_26_largetable_0001_putting_down_002305_002333.mp4,https://1drv.ms/v/c/e14d2464c52103f1/IQDbiqesRFv2TJzNBVFSPvXXAfHkq3SrZYWI6mElVv_oTMw,"A person in a white clinical outfit puts down a large table in a hospital hallway with windows, yellow railings, benches, and blue storage carts.",,,,,,,,,,
P117,7,office_1_event_173_monitor_0004_carrying_007597_007627.mp4,1,62,209,Hunavsim,Office,1,monitor_0004,office_1_event_173_monitor_0004_carrying_007597_007627.mp4,https://1drv.ms/v/c/e14d2464c52103f1/IQB3QdRngTbFR5BgEDHmDAekAdIbbpjih8nXuEG3ywRCL4A,"A person in a dark top near the office doorway carries a computer monitor in a bright office room with desks, black chairs, computer monitors, doorway signage, and wall decorations.",,,,,,,,,,
P117,8,packard-poster-session-2019-03-20_1_image_2_placing_000616_000840_H21_O23.mp4,5,30,37,JRDB,packard-poster-session-2019-03-20_1,2,board,packard-poster-session-2019-03-20_1_image_2_placing_000616_000840_H21_O23.mp4,https://1drv.ms/v/c/e14d2464c52103f1/IQA2AGJGLW_nQaBNFOdgjJSrAVNXFYPgO6bb9ajC1LfO5_8,A seated or crouching person at the left places a large white display board near the floor.,https://1drv.ms/i/c/e14d2464c52103f1/IQDEOR4jBijAQZsmQ2C0FQROAV3uAoyP-TPp6WL2CpRVhp8,hold,normal,large,open_space,none,,,VLM: hold; human_state=normal; object_property=large; spatial_context=open_space; risk_factor=none; selected_frame=57; gt_activity=placing; human_iou=0.000; object_iou=0.837,57
P117,9,office_1_event_111_suitcase_0002_placing_004473_004517.mp4,5,67,190,Hunavsim,Office,1,suitcase_0002,office_1_event_111_suitcase_0002_placing_004473_004517.mp4,https://1drv.ms/v/c/e14d2464c52103f1/IQCi7oMO9FzbT5zfHMZSBrSYAcI4d8mETJnLzxMmslNGcKQ,"A person in a pink or light-colored outfit places a suitcase in a bright office room with desks, black chairs, computer monitors, doorway signage, and wall decorations.",,,,,,,,,,
P117,10,tressider-2019-04-26_2_image_4_carrying_000736_000960_H34_O20.mp4,3,40,49,JRDB,tressider-2019-04-26_2,4,bag,tressider-2019-04-26_2_image_4_carrying_000736_000960_H34_O20.mp4,https://1drv.ms/v/c/e14d2464c52103f1/IQC2-a4JW9HUSrp9hFj-oDasAUwnhhUp-06NqD-HY8RVeCU,A woman in a light patterned top and shorts carries a small bag or item at the front of a cafe queue.,https://1drv.ms/i/c/e14d2464c52103f1/IQCgwRlGTKJqR5dvfA2gmhdXAZiOzfntYuKIx0brLEfUvW4,hold,normal,small,crowded,none,,,VLM: hold; human_state=normal; object_property=small; spatial_context=crowded; risk_factor=none; selected_frame=169; gt_activity=carrying; human_iou=1.000; object_iou=1.000,169
P118,1,warehouse_1_event_46_smallbox_0001_carrying_001998_002141.mp4,3,42,25,Hunavsim,Warehouse,1,smallbox_0001,warehouse_1_event_46_smallbox_0001_carrying_001998_002141.mp4,https://1drv.ms/v/c/e14d2464c52103f1/IQD_CPvq8-rgTai_COlbrtZ3AfHgqAUde-DTfnGODMpwPOU,"A person in a white or light gray outfit carries a small box beside the white warehouse wall, yellow forklift, stacked pallets, and blue rolling bins.",,,,,,,,,,
P118,2,warehouse_2_event_10_trashcan_0001_put_down_000461_000495.mp4,2,43,42,Hunavsim,Warehouse,2,trashcan_0001,warehouse_2_event_10_trashcan_0001_put_down_000461_000495.mp4,https://1drv.ms/v/c/e14d2464c52103f1/IQBwvwA8Mk5vSYMQP0EgnVCnAWv-gcGRBqvwHAzOmloxR9c,"A person in a dark outfit or purple pants puts down a trash can in a yellow-and-white warehouse with a forklift, blue bins, pallets, and tall metal racks.",,,,,,,,,,
P118,3,office_1_event_05_largebox_0001_carrying_000551_000642.mp4,1,55,135,Hunavsim,Office,1,largebox_0001,office_1_event_05_largebox_0001_carrying_000551_000642.mp4,https://1drv.ms/v/c/e14d2464c52103f1/IQDfZM23DSsYTqbdnw8Mjj-nAR82TsayJCtC3jj595XG_5I,"A person in a light shirt and dark pants carries a large cardboard box in an office lobby with a long table, monitors, large windows, potted plants, and patterned carpet.",,,,,,,,,,
P118,4,warehouse_2_event_02_woodchair_0001_carrying_000070_000169.mp4,1,47,36,Hunavsim,Warehouse,2,woodchair_0001,warehouse_2_event_02_woodchair_0001_carrying_000070_000169.mp4,https://1drv.ms/v/c/e14d2464c52103f1/IQAgODmzhy4uQax87N1UlQ0GAVZcxbFj7kYg1wBT5NMT-Fc,"A person in a dark outfit or purple pants carries a wooden chair in a yellow-and-white warehouse with a forklift, blue bins, pallets, and tall metal racks.",,,,,,,,,,
P118,5,office_1_event_87_suitcase_0001_carrying_003698_003751.mp4,4,66,180,Hunavsim,Office,1,suitcase_0001,office_1_event_87_suitcase_0001_carrying_003698_003751.mp4,https://1drv.ms/v/c/e14d2464c52103f1/IQCPRQVsCX0iRrmdxjOOWfEsAUc0DdsAfWsNAf6wWWoae6Q,"A person in a white or gray outfit carries a suitcase in a meeting-style office with rows of chairs, desks, monitors, and a dark patterned carpet.",,,,,,,,,,
P118,6,hospital_1_event_26_largetable_0001_putting_down_002305_002333.mp4,4,51,121,Hunavsim,Hospital,1,largetable_0001,hospital_1_event_26_largetable_0001_putting_down_002305_002333.mp4,https://1drv.ms/v/c/e14d2464c52103f1/IQDbiqesRFv2TJzNBVFSPvXXAfHkq3SrZYWI6mElVv_oTMw,"A person in a white clinical outfit puts down a large table in a hospital hallway with windows, yellow railings, benches, and blue storage carts.",,,,,,,,,,
P118,7,office_1_event_173_monitor_0004_carrying_007597_007627.mp4,2,62,209,Hunavsim,Office,1,monitor_0004,office_1_event_173_monitor_0004_carrying_007597_007627.mp4,https://1drv.ms/v/c/e14d2464c52103f1/IQB3QdRngTbFR5BgEDHmDAekAdIbbpjih8nXuEG3ywRCL4A,"A person in a dark top near the office doorway carries a computer monitor in a bright office room with desks, black chairs, computer monitors, doorway signage, and wall decorations.",,,,,,,,,,
P118,8,packard-poster-session-2019-03-20_1_image_2_picking_up_000312_000408_H20_O23.mp4,1,31,35,JRDB,packard-poster-session-2019-03-20_1,2,board,packard-poster-session-2019-03-20_1_image_2_picking_up_000312_000408_H20_O23.mp4,https://1drv.ms/v/c/e14d2464c52103f1/IQAujhRacmq0QrBfXaGbEn7qAYgYZ6Pl86pMSt8c__nYon4,A man in a gray sweater and tan pants bends down to pick up a large white display board from the floor.,https://1drv.ms/i/c/e14d2464c52103f1/IQDDiEmAUZ2bSIVFYYbLpEaLAd0gVuGU28yIEvJ6KH0X8p0,hold,normal,large,open_space,none,,,VLM: hold; human_state=normal; object_property=large; spatial_context=open_space; risk_factor=none; selected_frame=74; gt_activity=picking_up; human_iou=1.000; object_iou=1.000,74
P118,9,office_1_event_111_suitcase_0002_kicking_004518_004644.mp4,1,67,191,Hunavsim,Office,1,suitcase_0002,office_1_event_111_suitcase_0002_kicking_004518_004644.mp4,https://1drv.ms/v/c/e14d2464c52103f1/IQD4vblNE5AeR5QpP8x_2PzsAc3v8iNUhLxe6UCdTFXgG8c,"A person in a pink or light-colored outfit kicks a suitcase in a bright office room with desks, black chairs, computer monitors, doorway signage, and wall decorations.",,,,,,,,,,
P118,10,tressider-2019-04-26_2_image_4_carrying_000736_000960_H34_O20.mp4,4,40,49,JRDB,tressider-2019-04-26_2,4,bag,tressider-2019-04-26_2_image_4_carrying_000736_000960_H34_O20.mp4,https://1drv.ms/v/c/e14d2464c52103f1/IQC2-a4JW9HUSrp9hFj-oDasAUwnhhUp-06NqD-HY8RVeCU,A woman in a light patterned top and shorts carries a small bag or item at the front of a cafe queue.,https://1drv.ms/i/c/e14d2464c52103f1/IQCgwRlGTKJqR5dvfA2gmhdXAZiOzfntYuKIx0brLEfUvW4,hold,normal,small,crowded,none,,,VLM: hold; human_state=normal; object_property=small; spatial_context=crowded; risk_factor=none; selected_frame=169; gt_activity=carrying; human_iou=1.000; object_iou=1.000,169
P119,1,warehouse_1_event_46_smallbox_0001_carrying_001998_002141.mp4,4,42,25,Hunavsim,Warehouse,1,smallbox_0001,warehouse_1_event_46_smallbox_0001_carrying_001998_002141.mp4,https://1drv.ms/v/c/e14d2464c52103f1/IQD_CPvq8-rgTai_COlbrtZ3AfHgqAUde-DTfnGODMpwPOU,"A person in a white or light gray outfit carries a small box beside the white warehouse wall, yellow forklift, stacked pallets, and blue rolling bins.",,,,,,,,,,
P119,2,warehouse_2_event_10_trashcan_0001_put_down_000461_000495.mp4,3,43,42,Hunavsim,Warehouse,2,trashcan_0001,warehouse_2_event_10_trashcan_0001_put_down_000461_000495.mp4,https://1drv.ms/v/c/e14d2464c52103f1/IQBwvwA8Mk5vSYMQP0EgnVCnAWv-gcGRBqvwHAzOmloxR9c,"A person in a dark outfit or purple pants puts down a trash can in a yellow-and-white warehouse with a forklift, blue bins, pallets, and tall metal racks.",,,,,,,,,,
P119,3,office_1_event_05_largebox_0001_carrying_000551_000642.mp4,2,55,135,Hunavsim,Office,1,largebox_0001,office_1_event_05_largebox_0001_carrying_000551_000642.mp4,https://1drv.ms/v/c/e14d2464c52103f1/IQDfZM23DSsYTqbdnw8Mjj-nAR82TsayJCtC3jj595XG_5I,"A person in a light shirt and dark pants carries a large cardboard box in an office lobby with a long table, monitors, large windows, potted plants, and patterned carpet.",,,,,,,,,,
P119,4,warehouse_2_event_02_woodchair_0001_carrying_000070_000169.mp4,2,47,36,Hunavsim,Warehouse,2,woodchair_0001,warehouse_2_event_02_woodchair_0001_carrying_000070_000169.mp4,https://1drv.ms/v/c/e14d2464c52103f1/IQAgODmzhy4uQax87N1UlQ0GAVZcxbFj7kYg1wBT5NMT-Fc,"A person in a dark outfit or purple pants carries a wooden chair in a yellow-and-white warehouse with a forklift, blue bins, pallets, and tall metal racks.",,,,,,,,,,
P119,5,office_1_event_87_suitcase_0001_carrying_003698_003751.mp4,5,66,180,Hunavsim,Office,1,suitcase_0001,office_1_event_87_suitcase_0001_carrying_003698_003751.mp4,https://1drv.ms/v/c/e14d2464c52103f1/IQCPRQVsCX0iRrmdxjOOWfEsAUc0DdsAfWsNAf6wWWoae6Q,"A person in a white or gray outfit carries a suitcase in a meeting-style office with rows of chairs, desks, monitors, and a dark patterned carpet.",,,,,,,,,,
P119,6,hospital_1_event_26_largetable_0001_putting_down_002305_002333.mp4,5,51,121,Hunavsim,Hospital,1,largetable_0001,hospital_1_event_26_largetable_0001_putting_down_002305_002333.mp4,https://1drv.ms/v/c/e14d2464c52103f1/IQDbiqesRFv2TJzNBVFSPvXXAfHkq3SrZYWI6mElVv_oTMw,"A person in a white clinical outfit puts down a large table in a hospital hallway with windows, yellow railings, benches, and blue storage carts.",,,,,,,,,,
P119,7,office_1_event_173_monitor_0004_carrying_007597_007627.mp4,3,62,209,Hunavsim,Office,1,monitor_0004,office_1_event_173_monitor_0004_carrying_007597_007627.mp4,https://1drv.ms/v/c/e14d2464c52103f1/IQB3QdRngTbFR5BgEDHmDAekAdIbbpjih8nXuEG3ywRCL4A,"A person in a dark top near the office doorway carries a computer monitor in a bright office room with desks, black chairs, computer monitors, doorway signage, and wall decorations.",,,,,,,,,,
P119,8,packard-poster-session-2019-03-20_1_image_2_picking_up_000312_000408_H20_O23.mp4,2,31,35,JRDB,packard-poster-session-2019-03-20_1,2,board,packard-poster-session-2019-03-20_1_image_2_picking_up_000312_000408_H20_O23.mp4,https://1drv.ms/v/c/e14d2464c52103f1/IQAujhRacmq0QrBfXaGbEn7qAYgYZ6Pl86pMSt8c__nYon4,A man in a gray sweater and tan pants bends down to pick up a large white display board from the floor.,https://1drv.ms/i/c/e14d2464c52103f1/IQDDiEmAUZ2bSIVFYYbLpEaLAd0gVuGU28yIEvJ6KH0X8p0,hold,normal,large,open_space,none,,,VLM: hold; human_state=normal; object_property=large; spatial_context=open_space; risk_factor=none; selected_frame=74; gt_activity=picking_up; human_iou=1.000; object_iou=1.000,74
P119,9,office_1_event_111_suitcase_0002_kicking_004518_004644.mp4,2,67,191,Hunavsim,Office,1,suitcase_0002,office_1_event_111_suitcase_0002_kicking_004518_004644.mp4,https://1drv.ms/v/c/e14d2464c52103f1/IQD4vblNE5AeR5QpP8x_2PzsAc3v8iNUhLxe6UCdTFXgG8c,"A person in a pink or light-colored outfit kicks a suitcase in a bright office room with desks, black chairs, computer monitors, doorway signage, and wall decorations.",,,,,,,,,,
P119,10,tressider-2019-04-26_2_image_4_carrying_000736_000960_H34_O20.mp4,5,40,49,JRDB,tressider-2019-04-26_2,4,bag,tressider-2019-04-26_2_image_4_carrying_000736_000960_H34_O20.mp4,https://1drv.ms/v/c/e14d2464c52103f1/IQC2-a4JW9HUSrp9hFj-oDasAUwnhhUp-06NqD-HY8RVeCU,A woman in a light patterned top and shorts carries a small bag or item at the front of a cafe queue.,https://1drv.ms/i/c/e14d2464c52103f1/IQCgwRlGTKJqR5dvfA2gmhdXAZiOzfntYuKIx0brLEfUvW4,hold,normal,small,crowded,none,,,VLM: hold; human_state=normal; object_property=small; spatial_context=crowded; risk_factor=none; selected_frame=169; gt_activity=carrying; human_iou=1.000; object_iou=1.000,169
P120,1,warehouse_1_event_46_smallbox_0001_carrying_001998_002141.mp4,5,42,25,Hunavsim,Warehouse,1,smallbox_0001,warehouse_1_event_46_smallbox_0001_carrying_001998_002141.mp4,https://1drv.ms/v/c/e14d2464c52103f1/IQD_CPvq8-rgTai_COlbrtZ3AfHgqAUde-DTfnGODMpwPOU,"A person in a white or light gray outfit carries a small box beside the white warehouse wall, yellow forklift, stacked pallets, and blue rolling bins.",,,,,,,,,,
P120,2,warehouse_2_event_10_trashcan_0001_put_down_000461_000495.mp4,4,43,42,Hunavsim,Warehouse,2,trashcan_0001,warehouse_2_event_10_trashcan_0001_put_down_000461_000495.mp4,https://1drv.ms/v/c/e14d2464c52103f1/IQBwvwA8Mk5vSYMQP0EgnVCnAWv-gcGRBqvwHAzOmloxR9c,"A person in a dark outfit or purple pants puts down a trash can in a yellow-and-white warehouse with a forklift, blue bins, pallets, and tall metal racks.",,,,,,,,,,
P120,3,office_1_event_05_largebox_0001_carrying_000551_000642.mp4,3,55,135,Hunavsim,Office,1,largebox_0001,office_1_event_05_largebox_0001_carrying_000551_000642.mp4,https://1drv.ms/v/c/e14d2464c52103f1/IQDfZM23DSsYTqbdnw8Mjj-nAR82TsayJCtC3jj595XG_5I,"A person in a light shirt and dark pants carries a large cardboard box in an office lobby with a long table, monitors, large windows, potted plants, and patterned carpet.",,,,,,,,,,
P120,4,warehouse_2_event_02_woodchair_0001_carrying_000070_000169.mp4,3,47,36,Hunavsim,Warehouse,2,woodchair_0001,warehouse_2_event_02_woodchair_0001_carrying_000070_000169.mp4,https://1drv.ms/v/c/e14d2464c52103f1/IQAgODmzhy4uQax87N1UlQ0GAVZcxbFj7kYg1wBT5NMT-Fc,"A person in a dark outfit or purple pants carries a wooden chair in a yellow-and-white warehouse with a forklift, blue bins, pallets, and tall metal racks.",,,,,,,,,,
P120,5,office_1_event_87_suitcase_0001_putting_down_003752_003774.mp4,1,66,181,Hunavsim,Office,1,suitcase_0001,office_1_event_87_suitcase_0001_putting_down_003752_003774.mp4,https://1drv.ms/v/c/e14d2464c52103f1/IQBddoCv2ZJmQ4Ye2M372pvsAZK7GL81Q-zHOi35C9o7AHA,"A person in a white or gray outfit puts down a suitcase in a meeting-style office with rows of chairs, desks, monitors, and a dark patterned carpet.",,,,,,,,,,
P120,6,hospital_1_event_26_largetable_0001_lift_002334_002395.mp4,1,51,122,Hunavsim,Hospital,1,largetable_0001,hospital_1_event_26_largetable_0001_lift_002334_002395.mp4,https://1drv.ms/v/c/e14d2464c52103f1/IQARbsoC9fqtT4CXZ8DVSomtAZFuxJ7gUPhU3L2RctrYsLM,"A person in a white clinical outfit lifts a large table in a hospital hallway with windows, yellow railings, benches, and blue storage carts.",,,,,,,,,,
P120,7,office_1_event_173_monitor_0004_carrying_007597_007627.mp4,4,62,209,Hunavsim,Office,1,monitor_0004,office_1_event_173_monitor_0004_carrying_007597_007627.mp4,https://1drv.ms/v/c/e14d2464c52103f1/IQB3QdRngTbFR5BgEDHmDAekAdIbbpjih8nXuEG3ywRCL4A,"A person in a dark top near the office doorway carries a computer monitor in a bright office room with desks, black chairs, computer monitors, doorway signage, and wall decorations.",,,,,,,,,,
P120,8,packard-poster-session-2019-03-20_1_image_2_picking_up_000312_000408_H20_O23.mp4,3,31,35,JRDB,packard-poster-session-2019-03-20_1,2,board,packard-poster-session-2019-03-20_1_image_2_picking_up_000312_000408_H20_O23.mp4,https://1drv.ms/v/c/e14d2464c52103f1/IQAujhRacmq0QrBfXaGbEn7qAYgYZ6Pl86pMSt8c__nYon4,A man in a gray sweater and tan pants bends down to pick up a large white display board from the floor.,https://1drv.ms/i/c/e14d2464c52103f1/IQDDiEmAUZ2bSIVFYYbLpEaLAd0gVuGU28yIEvJ6KH0X8p0,hold,normal,large,open_space,none,,,VLM: hold; human_state=normal; object_property=large; spatial_context=open_space; risk_factor=none; selected_frame=74; gt_activity=picking_up; human_iou=1.000; object_iou=1.000,74
P120,9,office_1_event_111_suitcase_0002_kicking_004518_004644.mp4,3,67,191,Hunavsim,Office,1,suitcase_0002,office_1_event_111_suitcase_0002_kicking_004518_004644.mp4,https://1drv.ms/v/c/e14d2464c52103f1/IQD4vblNE5AeR5QpP8x_2PzsAc3v8iNUhLxe6UCdTFXgG8c,"A person in a pink or light-colored outfit kicks a suitcase in a bright office room with desks, black chairs, computer monitors, doorway signage, and wall decorations.",,,,,,,,,,
P120,10,gates-foyer-2019-01-17_0_image_0_packing_001263_001434_H11_O65002.mp4,1,5,5,JRDB,gates-foyer-2019-01-17_0,0,trolley,gates-foyer-2019-01-17_0_image_0_packing_001263_001434_H11_O65002.mp4,https://1drv.ms/v/c/e14d2464c52103f1/IQBe3p7nws-cTJhzslyW176VAXxANZ68R2g4jpw1ieBIb_k,A slim person in dark clothing near the left wall handles or packs a low trolley beside a table.,https://1drv.ms/i/c/e14d2464c52103f1/IQCVG1liEmjAT6cNHqtjZ8YUAV9wCBNyNVjLLd_YPfmtB4M,hold,normal,large,open_space,none,,,VLM: hold; human_state=normal; object_property=large; spatial_context=open_space; risk_factor=none; selected_frame=87; gt_activity=packing; human_iou=0.688; object_iou=0.684,87
P121,1,warehouse_1_event_46_smallbox_0001_putting_down_002142_002205.mp4,1,42,26,Hunavsim,Warehouse,1,smallbox_0001,warehouse_1_event_46_smallbox_0001_putting_down_002142_002205.mp4,https://1drv.ms/v/c/e14d2464c52103f1/IQCZMQSbSw4MR5CnWQZeVgBzAbgI46QBzM92PVEwJ1GEtFg,"A person in a white or light gray outfit puts down a small box beside the white warehouse wall, yellow forklift, stacked pallets, and blue rolling bins.",,,,,,,,,,
P121,2,warehouse_2_event_10_trashcan_0001_put_down_000461_000495.mp4,5,43,42,Hunavsim,Warehouse,2,trashcan_0001,warehouse_2_event_10_trashcan_0001_put_down_000461_000495.mp4,https://1drv.ms/v/c/e14d2464c52103f1/IQBwvwA8Mk5vSYMQP0EgnVCnAWv-gcGRBqvwHAzOmloxR9c,"A person in a dark outfit or purple pants puts down a trash can in a yellow-and-white warehouse with a forklift, blue bins, pallets, and tall metal racks.",,,,,,,,,,
P121,3,office_1_event_05_largebox_0001_carrying_000551_000642.mp4,4,55,135,Hunavsim,Office,1,largebox_0001,office_1_event_05_largebox_0001_carrying_000551_000642.mp4,https://1drv.ms/v/c/e14d2464c52103f1/IQDfZM23DSsYTqbdnw8Mjj-nAR82TsayJCtC3jj595XG_5I,"A person in a light shirt and dark pants carries a large cardboard box in an office lobby with a long table, monitors, large windows, potted plants, and patterned carpet.",,,,,,,,,,
P121,4,warehouse_2_event_02_woodchair_0001_carrying_000070_000169.mp4,4,47,36,Hunavsim,Warehouse,2,woodchair_0001,warehouse_2_event_02_woodchair_0001_carrying_000070_000169.mp4,https://1drv.ms/v/c/e14d2464c52103f1/IQAgODmzhy4uQax87N1UlQ0GAVZcxbFj7kYg1wBT5NMT-Fc,"A person in a dark outfit or purple pants carries a wooden chair in a yellow-and-white warehouse with a forklift, blue bins, pallets, and tall metal racks.",,,,,,,,,,
P121,5,office_1_event_87_suitcase_0001_putting_down_003752_003774.mp4,2,66,181,Hunavsim,Office,1,suitcase_0001,office_1_event_87_suitcase_0001_putting_down_003752_003774.mp4,https://1drv.ms/v/c/e14d2464c52103f1/IQBddoCv2ZJmQ4Ye2M372pvsAZK7GL81Q-zHOi35C9o7AHA,"A person in a white or gray outfit puts down a suitcase in a meeting-style office with rows of chairs, desks, monitors, and a dark patterned carpet.",,,,,,,,,,
P121,6,hospital_1_event_26_largetable_0001_lift_002334_002395.mp4,2,51,122,Hunavsim,Hospital,1,largetable_0001,hospital_1_event_26_largetable_0001_lift_002334_002395.mp4,https://1drv.ms/v/c/e14d2464c52103f1/IQARbsoC9fqtT4CXZ8DVSomtAZFuxJ7gUPhU3L2RctrYsLM,"A person in a white clinical outfit lifts a large table in a hospital hallway with windows, yellow railings, benches, and blue storage carts.",,,,,,,,,,
P121,7,office_1_event_173_monitor_0004_carrying_007597_007627.mp4,5,62,209,Hunavsim,Office,1,monitor_0004,office_1_event_173_monitor_0004_carrying_007597_007627.mp4,https://1drv.ms/v/c/e14d2464c52103f1/IQB3QdRngTbFR5BgEDHmDAekAdIbbpjih8nXuEG3ywRCL4A,"A person in a dark top near the office doorway carries a computer monitor in a bright office room with desks, black chairs, computer monitors, doorway signage, and wall decorations.",,,,,,,,,,
P121,8,packard-poster-session-2019-03-20_1_image_2_picking_up_000312_000408_H20_O23.mp4,4,31,35,JRDB,packard-poster-session-2019-03-20_1,2,board,packard-poster-session-2019-03-20_1_image_2_picking_up_000312_000408_H20_O23.mp4,https://1drv.ms/v/c/e14d2464c52103f1/IQAujhRacmq0QrBfXaGbEn7qAYgYZ6Pl86pMSt8c__nYon4,A man in a gray sweater and tan pants bends down to pick up a large white display board from the floor.,https://1drv.ms/i/c/e14d2464c52103f1/IQDDiEmAUZ2bSIVFYYbLpEaLAd0gVuGU28yIEvJ6KH0X8p0,hold,normal,large,open_space,none,,,VLM: hold; human_state=normal; object_property=large; spatial_context=open_space; risk_factor=none; selected_frame=74; gt_activity=picking_up; human_iou=1.000; object_iou=1.000,74
P121,9,office_1_event_111_suitcase_0002_kicking_004518_004644.mp4,4,67,191,Hunavsim,Office,1,suitcase_0002,office_1_event_111_suitcase_0002_kicking_004518_004644.mp4,https://1drv.ms/v/c/e14d2464c52103f1/IQD4vblNE5AeR5QpP8x_2PzsAc3v8iNUhLxe6UCdTFXgG8c,"A person in a pink or light-colored outfit kicks a suitcase in a bright office room with desks, black chairs, computer monitors, doorway signage, and wall decorations.",,,,,,,,,,
P121,10,gates-foyer-2019-01-17_0_image_0_packing_001263_001434_H11_O65002.mp4,2,5,5,JRDB,gates-foyer-2019-01-17_0,0,trolley,gates-foyer-2019-01-17_0_image_0_packing_001263_001434_H11_O65002.mp4,https://1drv.ms/v/c/e14d2464c52103f1/IQBe3p7nws-cTJhzslyW176VAXxANZ68R2g4jpw1ieBIb_k,A slim person in dark clothing near the left wall handles or packs a low trolley beside a table.,https://1drv.ms/i/c/e14d2464c52103f1/IQCVG1liEmjAT6cNHqtjZ8YUAV9wCBNyNVjLLd_YPfmtB4M,hold,normal,large,open_space,none,,,VLM: hold; human_state=normal; object_property=large; spatial_context=open_space; risk_factor=none; selected_frame=87; gt_activity=packing; human_iou=0.688; object_iou=0.684,87
P122,1,warehouse_1_event_46_smallbox_0001_putting_down_002142_002205.mp4,2,42,26,Hunavsim,Warehouse,1,smallbox_0001,warehouse_1_event_46_smallbox_0001_putting_down_002142_002205.mp4,https://1drv.ms/v/c/e14d2464c52103f1/IQCZMQSbSw4MR5CnWQZeVgBzAbgI46QBzM92PVEwJ1GEtFg,"A person in a white or light gray outfit puts down a small box beside the white warehouse wall, yellow forklift, stacked pallets, and blue rolling bins.",,,,,,,,,,
P122,2,warehouse_2_event_30_trashcan_0001_kick_001752_001852.mp4,1,43,56,Hunavsim,Warehouse,2,trashcan_0001,warehouse_2_event_30_trashcan_0001_kick_001752_001852.mp4,https://1drv.ms/v/c/e14d2464c52103f1/IQCdHPlxoSTRQZwEKN7yeAbwAeqDZob5Tx3NPTmL5iizuRg,"A person in a white or light gray outfit kicks a trash can beside the white warehouse wall, yellow forklift, stacked pallets, and blue rolling bins.",,,,,,,,,,
P122,3,office_1_event_05_largebox_0001_carrying_000551_000642.mp4,5,55,135,Hunavsim,Office,1,largebox_0001,office_1_event_05_largebox_0001_carrying_000551_000642.mp4,https://1drv.ms/v/c/e14d2464c52103f1/IQDfZM23DSsYTqbdnw8Mjj-nAR82TsayJCtC3jj595XG_5I,"A person in a light shirt and dark pants carries a large cardboard box in an office lobby with a long table, monitors, large windows, potted plants, and patterned carpet.",,,,,,,,,,
P122,4,warehouse_2_event_02_woodchair_0001_carrying_000070_000169.mp4,5,47,36,Hunavsim,Warehouse,2,woodchair_0001,warehouse_2_event_02_woodchair_0001_carrying_000070_000169.mp4,https://1drv.ms/v/c/e14d2464c52103f1/IQAgODmzhy4uQax87N1UlQ0GAVZcxbFj7kYg1wBT5NMT-Fc,"A person in a dark outfit or purple pants carries a wooden chair in a yellow-and-white warehouse with a forklift, blue bins, pallets, and tall metal racks.",,,,,,,,,,
P122,5,office_1_event_87_suitcase_0001_putting_down_003752_003774.mp4,3,66,181,Hunavsim,Office,1,suitcase_0001,office_1_event_87_suitcase_0001_putting_down_003752_003774.mp4,https://1drv.ms/v/c/e14d2464c52103f1/IQBddoCv2ZJmQ4Ye2M372pvsAZK7GL81Q-zHOi35C9o7AHA,"A person in a white or gray outfit puts down a suitcase in a meeting-style office with rows of chairs, desks, monitors, and a dark patterned carpet.",,,,,,,,,,
P122,6,hospital_1_event_26_largetable_0001_lift_002334_002395.mp4,3,51,122,Hunavsim,Hospital,1,largetable_0001,hospital_1_event_26_largetable_0001_lift_002334_002395.mp4,https://1drv.ms/v/c/e14d2464c52103f1/IQARbsoC9fqtT4CXZ8DVSomtAZFuxJ7gUPhU3L2RctrYsLM,"A person in a white clinical outfit lifts a large table in a hospital hallway with windows, yellow railings, benches, and blue storage carts.",,,,,,,,,,
P122,7,office_1_event_173_monitor_0004_putting_down_007628_007651.mp4,1,62,210,Hunavsim,Office,1,monitor_0004,office_1_event_173_monitor_0004_putting_down_007628_007651.mp4,https://1drv.ms/v/c/e14d2464c52103f1/IQBNGa_EHhUERIzKVqcqlRyXAdap-ZP4eZCL7guZTuW_yf8,"A person in a dark top near the office doorway puts down a computer monitor in a bright office room with desks, black chairs, computer monitors, doorway signage, and wall decorations.",,,,,,,,,,
P122,8,packard-poster-session-2019-03-20_1_image_2_picking_up_000312_000408_H20_O23.mp4,5,31,35,JRDB,packard-poster-session-2019-03-20_1,2,board,packard-poster-session-2019-03-20_1_image_2_picking_up_000312_000408_H20_O23.mp4,https://1drv.ms/v/c/e14d2464c52103f1/IQAujhRacmq0QrBfXaGbEn7qAYgYZ6Pl86pMSt8c__nYon4,A man in a gray sweater and tan pants bends down to pick up a large white display board from the floor.,https://1drv.ms/i/c/e14d2464c52103f1/IQDDiEmAUZ2bSIVFYYbLpEaLAd0gVuGU28yIEvJ6KH0X8p0,hold,normal,large,open_space,none,,,VLM: hold; human_state=normal; object_property=large; spatial_context=open_space; risk_factor=none; selected_frame=74; gt_activity=picking_up; human_iou=1.000; object_iou=1.000,74
P122,9,office_1_event_111_suitcase_0002_kicking_004518_004644.mp4,5,67,191,Hunavsim,Office,1,suitcase_0002,office_1_event_111_suitcase_0002_kicking_004518_004644.mp4,https://1drv.ms/v/c/e14d2464c52103f1/IQD4vblNE5AeR5QpP8x_2PzsAc3v8iNUhLxe6UCdTFXgG8c,"A person in a pink or light-colored outfit kicks a suitcase in a bright office room with desks, black chairs, computer monitors, doorway signage, and wall decorations.",,,,,,,,,,
P122,10,gates-foyer-2019-01-17_0_image_0_packing_001263_001434_H11_O65002.mp4,3,5,5,JRDB,gates-foyer-2019-01-17_0,0,trolley,gates-foyer-2019-01-17_0_image_0_packing_001263_001434_H11_O65002.mp4,https://1drv.ms/v/c/e14d2464c52103f1/IQBe3p7nws-cTJhzslyW176VAXxANZ68R2g4jpw1ieBIb_k,A slim person in dark clothing near the left wall handles or packs a low trolley beside a table.,https://1drv.ms/i/c/e14d2464c52103f1/IQCVG1liEmjAT6cNHqtjZ8YUAV9wCBNyNVjLLd_YPfmtB4M,hold,normal,large,open_space,none,,,VLM: hold; human_state=normal; object_property=large; spatial_context=open_space; risk_factor=none; selected_frame=87; gt_activity=packing; human_iou=0.688; object_iou=0.684,87
P123,1,warehouse_1_event_46_smallbox_0001_putting_down_002142_002205.mp4,3,42,26,Hunavsim,Warehouse,1,smallbox_0001,warehouse_1_event_46_smallbox_0001_putting_down_002142_002205.mp4,https://1drv.ms/v/c/e14d2464c52103f1/IQCZMQSbSw4MR5CnWQZeVgBzAbgI46QBzM92PVEwJ1GEtFg,"A person in a white or light gray outfit puts down a small box beside the white warehouse wall, yellow forklift, stacked pallets, and blue rolling bins.",,,,,,,,,,
P123,2,warehouse_2_event_30_trashcan_0001_kick_001752_001852.mp4,2,43,56,Hunavsim,Warehouse,2,trashcan_0001,warehouse_2_event_30_trashcan_0001_kick_001752_001852.mp4,https://1drv.ms/v/c/e14d2464c52103f1/IQCdHPlxoSTRQZwEKN7yeAbwAeqDZob5Tx3NPTmL5iizuRg,"A person in a white or light gray outfit kicks a trash can beside the white warehouse wall, yellow forklift, stacked pallets, and blue rolling bins.",,,,,,,,,,
P123,3,office_1_event_09_largebox_0001_kicking_000682_000711.mp4,1,55,140,Hunavsim,Office,1,largebox_0001,office_1_event_09_largebox_0001_kicking_000682_000711.mp4,https://1drv.ms/v/c/e14d2464c52103f1/IQAkRBTZ4mnTTpaQHelhQTLJAQ5URZbdfIW6VY-jOTem9n0,"A person in a light shirt and dark pants kicks a large cardboard box in an office lobby with a long table, monitors, large windows, potted plants, and patterned carpet.",,,,,,,,,,
P123,4,warehouse_2_event_02_woodchair_0001_placing_000170_000230.mp4,1,47,37,Hunavsim,Warehouse,2,woodchair_0001,warehouse_2_event_02_woodchair_0001_placing_000170_000230.mp4,https://1drv.ms/v/c/e14d2464c52103f1/IQB8NLpCyNcxSK5gW-Q0uNCfAWVGq3Ndkb4v67lR0A8gxN0,"A person in a dark outfit or purple pants places a wooden chair in a yellow-and-white warehouse with a forklift, blue bins, pallets, and tall metal racks.",,,,,,,,,,
P123,5,office_1_event_87_suitcase_0001_putting_down_003752_003774.mp4,4,66,181,Hunavsim,Office,1,suitcase_0001,office_1_event_87_suitcase_0001_putting_down_003752_003774.mp4,https://1drv.ms/v/c/e14d2464c52103f1/IQBddoCv2ZJmQ4Ye2M372pvsAZK7GL81Q-zHOi35C9o7AHA,"A person in a white or gray outfit puts down a suitcase in a meeting-style office with rows of chairs, desks, monitors, and a dark patterned carpet.",,,,,,,,,,
P123,6,hospital_1_event_26_largetable_0001_lift_002334_002395.mp4,4,51,122,Hunavsim,Hospital,1,largetable_0001,hospital_1_event_26_largetable_0001_lift_002334_002395.mp4,https://1drv.ms/v/c/e14d2464c52103f1/IQARbsoC9fqtT4CXZ8DVSomtAZFuxJ7gUPhU3L2RctrYsLM,"A person in a white clinical outfit lifts a large table in a hospital hallway with windows, yellow railings, benches, and blue storage carts.",,,,,,,,,,
P123,7,office_1_event_173_monitor_0004_putting_down_007628_007651.mp4,2,62,210,Hunavsim,Office,1,monitor_0004,office_1_event_173_monitor_0004_putting_down_007628_007651.mp4,https://1drv.ms/v/c/e14d2464c52103f1/IQBNGa_EHhUERIzKVqcqlRyXAdap-ZP4eZCL7guZTuW_yf8,"A person in a dark top near the office doorway puts down a computer monitor in a bright office room with desks, black chairs, computer monitors, doorway signage, and wall decorations.",,,,,,,,,,
P123,8,packard-poster-session-2019-03-20_1_image_2_holding_000438_000662_H20_O23.mp4,1,31,36,JRDB,packard-poster-session-2019-03-20_1,2,board,packard-poster-session-2019-03-20_1_image_2_holding_000438_000662_H20_O23.mp4,https://1drv.ms/v/c/e14d2464c52103f1/IQCeQp2wNuivRZtZnwX97WKzAVQojoHZe6aF-a6hUM1NK8c,A man in a black T-shirt holds a flat board-like item at chest level near a white display board area.,https://1drv.ms/i/c/e14d2464c52103f1/IQC0DSzuutnxT57zis4Ll7SKAY42UhLfrT4jf3gmTgJSQ74,hold,normal,small,open_space,none,,,VLM: hold; human_state=normal; object_property=small; spatial_context=open_space; risk_factor=none; selected_frame=113; gt_activity=holding; human_iou=0.083; object_iou=0.000,113
P123,9,office_1_event_174_trashcan_0002_putting_down_007695_007739.mp4,1,69,212,Hunavsim,Office,1,trashcan_0002,office_1_event_174_trashcan_0002_putting_down_007695_007739.mp4,https://1drv.ms/v/c/e14d2464c52103f1/IQCNAmfnAWbGT4ZQ9sCY6fCHAXXe6KxpNLrqdcRKdiVG5Yk,"A person in a dark top near the office doorway puts down a trash can in a bright office room with desks, black chairs, computer monitors, doorway signage, and wall decorations.",,,,,,,,,,
P123,10,gates-foyer-2019-01-17_0_image_0_packing_001263_001434_H11_O65002.mp4,4,5,5,JRDB,gates-foyer-2019-01-17_0,0,trolley,gates-foyer-2019-01-17_0_image_0_packing_001263_001434_H11_O65002.mp4,https://1drv.ms/v/c/e14d2464c52103f1/IQBe3p7nws-cTJhzslyW176VAXxANZ68R2g4jpw1ieBIb_k,A slim person in dark clothing near the left wall handles or packs a low trolley beside a table.,https://1drv.ms/i/c/e14d2464c52103f1/IQCVG1liEmjAT6cNHqtjZ8YUAV9wCBNyNVjLLd_YPfmtB4M,hold,normal,large,open_space,none,,,VLM: hold; human_state=normal; object_property=large; spatial_context=open_space; risk_factor=none; selected_frame=87; gt_activity=packing; human_iou=0.688; object_iou=0.684,87
P124,1,warehouse_1_event_46_smallbox_0001_putting_down_002142_002205.mp4,4,42,26,Hunavsim,Warehouse,1,smallbox_0001,warehouse_1_event_46_smallbox_0001_putting_down_002142_002205.mp4,https://1drv.ms/v/c/e14d2464c52103f1/IQCZMQSbSw4MR5CnWQZeVgBzAbgI46QBzM92PVEwJ1GEtFg,"A person in a white or light gray outfit puts down a small box beside the white warehouse wall, yellow forklift, stacked pallets, and blue rolling bins.",,,,,,,,,,
P124,2,warehouse_2_event_30_trashcan_0001_kick_001752_001852.mp4,3,43,56,Hunavsim,Warehouse,2,trashcan_0001,warehouse_2_event_30_trashcan_0001_kick_001752_001852.mp4,https://1drv.ms/v/c/e14d2464c52103f1/IQCdHPlxoSTRQZwEKN7yeAbwAeqDZob5Tx3NPTmL5iizuRg,"A person in a white or light gray outfit kicks a trash can beside the white warehouse wall, yellow forklift, stacked pallets, and blue rolling bins.",,,,,,,,,,
P124,3,office_1_event_09_largebox_0001_kicking_000682_000711.mp4,2,55,140,Hunavsim,Office,1,largebox_0001,office_1_event_09_largebox_0001_kicking_000682_000711.mp4,https://1drv.ms/v/c/e14d2464c52103f1/IQAkRBTZ4mnTTpaQHelhQTLJAQ5URZbdfIW6VY-jOTem9n0,"A person in a light shirt and dark pants kicks a large cardboard box in an office lobby with a long table, monitors, large windows, potted plants, and patterned carpet.",,,,,,,,,,
P124,4,warehouse_2_event_02_woodchair_0001_placing_000170_000230.mp4,2,47,37,Hunavsim,Warehouse,2,woodchair_0001,warehouse_2_event_02_woodchair_0001_placing_000170_000230.mp4,https://1drv.ms/v/c/e14d2464c52103f1/IQB8NLpCyNcxSK5gW-Q0uNCfAWVGq3Ndkb4v67lR0A8gxN0,"A person in a dark outfit or purple pants places a wooden chair in a yellow-and-white warehouse with a forklift, blue bins, pallets, and tall metal racks.",,,,,,,,,,
P124,5,office_1_event_87_suitcase_0001_putting_down_003752_003774.mp4,5,66,181,Hunavsim,Office,1,suitcase_0001,office_1_event_87_suitcase_0001_putting_down_003752_003774.mp4,https://1drv.ms/v/c/e14d2464c52103f1/IQBddoCv2ZJmQ4Ye2M372pvsAZK7GL81Q-zHOi35C9o7AHA,"A person in a white or gray outfit puts down a suitcase in a meeting-style office with rows of chairs, desks, monitors, and a dark patterned carpet.",,,,,,,,,,
P124,6,hospital_1_event_26_largetable_0001_lift_002334_002395.mp4,5,51,122,Hunavsim,Hospital,1,largetable_0001,hospital_1_event_26_largetable_0001_lift_002334_002395.mp4,https://1drv.ms/v/c/e14d2464c52103f1/IQARbsoC9fqtT4CXZ8DVSomtAZFuxJ7gUPhU3L2RctrYsLM,"A person in a white clinical outfit lifts a large table in a hospital hallway with windows, yellow railings, benches, and blue storage carts.",,,,,,,,,,
P124,7,office_1_event_173_monitor_0004_putting_down_007628_007651.mp4,3,62,210,Hunavsim,Office,1,monitor_0004,office_1_event_173_monitor_0004_putting_down_007628_007651.mp4,https://1drv.ms/v/c/e14d2464c52103f1/IQBNGa_EHhUERIzKVqcqlRyXAdap-ZP4eZCL7guZTuW_yf8,"A person in a dark top near the office doorway puts down a computer monitor in a bright office room with desks, black chairs, computer monitors, doorway signage, and wall decorations.",,,,,,,,,,
P124,8,packard-poster-session-2019-03-20_1_image_2_holding_000438_000662_H20_O23.mp4,2,31,36,JRDB,packard-poster-session-2019-03-20_1,2,board,packard-poster-session-2019-03-20_1_image_2_holding_000438_000662_H20_O23.mp4,https://1drv.ms/v/c/e14d2464c52103f1/IQCeQp2wNuivRZtZnwX97WKzAVQojoHZe6aF-a6hUM1NK8c,A man in a black T-shirt holds a flat board-like item at chest level near a white display board area.,https://1drv.ms/i/c/e14d2464c52103f1/IQC0DSzuutnxT57zis4Ll7SKAY42UhLfrT4jf3gmTgJSQ74,hold,normal,small,open_space,none,,,VLM: hold; human_state=normal; object_property=small; spatial_context=open_space; risk_factor=none; selected_frame=113; gt_activity=holding; human_iou=0.083; object_iou=0.000,113
P124,9,office_1_event_174_trashcan_0002_putting_down_007695_007739.mp4,2,69,212,Hunavsim,Office,1,trashcan_0002,office_1_event_174_trashcan_0002_putting_down_007695_007739.mp4,https://1drv.ms/v/c/e14d2464c52103f1/IQCNAmfnAWbGT4ZQ9sCY6fCHAXXe6KxpNLrqdcRKdiVG5Yk,"A person in a dark top near the office doorway puts down a trash can in a bright office room with desks, black chairs, computer monitors, doorway signage, and wall decorations.",,,,,,,,,,
P124,10,gates-foyer-2019-01-17_0_image_0_packing_001263_001434_H11_O65002.mp4,5,5,5,JRDB,gates-foyer-2019-01-17_0,0,trolley,gates-foyer-2019-01-17_0_image_0_packing_001263_001434_H11_O65002.mp4,https://1drv.ms/v/c/e14d2464c52103f1/IQBe3p7nws-cTJhzslyW176VAXxANZ68R2g4jpw1ieBIb_k,A slim person in dark clothing near the left wall handles or packs a low trolley beside a table.,https://1drv.ms/i/c/e14d2464c52103f1/IQCVG1liEmjAT6cNHqtjZ8YUAV9wCBNyNVjLLd_YPfmtB4M,hold,normal,large,open_space,none,,,VLM: hold; human_state=normal; object_property=large; spatial_context=open_space; risk_factor=none; selected_frame=87; gt_activity=packing; human_iou=0.688; object_iou=0.684,87
P125,1,warehouse_1_event_46_smallbox_0001_putting_down_002142_002205.mp4,5,42,26,Hunavsim,Warehouse,1,smallbox_0001,warehouse_1_event_46_smallbox_0001_putting_down_002142_002205.mp4,https://1drv.ms/v/c/e14d2464c52103f1/IQCZMQSbSw4MR5CnWQZeVgBzAbgI46QBzM92PVEwJ1GEtFg,"A person in a white or light gray outfit puts down a small box beside the white warehouse wall, yellow forklift, stacked pallets, and blue rolling bins.",,,,,,,,,,
P125,2,warehouse_2_event_30_trashcan_0001_kick_001752_001852.mp4,4,43,56,Hunavsim,Warehouse,2,trashcan_0001,warehouse_2_event_30_trashcan_0001_kick_001752_001852.mp4,https://1drv.ms/v/c/e14d2464c52103f1/IQCdHPlxoSTRQZwEKN7yeAbwAeqDZob5Tx3NPTmL5iizuRg,"A person in a white or light gray outfit kicks a trash can beside the white warehouse wall, yellow forklift, stacked pallets, and blue rolling bins.",,,,,,,,,,
P125,3,office_1_event_09_largebox_0001_kicking_000682_000711.mp4,3,55,140,Hunavsim,Office,1,largebox_0001,office_1_event_09_largebox_0001_kicking_000682_000711.mp4,https://1drv.ms/v/c/e14d2464c52103f1/IQAkRBTZ4mnTTpaQHelhQTLJAQ5URZbdfIW6VY-jOTem9n0,"A person in a light shirt and dark pants kicks a large cardboard box in an office lobby with a long table, monitors, large windows, potted plants, and patterned carpet.",,,,,,,,,,
P125,4,warehouse_2_event_02_woodchair_0001_placing_000170_000230.mp4,3,47,37,Hunavsim,Warehouse,2,woodchair_0001,warehouse_2_event_02_woodchair_0001_placing_000170_000230.mp4,https://1drv.ms/v/c/e14d2464c52103f1/IQB8NLpCyNcxSK5gW-Q0uNCfAWVGq3Ndkb4v67lR0A8gxN0,"A person in a dark outfit or purple pants places a wooden chair in a yellow-and-white warehouse with a forklift, blue bins, pallets, and tall metal racks.",,,,,,,,,,
P125,5,office_1_event_48_monitor_0002_lifting_002191_002221.mp4,1,60,160,Hunavsim,Office,1,monitor_0002,office_1_event_48_monitor_0002_lifting_002191_002221.mp4,https://1drv.ms/v/c/e14d2464c52103f1/IQCGp1C8ebk-SYBVYuFs7DGsAXvY_Ih6a07udhlNLkbLdOo,"A person in dark clothing lifts a computer monitor in a meeting-style office with rows of chairs, desks, monitors, and a dark patterned carpet.",,,,,,,,,,
P125,6,hospital_1_event_26_largetable_0001_putting_down_002396_002424.mp4,1,51,123,Hunavsim,Hospital,1,largetable_0001,hospital_1_event_26_largetable_0001_putting_down_002396_002424.mp4,https://1drv.ms/v/c/e14d2464c52103f1/IQApp6cVK5xESIVY2FnKeTSGAb_KyMyj6cBSOcmQ6cLn_Ew,"A person in a white clinical outfit puts down a large table in a hospital hallway with windows, yellow railings, benches, and blue storage carts.",,,,,,,,,,
P125,7,office_1_event_173_monitor_0004_putting_down_007628_007651.mp4,4,62,210,Hunavsim,Office,1,monitor_0004,office_1_event_173_monitor_0004_putting_down_007628_007651.mp4,https://1drv.ms/v/c/e14d2464c52103f1/IQBNGa_EHhUERIzKVqcqlRyXAdap-ZP4eZCL7guZTuW_yf8,"A person in a dark top near the office doorway puts down a computer monitor in a bright office room with desks, black chairs, computer monitors, doorway signage, and wall decorations.",,,,,,,,,,
P125,8,packard-poster-session-2019-03-20_1_image_2_holding_000438_000662_H20_O23.mp4,3,31,36,JRDB,packard-poster-session-2019-03-20_1,2,board,packard-poster-session-2019-03-20_1_image_2_holding_000438_000662_H20_O23.mp4,https://1drv.ms/v/c/e14d2464c52103f1/IQCeQp2wNuivRZtZnwX97WKzAVQojoHZe6aF-a6hUM1NK8c,A man in a black T-shirt holds a flat board-like item at chest level near a white display board area.,https://1drv.ms/i/c/e14d2464c52103f1/IQC0DSzuutnxT57zis4Ll7SKAY42UhLfrT4jf3gmTgJSQ74,hold,normal,small,open_space,none,,,VLM: hold; human_state=normal; object_property=small; spatial_context=open_space; risk_factor=none; selected_frame=113; gt_activity=holding; human_iou=0.083; object_iou=0.000,113
P125,9,office_1_event_174_trashcan_0002_putting_down_007695_007739.mp4,3,69,212,Hunavsim,Office,1,trashcan_0002,office_1_event_174_trashcan_0002_putting_down_007695_007739.mp4,https://1drv.ms/v/c/e14d2464c52103f1/IQCNAmfnAWbGT4ZQ9sCY6fCHAXXe6KxpNLrqdcRKdiVG5Yk,"A person in a dark top near the office doorway puts down a trash can in a bright office room with desks, black chairs, computer monitors, doorway signage, and wall decorations.",,,,,,,,,,
P125,10,office_1_event_02_largetable_0001_lifting_000174_000223.mp4,3,57,130,Hunavsim,Office,1,largetable_0001,office_1_event_02_largetable_0001_lifting_000174_000223.mp4,https://1drv.ms/v/c/e14d2464c52103f1/IQAAAxHURvPUS5dLJ6bd-4_DAdPLtsdhEXtd6OHI6QiIvWg,"A person in a light shirt and dark pants lifts a large table in an office lobby with a long table, monitors, large windows, potted plants, and patterned carpet.",,,,,,,,,,
P126,1,warehouse_1_event_47_smallbox_0001_lift_002221_002244.mp4,1,42,27,Hunavsim,Warehouse,1,smallbox_0001,warehouse_1_event_47_smallbox_0001_lift_002221_002244.mp4,https://1drv.ms/v/c/e14d2464c52103f1/IQAUqU8q3896Qanig5wTUBVqASeFzjWtrx7L11K_A3-9OY4,"A person in a white or light gray outfit lifts a small box beside the white warehouse wall, yellow forklift, stacked pallets, and blue rolling bins.",,,,,,,,,,
P126,2,warehouse_2_event_30_trashcan_0001_kick_001752_001852.mp4,5,43,56,Hunavsim,Warehouse,2,trashcan_0001,warehouse_2_event_30_trashcan_0001_kick_001752_001852.mp4,https://1drv.ms/v/c/e14d2464c52103f1/IQCdHPlxoSTRQZwEKN7yeAbwAeqDZob5Tx3NPTmL5iizuRg,"A person in a white or light gray outfit kicks a trash can beside the white warehouse wall, yellow forklift, stacked pallets, and blue rolling bins.",,,,,,,,,,
P126,3,office_1_event_09_largebox_0001_kicking_000682_000711.mp4,4,55,140,Hunavsim,Office,1,largebox_0001,office_1_event_09_largebox_0001_kicking_000682_000711.mp4,https://1drv.ms/v/c/e14d2464c52103f1/IQAkRBTZ4mnTTpaQHelhQTLJAQ5URZbdfIW6VY-jOTem9n0,"A person in a light shirt and dark pants kicks a large cardboard box in an office lobby with a long table, monitors, large windows, potted plants, and patterned carpet.",,,,,,,,,,
P126,4,warehouse_2_event_02_woodchair_0001_placing_000170_000230.mp4,4,47,37,Hunavsim,Warehouse,2,woodchair_0001,warehouse_2_event_02_woodchair_0001_placing_000170_000230.mp4,https://1drv.ms/v/c/e14d2464c52103f1/IQB8NLpCyNcxSK5gW-Q0uNCfAWVGq3Ndkb4v67lR0A8gxN0,"A person in a dark outfit or purple pants places a wooden chair in a yellow-and-white warehouse with a forklift, blue bins, pallets, and tall metal racks.",,,,,,,,,,
P126,5,office_1_event_48_monitor_0002_lifting_002191_002221.mp4,2,60,160,Hunavsim,Office,1,monitor_0002,office_1_event_48_monitor_0002_lifting_002191_002221.mp4,https://1drv.ms/v/c/e14d2464c52103f1/IQCGp1C8ebk-SYBVYuFs7DGsAXvY_Ih6a07udhlNLkbLdOo,"A person in dark clothing lifts a computer monitor in a meeting-style office with rows of chairs, desks, monitors, and a dark patterned carpet.",,,,,,,,,,
P126,6,hospital_1_event_26_largetable_0001_putting_down_002396_002424.mp4,2,51,123,Hunavsim,Hospital,1,largetable_0001,hospital_1_event_26_largetable_0001_putting_down_002396_002424.mp4,https://1drv.ms/v/c/e14d2464c52103f1/IQApp6cVK5xESIVY2FnKeTSGAb_KyMyj6cBSOcmQ6cLn_Ew,"A person in a white clinical outfit puts down a large table in a hospital hallway with windows, yellow railings, benches, and blue storage carts.",,,,,,,,,,
P126,7,office_1_event_173_monitor_0004_putting_down_007628_007651.mp4,5,62,210,Hunavsim,Office,1,monitor_0004,office_1_event_173_monitor_0004_putting_down_007628_007651.mp4,https://1drv.ms/v/c/e14d2464c52103f1/IQBNGa_EHhUERIzKVqcqlRyXAdap-ZP4eZCL7guZTuW_yf8,"A person in a dark top near the office doorway puts down a computer monitor in a bright office room with desks, black chairs, computer monitors, doorway signage, and wall decorations.",,,,,,,,,,
P126,8,packard-poster-session-2019-03-20_1_image_2_holding_000438_000662_H20_O23.mp4,4,31,36,JRDB,packard-poster-session-2019-03-20_1,2,board,packard-poster-session-2019-03-20_1_image_2_holding_000438_000662_H20_O23.mp4,https://1drv.ms/v/c/e14d2464c52103f1/IQCeQp2wNuivRZtZnwX97WKzAVQojoHZe6aF-a6hUM1NK8c,A man in a black T-shirt holds a flat board-like item at chest level near a white display board area.,https://1drv.ms/i/c/e14d2464c52103f1/IQC0DSzuutnxT57zis4Ll7SKAY42UhLfrT4jf3gmTgJSQ74,hold,normal,small,open_space,none,,,VLM: hold; human_state=normal; object_property=small; spatial_context=open_space; risk_factor=none; selected_frame=113; gt_activity=holding; human_iou=0.083; object_iou=0.000,113
P126,9,office_1_event_174_trashcan_0002_putting_down_007695_007739.mp4,4,69,212,Hunavsim,Office,1,trashcan_0002,office_1_event_174_trashcan_0002_putting_down_007695_007739.mp4,https://1drv.ms/v/c/e14d2464c52103f1/IQCNAmfnAWbGT4ZQ9sCY6fCHAXXe6KxpNLrqdcRKdiVG5Yk,"A person in a dark top near the office doorway puts down a trash can in a bright office room with desks, black chairs, computer monitors, doorway signage, and wall decorations.",,,,,,,,,,
P126,10,office_1_event_02_largetable_0001_lifting_000174_000223.mp4,4,57,130,Hunavsim,Office,1,largetable_0001,office_1_event_02_largetable_0001_lifting_000174_000223.mp4,https://1drv.ms/v/c/e14d2464c52103f1/IQAAAxHURvPUS5dLJ6bd-4_DAdPLtsdhEXtd6OHI6QiIvWg,"A person in a light shirt and dark pants lifts a large table in an office lobby with a long table, monitors, large windows, potted plants, and patterned carpet.",,,,,,,,,,
P127,1,warehouse_1_event_47_smallbox_0001_lift_002221_002244.mp4,2,42,27,Hunavsim,Warehouse,1,smallbox_0001,warehouse_1_event_47_smallbox_0001_lift_002221_002244.mp4,https://1drv.ms/v/c/e14d2464c52103f1/IQAUqU8q3896Qanig5wTUBVqASeFzjWtrx7L11K_A3-9OY4,"A person in a white or light gray outfit lifts a small box beside the white warehouse wall, yellow forklift, stacked pallets, and blue rolling bins.",,,,,,,,,,
P127,2,warehouse_3_event_01_trashcan_0001_carry_000003_000039.mp4,1,43,59,Hunavsim,Warehouse,3,trashcan_0001,warehouse_3_event_01_trashcan_0001_carry_000003_000039.mp4,https://1drv.ms/v/c/e14d2464c52103f1/IQAoy1Vt_l9dR4M4-BJU8B5gAXColaVOasuWWnmcDtiZoAE,"A person in a dark outfit or purple pants carries a trash can in a yellow-and-white warehouse with a forklift, blue bins, pallets, and tall metal racks.",,,,,,,,,,
P127,3,office_1_event_09_largebox_0001_kicking_000682_000711.mp4,5,55,140,Hunavsim,Office,1,largebox_0001,office_1_event_09_largebox_0001_kicking_000682_000711.mp4,https://1drv.ms/v/c/e14d2464c52103f1/IQAkRBTZ4mnTTpaQHelhQTLJAQ5URZbdfIW6VY-jOTem9n0,"A person in a light shirt and dark pants kicks a large cardboard box in an office lobby with a long table, monitors, large windows, potted plants, and patterned carpet.",,,,,,,,,,
P127,4,warehouse_2_event_02_woodchair_0001_placing_000170_000230.mp4,5,47,37,Hunavsim,Warehouse,2,woodchair_0001,warehouse_2_event_02_woodchair_0001_placing_000170_000230.mp4,https://1drv.ms/v/c/e14d2464c52103f1/IQB8NLpCyNcxSK5gW-Q0uNCfAWVGq3Ndkb4v67lR0A8gxN0,"A person in a dark outfit or purple pants places a wooden chair in a yellow-and-white warehouse with a forklift, blue bins, pallets, and tall metal racks.",,,,,,,,,,
P127,5,office_1_event_48_monitor_0002_lifting_002191_002221.mp4,3,60,160,Hunavsim,Office,1,monitor_0002,office_1_event_48_monitor_0002_lifting_002191_002221.mp4,https://1drv.ms/v/c/e14d2464c52103f1/IQCGp1C8ebk-SYBVYuFs7DGsAXvY_Ih6a07udhlNLkbLdOo,"A person in dark clothing lifts a computer monitor in a meeting-style office with rows of chairs, desks, monitors, and a dark patterned carpet.",,,,,,,,,,
P127,6,hospital_1_event_26_largetable_0001_putting_down_002396_002424.mp4,3,51,123,Hunavsim,Hospital,1,largetable_0001,hospital_1_event_26_largetable_0001_putting_down_002396_002424.mp4,https://1drv.ms/v/c/e14d2464c52103f1/IQApp6cVK5xESIVY2FnKeTSGAb_KyMyj6cBSOcmQ6cLn_Ew,"A person in a white clinical outfit puts down a large table in a hospital hallway with windows, yellow railings, benches, and blue storage carts.",,,,,,,,,,
P127,7,office_1_event_173_monitor_0004_lifting_007652_007698.mp4,1,62,211,Hunavsim,Office,1,monitor_0004,office_1_event_173_monitor_0004_lifting_007652_007698.mp4,https://1drv.ms/v/c/e14d2464c52103f1/IQDzFFeOHXIWQb28QHiHsxfHAVx3EJ5kKTSgwIZAIroLTlk,"A person in a dark top near the office doorway lifts a computer monitor in a bright office room with desks, black chairs, computer monitors, doorway signage, and wall decorations.",,,,,,,,,,
P127,8,packard-poster-session-2019-03-20_1_image_2_holding_000438_000662_H20_O23.mp4,5,31,36,JRDB,packard-poster-session-2019-03-20_1,2,board,packard-poster-session-2019-03-20_1_image_2_holding_000438_000662_H20_O23.mp4,https://1drv.ms/v/c/e14d2464c52103f1/IQCeQp2wNuivRZtZnwX97WKzAVQojoHZe6aF-a6hUM1NK8c,A man in a black T-shirt holds a flat board-like item at chest level near a white display board area.,https://1drv.ms/i/c/e14d2464c52103f1/IQC0DSzuutnxT57zis4Ll7SKAY42UhLfrT4jf3gmTgJSQ74,hold,normal,small,open_space,none,,,VLM: hold; human_state=normal; object_property=small; spatial_context=open_space; risk_factor=none; selected_frame=113; gt_activity=holding; human_iou=0.083; object_iou=0.000,113
P127,9,office_1_event_174_trashcan_0002_putting_down_007695_007739.mp4,5,69,212,Hunavsim,Office,1,trashcan_0002,office_1_event_174_trashcan_0002_putting_down_007695_007739.mp4,https://1drv.ms/v/c/e14d2464c52103f1/IQCNAmfnAWbGT4ZQ9sCY6fCHAXXe6KxpNLrqdcRKdiVG5Yk,"A person in a dark top near the office doorway puts down a trash can in a bright office room with desks, black chairs, computer monitors, doorway signage, and wall decorations.",,,,,,,,,,
P127,10,office_1_event_02_largetable_0001_lifting_000174_000223.mp4,5,57,130,Hunavsim,Office,1,largetable_0001,office_1_event_02_largetable_0001_lifting_000174_000223.mp4,https://1drv.ms/v/c/e14d2464c52103f1/IQAAAxHURvPUS5dLJ6bd-4_DAdPLtsdhEXtd6OHI6QiIvWg,"A person in a light shirt and dark pants lifts a large table in an office lobby with a long table, monitors, large windows, potted plants, and patterned carpet.",,,,,,,,,,
P128,1,warehouse_1_event_47_smallbox_0001_lift_002221_002244.mp4,3,42,27,Hunavsim,Warehouse,1,smallbox_0001,warehouse_1_event_47_smallbox_0001_lift_002221_002244.mp4,https://1drv.ms/v/c/e14d2464c52103f1/IQAUqU8q3896Qanig5wTUBVqASeFzjWtrx7L11K_A3-9OY4,"A person in a white or light gray outfit lifts a small box beside the white warehouse wall, yellow forklift, stacked pallets, and blue rolling bins.",,,,,,,,,,
P128,2,warehouse_3_event_01_trashcan_0001_carry_000003_000039.mp4,2,43,59,Hunavsim,Warehouse,3,trashcan_0001,warehouse_3_event_01_trashcan_0001_carry_000003_000039.mp4,https://1drv.ms/v/c/e14d2464c52103f1/IQAoy1Vt_l9dR4M4-BJU8B5gAXColaVOasuWWnmcDtiZoAE,"A person in a dark outfit or purple pants carries a trash can in a yellow-and-white warehouse with a forklift, blue bins, pallets, and tall metal racks.",,,,,,,,,,
P128,3,office_1_event_09_largebox_0001_lifting_000712_000775.mp4,1,55,141,Hunavsim,Office,1,largebox_0001,office_1_event_09_largebox_0001_lifting_000712_000775.mp4,https://1drv.ms/v/c/e14d2464c52103f1/IQD2o-s0L1S7TpyRy_-WPgtqAUMJ8HYGTqoZooDHtq4M18w,"A person in a light shirt and dark pants lifts a large cardboard box in an office lobby with a long table, monitors, large windows, potted plants, and patterned carpet.",,,,,,,,,,
P128,4,warehouse_2_event_02_woodchair_0001_lifting_000231_000300.mp4,1,47,38,Hunavsim,Warehouse,2,woodchair_0001,warehouse_2_event_02_woodchair_0001_lifting_000231_000300.mp4,https://1drv.ms/v/c/e14d2464c52103f1/IQCRDe2nuoKWQZ8r4q4rYvVLAfSZQ-UGeOIUvbIYXB4ARqY,"A person in a dark outfit or purple pants lifts a wooden chair in a yellow-and-white warehouse with a forklift, blue bins, pallets, and tall metal racks.",,,,,,,,,,
P128,5,office_1_event_48_monitor_0002_lifting_002191_002221.mp4,4,60,160,Hunavsim,Office,1,monitor_0002,office_1_event_48_monitor_0002_lifting_002191_002221.mp4,https://1drv.ms/v/c/e14d2464c52103f1/IQCGp1C8ebk-SYBVYuFs7DGsAXvY_Ih6a07udhlNLkbLdOo,"A person in dark clothing lifts a computer monitor in a meeting-style office with rows of chairs, desks, monitors, and a dark patterned carpet.",,,,,,,,,,
P128,6,hospital_1_event_26_largetable_0001_putting_down_002396_002424.mp4,4,51,123,Hunavsim,Hospital,1,largetable_0001,hospital_1_event_26_largetable_0001_putting_down_002396_002424.mp4,https://1drv.ms/v/c/e14d2464c52103f1/IQApp6cVK5xESIVY2FnKeTSGAb_KyMyj6cBSOcmQ6cLn_Ew,"A person in a white clinical outfit puts down a large table in a hospital hallway with windows, yellow railings, benches, and blue storage carts.",,,,,,,,,,
P128,7,office_1_event_173_monitor_0004_lifting_007652_007698.mp4,2,62,211,Hunavsim,Office,1,monitor_0004,office_1_event_173_monitor_0004_lifting_007652_007698.mp4,https://1drv.ms/v/c/e14d2464c52103f1/IQDzFFeOHXIWQb28QHiHsxfHAVx3EJ5kKTSgwIZAIroLTlk,"A person in a dark top near the office doorway lifts a computer monitor in a bright office room with desks, black chairs, computer monitors, doorway signage, and wall decorations.",,,,,,,,,,
P128,8,svl-meeting-gates-2-2019-04-08_0_image_8_pushing_000186_000324_H3_O4.mp4,1,32,38,JRDB,svl-meeting-gates-2-2019-04-08_0,8,chair,svl-meeting-gates-2-2019-04-08_0_image_8_pushing_000186_000324_H3_O4.mp4,https://1drv.ms/v/c/e14d2464c52103f1/IQCntTXV1gxXSKUsPnFCqKPEAVmkih3IkuXOhrBY-BFEeJI,A man in a black polo and tan pants pushes a chair near a right-side table.,https://1drv.ms/i/c/e14d2464c52103f1/IQD804xQ5B3SQqrV2aBlOWu7AYKdSG8kwxwj6epyDycucIc,hold,strained,large,narrow_corridor,object_motion_risk,,,VLM: hold; human_state=strained; object_property=large; spatial_context=narrow_corridor; risk_factor=object_motion_risk; selected_frame=71; gt_activity=pushing; human_iou=0.974; object_iou=1.000,71
P128,9,office_1_event_174_trashcan_0002_lifting_007740_007755.mp4,1,69,213,Hunavsim,Office,1,trashcan_0002,office_1_event_174_trashcan_0002_lifting_007740_007755.mp4,https://1drv.ms/v/c/e14d2464c52103f1/IQDC-BiVxlj3Rb1WpjrrncSmAUqMuikyjx_LvVurr7NOQYQ,"A person in a dark top near the office doorway lifts a trash can in a bright office room with desks, black chairs, computer monitors, doorway signage, and wall decorations.",,,,,,,,,,
P128,10,huang-2-2019-01-25_1_image_0_picking_up_placing_merged_000006_000048_H1_O65000.mp4,1,7,8,JRDB,huang-2-2019-01-25_1,0,bag,huang-2-2019-01-25_1_image_0_picking_up_placing_merged_000006_000048_H1_O65000.mp4,https://1drv.ms/v/c/e14d2464c52103f1/IQBFLLHR7QTBTJezpMTFA8dTAXCTNI_21NwhPnvO-a3-im4,A tall person in a dark maroon T-shirt and black pants picks up a bag and places it on a bench or low platform.,https://1drv.ms/i/c/e14d2464c52103f1/IQAtwTEgmHsQSYTXcva7r3FNAdVxYSPy7rjnJQc7jvJEIv4,hold,normal,small,narrow_corridor,none,,,VLM: hold; human_state=normal; object_property=small; spatial_context=narrow_corridor; risk_factor=none; selected_frame=21; gt_activity=picking_up_placing; human_iou=0.985; object_iou=1.000,21
P129,1,warehouse_1_event_47_smallbox_0001_lift_002221_002244.mp4,4,42,27,Hunavsim,Warehouse,1,smallbox_0001,warehouse_1_event_47_smallbox_0001_lift_002221_002244.mp4,https://1drv.ms/v/c/e14d2464c52103f1/IQAUqU8q3896Qanig5wTUBVqASeFzjWtrx7L11K_A3-9OY4,"A person in a white or light gray outfit lifts a small box beside the white warehouse wall, yellow forklift, stacked pallets, and blue rolling bins.",,,,,,,,,,
P129,2,warehouse_3_event_01_trashcan_0001_carry_000003_000039.mp4,3,43,59,Hunavsim,Warehouse,3,trashcan_0001,warehouse_3_event_01_trashcan_0001_carry_000003_000039.mp4,https://1drv.ms/v/c/e14d2464c52103f1/IQAoy1Vt_l9dR4M4-BJU8B5gAXColaVOasuWWnmcDtiZoAE,"A person in a dark outfit or purple pants carries a trash can in a yellow-and-white warehouse with a forklift, blue bins, pallets, and tall metal racks.",,,,,,,,,,
P129,3,office_1_event_09_largebox_0001_lifting_000712_000775.mp4,2,55,141,Hunavsim,Office,1,largebox_0001,office_1_event_09_largebox_0001_lifting_000712_000775.mp4,https://1drv.ms/v/c/e14d2464c52103f1/IQD2o-s0L1S7TpyRy_-WPgtqAUMJ8HYGTqoZooDHtq4M18w,"A person in a light shirt and dark pants lifts a large cardboard box in an office lobby with a long table, monitors, large windows, potted plants, and patterned carpet.",,,,,,,,,,
P129,4,warehouse_2_event_02_woodchair_0001_lifting_000231_000300.mp4,2,47,38,Hunavsim,Warehouse,2,woodchair_0001,warehouse_2_event_02_woodchair_0001_lifting_000231_000300.mp4,https://1drv.ms/v/c/e14d2464c52103f1/IQCRDe2nuoKWQZ8r4q4rYvVLAfSZQ-UGeOIUvbIYXB4ARqY,"A person in a dark outfit or purple pants lifts a wooden chair in a yellow-and-white warehouse with a forklift, blue bins, pallets, and tall metal racks.",,,,,,,,,,
P129,5,office_1_event_48_monitor_0002_lifting_002191_002221.mp4,5,60,160,Hunavsim,Office,1,monitor_0002,office_1_event_48_monitor_0002_lifting_002191_002221.mp4,https://1drv.ms/v/c/e14d2464c52103f1/IQCGp1C8ebk-SYBVYuFs7DGsAXvY_Ih6a07udhlNLkbLdOo,"A person in dark clothing lifts a computer monitor in a meeting-style office with rows of chairs, desks, monitors, and a dark patterned carpet.",,,,,,,,,,
P129,6,hospital_1_event_26_largetable_0001_putting_down_002396_002424.mp4,5,51,123,Hunavsim,Hospital,1,largetable_0001,hospital_1_event_26_largetable_0001_putting_down_002396_002424.mp4,https://1drv.ms/v/c/e14d2464c52103f1/IQApp6cVK5xESIVY2FnKeTSGAb_KyMyj6cBSOcmQ6cLn_Ew,"A person in a white clinical outfit puts down a large table in a hospital hallway with windows, yellow railings, benches, and blue storage carts.",,,,,,,,,,
P129,7,office_1_event_173_monitor_0004_lifting_007652_007698.mp4,3,62,211,Hunavsim,Office,1,monitor_0004,office_1_event_173_monitor_0004_lifting_007652_007698.mp4,https://1drv.ms/v/c/e14d2464c52103f1/IQDzFFeOHXIWQb28QHiHsxfHAVx3EJ5kKTSgwIZAIroLTlk,"A person in a dark top near the office doorway lifts a computer monitor in a bright office room with desks, black chairs, computer monitors, doorway signage, and wall decorations.",,,,,,,,,,
P129,8,svl-meeting-gates-2-2019-04-08_0_image_8_pushing_000186_000324_H3_O4.mp4,2,32,38,JRDB,svl-meeting-gates-2-2019-04-08_0,8,chair,svl-meeting-gates-2-2019-04-08_0_image_8_pushing_000186_000324_H3_O4.mp4,https://1drv.ms/v/c/e14d2464c52103f1/IQCntTXV1gxXSKUsPnFCqKPEAVmkih3IkuXOhrBY-BFEeJI,A man in a black polo and tan pants pushes a chair near a right-side table.,https://1drv.ms/i/c/e14d2464c52103f1/IQD804xQ5B3SQqrV2aBlOWu7AYKdSG8kwxwj6epyDycucIc,hold,strained,large,narrow_corridor,object_motion_risk,,,VLM: hold; human_state=strained; object_property=large; spatial_context=narrow_corridor; risk_factor=object_motion_risk; selected_frame=71; gt_activity=pushing; human_iou=0.974; object_iou=1.000,71
P129,9,office_1_event_174_trashcan_0002_lifting_007740_007755.mp4,2,69,213,Hunavsim,Office,1,trashcan_0002,office_1_event_174_trashcan_0002_lifting_007740_007755.mp4,https://1drv.ms/v/c/e14d2464c52103f1/IQDC-BiVxlj3Rb1WpjrrncSmAUqMuikyjx_LvVurr7NOQYQ,"A person in a dark top near the office doorway lifts a trash can in a bright office room with desks, black chairs, computer monitors, doorway signage, and wall decorations.",,,,,,,,,,
P129,10,huang-2-2019-01-25_1_image_0_picking_up_placing_merged_000006_000048_H1_O65000.mp4,2,7,8,JRDB,huang-2-2019-01-25_1,0,bag,huang-2-2019-01-25_1_image_0_picking_up_placing_merged_000006_000048_H1_O65000.mp4,https://1drv.ms/v/c/e14d2464c52103f1/IQBFLLHR7QTBTJezpMTFA8dTAXCTNI_21NwhPnvO-a3-im4,A tall person in a dark maroon T-shirt and black pants picks up a bag and places it on a bench or low platform.,https://1drv.ms/i/c/e14d2464c52103f1/IQAtwTEgmHsQSYTXcva7r3FNAdVxYSPy7rjnJQc7jvJEIv4,hold,normal,small,narrow_corridor,none,,,VLM: hold; human_state=normal; object_property=small; spatial_context=narrow_corridor; risk_factor=none; selected_frame=21; gt_activity=picking_up_placing; human_iou=0.985; object_iou=1.000,21
P130,1,warehouse_1_event_47_smallbox_0001_lift_002221_002244.mp4,5,42,27,Hunavsim,Warehouse,1,smallbox_0001,warehouse_1_event_47_smallbox_0001_lift_002221_002244.mp4,https://1drv.ms/v/c/e14d2464c52103f1/IQAUqU8q3896Qanig5wTUBVqASeFzjWtrx7L11K_A3-9OY4,"A person in a white or light gray outfit lifts a small box beside the white warehouse wall, yellow forklift, stacked pallets, and blue rolling bins.",,,,,,,,,,
P130,2,warehouse_3_event_01_trashcan_0001_carry_000003_000039.mp4,4,43,59,Hunavsim,Warehouse,3,trashcan_0001,warehouse_3_event_01_trashcan_0001_carry_000003_000039.mp4,https://1drv.ms/v/c/e14d2464c52103f1/IQAoy1Vt_l9dR4M4-BJU8B5gAXColaVOasuWWnmcDtiZoAE,"A person in a dark outfit or purple pants carries a trash can in a yellow-and-white warehouse with a forklift, blue bins, pallets, and tall metal racks.",,,,,,,,,,
P130,3,office_1_event_09_largebox_0001_lifting_000712_000775.mp4,3,55,141,Hunavsim,Office,1,largebox_0001,office_1_event_09_largebox_0001_lifting_000712_000775.mp4,https://1drv.ms/v/c/e14d2464c52103f1/IQD2o-s0L1S7TpyRy_-WPgtqAUMJ8HYGTqoZooDHtq4M18w,"A person in a light shirt and dark pants lifts a large cardboard box in an office lobby with a long table, monitors, large windows, potted plants, and patterned carpet.",,,,,,,,,,
P130,4,warehouse_2_event_02_woodchair_0001_lifting_000231_000300.mp4,3,47,38,Hunavsim,Warehouse,2,woodchair_0001,warehouse_2_event_02_woodchair_0001_lifting_000231_000300.mp4,https://1drv.ms/v/c/e14d2464c52103f1/IQCRDe2nuoKWQZ8r4q4rYvVLAfSZQ-UGeOIUvbIYXB4ARqY,"A person in a dark outfit or purple pants lifts a wooden chair in a yellow-and-white warehouse with a forklift, blue bins, pallets, and tall metal racks.",,,,,,,,,,
P130,5,office_1_event_48_monitor_0002_carrying_002222_002263.mp4,1,60,161,Hunavsim,Office,1,monitor_0002,office_1_event_48_monitor_0002_carrying_002222_002263.mp4,https://1drv.ms/v/c/e14d2464c52103f1/IQCvSXezdwKYQY7KspnJkPjyAcZqHt1i6vpuJbPJC2RbKn4,"A person in dark clothing carries a computer monitor in a meeting-style office with rows of chairs, desks, monitors, and a dark patterned carpet.",,,,,,,,,,
P130,6,hospital_1_event_26_largetable_0001_lift_002425_002504.mp4,1,51,124,Hunavsim,Hospital,1,largetable_0001,hospital_1_event_26_largetable_0001_lift_002425_002504.mp4,https://1drv.ms/v/c/e14d2464c52103f1/IQBq1clSvlyfTI_TQXDbu8X_Ae9-VlmIFFdZVarfGBRsGqk,"A person in gray pants near another dark-clothed person lifts a large table in a hospital hallway with windows, yellow railings, benches, and blue storage carts.",,,,,,,,,,
P130,7,office_1_event_173_monitor_0004_lifting_007652_007698.mp4,4,62,211,Hunavsim,Office,1,monitor_0004,office_1_event_173_monitor_0004_lifting_007652_007698.mp4,https://1drv.ms/v/c/e14d2464c52103f1/IQDzFFeOHXIWQb28QHiHsxfHAVx3EJ5kKTSgwIZAIroLTlk,"A person in a dark top near the office doorway lifts a computer monitor in a bright office room with desks, black chairs, computer monitors, doorway signage, and wall decorations.",,,,,,,,,,
P130,8,svl-meeting-gates-2-2019-04-08_0_image_8_pushing_000186_000324_H3_O4.mp4,3,32,38,JRDB,svl-meeting-gates-2-2019-04-08_0,8,chair,svl-meeting-gates-2-2019-04-08_0_image_8_pushing_000186_000324_H3_O4.mp4,https://1drv.ms/v/c/e14d2464c52103f1/IQCntTXV1gxXSKUsPnFCqKPEAVmkih3IkuXOhrBY-BFEeJI,A man in a black polo and tan pants pushes a chair near a right-side table.,https://1drv.ms/i/c/e14d2464c52103f1/IQD804xQ5B3SQqrV2aBlOWu7AYKdSG8kwxwj6epyDycucIc,hold,strained,large,narrow_corridor,object_motion_risk,,,VLM: hold; human_state=strained; object_property=large; spatial_context=narrow_corridor; risk_factor=object_motion_risk; selected_frame=71; gt_activity=pushing; human_iou=0.974; object_iou=1.000,71
P130,9,office_1_event_174_trashcan_0002_lifting_007740_007755.mp4,3,69,213,Hunavsim,Office,1,trashcan_0002,office_1_event_174_trashcan_0002_lifting_007740_007755.mp4,https://1drv.ms/v/c/e14d2464c52103f1/IQDC-BiVxlj3Rb1WpjrrncSmAUqMuikyjx_LvVurr7NOQYQ,"A person in a dark top near the office doorway lifts a trash can in a bright office room with desks, black chairs, computer monitors, doorway signage, and wall decorations.",,,,,,,,,,
P130,10,huang-2-2019-01-25_1_image_0_picking_up_placing_merged_000006_000048_H1_O65000.mp4,3,7,8,JRDB,huang-2-2019-01-25_1,0,bag,huang-2-2019-01-25_1_image_0_picking_up_placing_merged_000006_000048_H1_O65000.mp4,https://1drv.ms/v/c/e14d2464c52103f1/IQBFLLHR7QTBTJezpMTFA8dTAXCTNI_21NwhPnvO-a3-im4,A tall person in a dark maroon T-shirt and black pants picks up a bag and places it on a bench or low platform.,https://1drv.ms/i/c/e14d2464c52103f1/IQAtwTEgmHsQSYTXcva7r3FNAdVxYSPy7rjnJQc7jvJEIv4,hold,normal,small,narrow_corridor,none,,,VLM: hold; human_state=normal; object_property=small; spatial_context=narrow_corridor; risk_factor=none; selected_frame=21; gt_activity=picking_up_placing; human_iou=0.985; object_iou=1.000,21
P131,1,warehouse_1_event_48_smallbox_0001_carrying_002365_002408.mp4,1,42,28,Hunavsim,Warehouse,1,smallbox_0001,warehouse_1_event_48_smallbox_0001_carrying_002365_002408.mp4,https://1drv.ms/v/c/e14d2464c52103f1/IQDqLfmCgThHSagSJZiS2ktmAacX5wgEGJ4qhXooiGS68bk,"A person in a white or light gray outfit carries a small box beside the white warehouse wall, yellow forklift, stacked pallets, and blue rolling bins.",,,,,,,,,,
P131,2,warehouse_3_event_01_trashcan_0001_carry_000003_000039.mp4,5,43,59,Hunavsim,Warehouse,3,trashcan_0001,warehouse_3_event_01_trashcan_0001_carry_000003_000039.mp4,https://1drv.ms/v/c/e14d2464c52103f1/IQAoy1Vt_l9dR4M4-BJU8B5gAXColaVOasuWWnmcDtiZoAE,"A person in a dark outfit or purple pants carries a trash can in a yellow-and-white warehouse with a forklift, blue bins, pallets, and tall metal racks.",,,,,,,,,,
P131,3,office_1_event_09_largebox_0001_lifting_000712_000775.mp4,4,55,141,Hunavsim,Office,1,largebox_0001,office_1_event_09_largebox_0001_lifting_000712_000775.mp4,https://1drv.ms/v/c/e14d2464c52103f1/IQD2o-s0L1S7TpyRy_-WPgtqAUMJ8HYGTqoZooDHtq4M18w,"A person in a light shirt and dark pants lifts a large cardboard box in an office lobby with a long table, monitors, large windows, potted plants, and patterned carpet.",,,,,,,,,,
P131,4,warehouse_2_event_02_woodchair_0001_lifting_000231_000300.mp4,4,47,38,Hunavsim,Warehouse,2,woodchair_0001,warehouse_2_event_02_woodchair_0001_lifting_000231_000300.mp4,https://1drv.ms/v/c/e14d2464c52103f1/IQCRDe2nuoKWQZ8r4q4rYvVLAfSZQ-UGeOIUvbIYXB4ARqY,"A person in a dark outfit or purple pants lifts a wooden chair in a yellow-and-white warehouse with a forklift, blue bins, pallets, and tall metal racks.",,,,,,,,,,
P131,5,office_1_event_48_monitor_0002_carrying_002222_002263.mp4,2,60,161,Hunavsim,Office,1,monitor_0002,office_1_event_48_monitor_0002_carrying_002222_002263.mp4,https://1drv.ms/v/c/e14d2464c52103f1/IQCvSXezdwKYQY7KspnJkPjyAcZqHt1i6vpuJbPJC2RbKn4,"A person in dark clothing carries a computer monitor in a meeting-style office with rows of chairs, desks, monitors, and a dark patterned carpet.",,,,,,,,,,
P131,6,hospital_1_event_26_largetable_0001_lift_002425_002504.mp4,2,51,124,Hunavsim,Hospital,1,largetable_0001,hospital_1_event_26_largetable_0001_lift_002425_002504.mp4,https://1drv.ms/v/c/e14d2464c52103f1/IQBq1clSvlyfTI_TQXDbu8X_Ae9-VlmIFFdZVarfGBRsGqk,"A person in gray pants near another dark-clothed person lifts a large table in a hospital hallway with windows, yellow railings, benches, and blue storage carts.",,,,,,,,,,
P131,7,office_1_event_173_monitor_0004_lifting_007652_007698.mp4,5,62,211,Hunavsim,Office,1,monitor_0004,office_1_event_173_monitor_0004_lifting_007652_007698.mp4,https://1drv.ms/v/c/e14d2464c52103f1/IQDzFFeOHXIWQb28QHiHsxfHAVx3EJ5kKTSgwIZAIroLTlk,"A person in a dark top near the office doorway lifts a computer monitor in a bright office room with desks, black chairs, computer monitors, doorway signage, and wall decorations.",,,,,,,,,,
P131,8,svl-meeting-gates-2-2019-04-08_0_image_8_pushing_000186_000324_H3_O4.mp4,4,32,38,JRDB,svl-meeting-gates-2-2019-04-08_0,8,chair,svl-meeting-gates-2-2019-04-08_0_image_8_pushing_000186_000324_H3_O4.mp4,https://1drv.ms/v/c/e14d2464c52103f1/IQCntTXV1gxXSKUsPnFCqKPEAVmkih3IkuXOhrBY-BFEeJI,A man in a black polo and tan pants pushes a chair near a right-side table.,https://1drv.ms/i/c/e14d2464c52103f1/IQD804xQ5B3SQqrV2aBlOWu7AYKdSG8kwxwj6epyDycucIc,hold,strained,large,narrow_corridor,object_motion_risk,,,VLM: hold; human_state=strained; object_property=large; spatial_context=narrow_corridor; risk_factor=object_motion_risk; selected_frame=71; gt_activity=pushing; human_iou=0.974; object_iou=1.000,71
P131,9,office_1_event_174_trashcan_0002_lifting_007740_007755.mp4,4,69,213,Hunavsim,Office,1,trashcan_0002,office_1_event_174_trashcan_0002_lifting_007740_007755.mp4,https://1drv.ms/v/c/e14d2464c52103f1/IQDC-BiVxlj3Rb1WpjrrncSmAUqMuikyjx_LvVurr7NOQYQ,"A person in a dark top near the office doorway lifts a trash can in a bright office room with desks, black chairs, computer monitors, doorway signage, and wall decorations.",,,,,,,,,,
P131,10,huang-2-2019-01-25_1_image_0_picking_up_placing_merged_000006_000048_H1_O65000.mp4,4,7,8,JRDB,huang-2-2019-01-25_1,0,bag,huang-2-2019-01-25_1_image_0_picking_up_placing_merged_000006_000048_H1_O65000.mp4,https://1drv.ms/v/c/e14d2464c52103f1/IQBFLLHR7QTBTJezpMTFA8dTAXCTNI_21NwhPnvO-a3-im4,A tall person in a dark maroon T-shirt and black pants picks up a bag and places it on a bench or low platform.,https://1drv.ms/i/c/e14d2464c52103f1/IQAtwTEgmHsQSYTXcva7r3FNAdVxYSPy7rjnJQc7jvJEIv4,hold,normal,small,narrow_corridor,none,,,VLM: hold; human_state=normal; object_property=small; spatial_context=narrow_corridor; risk_factor=none; selected_frame=21; gt_activity=picking_up_placing; human_iou=0.985; object_iou=1.000,21
P132,1,warehouse_1_event_48_smallbox_0001_carrying_002365_002408.mp4,2,42,28,Hunavsim,Warehouse,1,smallbox_0001,warehouse_1_event_48_smallbox_0001_carrying_002365_002408.mp4,https://1drv.ms/v/c/e14d2464c52103f1/IQDqLfmCgThHSagSJZiS2ktmAacX5wgEGJ4qhXooiGS68bk,"A person in a white or light gray outfit carries a small box beside the white warehouse wall, yellow forklift, stacked pallets, and blue rolling bins.",,,,,,,,,,
P132,2,warehouse_3_event_20_trashcan_0001_putting_down_001135_001235.mp4,1,43,69,Hunavsim,Warehouse,3,trashcan_0001,warehouse_3_event_20_trashcan_0001_putting_down_001135_001235.mp4,https://1drv.ms/v/c/e14d2464c52103f1/IQAfJ3PqDcRGSI-DHU7qmcMxAYbLlySqhblbKsNOz3m-3QQ,"A worker in a yellow safety vest or a light uniform puts down a trash can beside the white warehouse wall, yellow forklift, stacked pallets, and blue rolling bins.",,,,,,,,,,
P132,3,office_1_event_09_largebox_0001_lifting_000712_000775.mp4,5,55,141,Hunavsim,Office,1,largebox_0001,office_1_event_09_largebox_0001_lifting_000712_000775.mp4,https://1drv.ms/v/c/e14d2464c52103f1/IQD2o-s0L1S7TpyRy_-WPgtqAUMJ8HYGTqoZooDHtq4M18w,"A person in a light shirt and dark pants lifts a large cardboard box in an office lobby with a long table, monitors, large windows, potted plants, and patterned carpet.",,,,,,,,,,
P132,4,warehouse_2_event_02_woodchair_0001_lifting_000231_000300.mp4,5,47,38,Hunavsim,Warehouse,2,woodchair_0001,warehouse_2_event_02_woodchair_0001_lifting_000231_000300.mp4,https://1drv.ms/v/c/e14d2464c52103f1/IQCRDe2nuoKWQZ8r4q4rYvVLAfSZQ-UGeOIUvbIYXB4ARqY,"A person in a dark outfit or purple pants lifts a wooden chair in a yellow-and-white warehouse with a forklift, blue bins, pallets, and tall metal racks.",,,,,,,,,,
P132,5,office_1_event_48_monitor_0002_carrying_002222_002263.mp4,3,60,161,Hunavsim,Office,1,monitor_0002,office_1_event_48_monitor_0002_carrying_002222_002263.mp4,https://1drv.ms/v/c/e14d2464c52103f1/IQCvSXezdwKYQY7KspnJkPjyAcZqHt1i6vpuJbPJC2RbKn4,"A person in dark clothing carries a computer monitor in a meeting-style office with rows of chairs, desks, monitors, and a dark patterned carpet.",,,,,,,,,,
P132,6,hospital_1_event_26_largetable_0001_lift_002425_002504.mp4,3,51,124,Hunavsim,Hospital,1,largetable_0001,hospital_1_event_26_largetable_0001_lift_002425_002504.mp4,https://1drv.ms/v/c/e14d2464c52103f1/IQBq1clSvlyfTI_TQXDbu8X_Ae9-VlmIFFdZVarfGBRsGqk,"A person in gray pants near another dark-clothed person lifts a large table in a hospital hallway with windows, yellow railings, benches, and blue storage carts.",,,,,,,,,,
P132,7,office_1_event_56_smalltable_0001_putting_down_002628_002664.mp4,1,65,168,Hunavsim,Office,1,smalltable_0001,office_1_event_56_smalltable_0001_putting_down_002628_002664.mp4,https://1drv.ms/v/c/e14d2464c52103f1/IQA3hCFixyXGSasuu7V35MEIAddYI8U1X7PnQ0AO9eDpu0c,"A person in a white or gray outfit puts down a small table in a meeting-style office with rows of chairs, desks, monitors, and a dark patterned carpet.",,,,,,,,,,
P132,8,svl-meeting-gates-2-2019-04-08_0_image_8_pushing_000186_000324_H3_O4.mp4,5,32,38,JRDB,svl-meeting-gates-2-2019-04-08_0,8,chair,svl-meeting-gates-2-2019-04-08_0_image_8_pushing_000186_000324_H3_O4.mp4,https://1drv.ms/v/c/e14d2464c52103f1/IQCntTXV1gxXSKUsPnFCqKPEAVmkih3IkuXOhrBY-BFEeJI,A man in a black polo and tan pants pushes a chair near a right-side table.,https://1drv.ms/i/c/e14d2464c52103f1/IQD804xQ5B3SQqrV2aBlOWu7AYKdSG8kwxwj6epyDycucIc,hold,strained,large,narrow_corridor,object_motion_risk,,,VLM: hold; human_state=strained; object_property=large; spatial_context=narrow_corridor; risk_factor=object_motion_risk; selected_frame=71; gt_activity=pushing; human_iou=0.974; object_iou=1.000,71
P132,9,office_1_event_174_trashcan_0002_lifting_007740_007755.mp4,5,69,213,Hunavsim,Office,1,trashcan_0002,office_1_event_174_trashcan_0002_lifting_007740_007755.mp4,https://1drv.ms/v/c/e14d2464c52103f1/IQDC-BiVxlj3Rb1WpjrrncSmAUqMuikyjx_LvVurr7NOQYQ,"A person in a dark top near the office doorway lifts a trash can in a bright office room with desks, black chairs, computer monitors, doorway signage, and wall decorations.",,,,,,,,,,
P132,10,huang-2-2019-01-25_1_image_0_picking_up_placing_merged_000006_000048_H1_O65000.mp4,5,7,8,JRDB,huang-2-2019-01-25_1,0,bag,huang-2-2019-01-25_1_image_0_picking_up_placing_merged_000006_000048_H1_O65000.mp4,https://1drv.ms/v/c/e14d2464c52103f1/IQBFLLHR7QTBTJezpMTFA8dTAXCTNI_21NwhPnvO-a3-im4,A tall person in a dark maroon T-shirt and black pants picks up a bag and places it on a bench or low platform.,https://1drv.ms/i/c/e14d2464c52103f1/IQAtwTEgmHsQSYTXcva7r3FNAdVxYSPy7rjnJQc7jvJEIv4,hold,normal,small,narrow_corridor,none,,,VLM: hold; human_state=normal; object_property=small; spatial_context=narrow_corridor; risk_factor=none; selected_frame=21; gt_activity=picking_up_placing; human_iou=0.985; object_iou=1.000,21
P133,1,warehouse_1_event_48_smallbox_0001_carrying_002365_002408.mp4,3,42,28,Hunavsim,Warehouse,1,smallbox_0001,warehouse_1_event_48_smallbox_0001_carrying_002365_002408.mp4,https://1drv.ms/v/c/e14d2464c52103f1/IQDqLfmCgThHSagSJZiS2ktmAacX5wgEGJ4qhXooiGS68bk,"A person in a white or light gray outfit carries a small box beside the white warehouse wall, yellow forklift, stacked pallets, and blue rolling bins.",,,,,,,,,,
P133,2,warehouse_3_event_20_trashcan_0001_putting_down_001135_001235.mp4,2,43,69,Hunavsim,Warehouse,3,trashcan_0001,warehouse_3_event_20_trashcan_0001_putting_down_001135_001235.mp4,https://1drv.ms/v/c/e14d2464c52103f1/IQAfJ3PqDcRGSI-DHU7qmcMxAYbLlySqhblbKsNOz3m-3QQ,"A worker in a yellow safety vest or a light uniform puts down a trash can beside the white warehouse wall, yellow forklift, stacked pallets, and blue rolling bins.",,,,,,,,,,
P133,3,office_1_event_16_largebox_0001_kicking_001396_001452.mp4,1,55,147,Hunavsim,Office,1,largebox_0001,office_1_event_16_largebox_0001_kicking_001396_001452.mp4,https://1drv.ms/v/c/e14d2464c52103f1/IQA4qUc5NUZAToyU2upWgsD8AS_1UGhVgY97LxGclyHY-Ak,"A person in dark clothing kicks a large cardboard box in a meeting-style office with rows of chairs, desks, monitors, and a dark patterned carpet.",,,,,,,,,,
P133,4,warehouse_2_event_02_woodchair_0001_carrying_000301_000398.mp4,1,47,39,Hunavsim,Warehouse,2,woodchair_0001,warehouse_2_event_02_woodchair_0001_carrying_000301_000398.mp4,https://1drv.ms/v/c/e14d2464c52103f1/IQCdsuQvbRKjQ5h_Xpr9Sj3dASNdtEgHnP3SK4uO-hNxxOY,"A person in a dark outfit or purple pants carries a wooden chair in a yellow-and-white warehouse with a forklift, blue bins, pallets, and tall metal racks.",,,,,,,,,,
P133,5,office_1_event_48_monitor_0002_carrying_002222_002263.mp4,4,60,161,Hunavsim,Office,1,monitor_0002,office_1_event_48_monitor_0002_carrying_002222_002263.mp4,https://1drv.ms/v/c/e14d2464c52103f1/IQCvSXezdwKYQY7KspnJkPjyAcZqHt1i6vpuJbPJC2RbKn4,"A person in dark clothing carries a computer monitor in a meeting-style office with rows of chairs, desks, monitors, and a dark patterned carpet.",,,,,,,,,,
P133,6,hospital_1_event_26_largetable_0001_lift_002425_002504.mp4,4,51,124,Hunavsim,Hospital,1,largetable_0001,hospital_1_event_26_largetable_0001_lift_002425_002504.mp4,https://1drv.ms/v/c/e14d2464c52103f1/IQBq1clSvlyfTI_TQXDbu8X_Ae9-VlmIFFdZVarfGBRsGqk,"A person in gray pants near another dark-clothed person lifts a large table in a hospital hallway with windows, yellow railings, benches, and blue storage carts.",,,,,,,,,,
P133,7,office_1_event_56_smalltable_0001_putting_down_002628_002664.mp4,2,65,168,Hunavsim,Office,1,smalltable_0001,office_1_event_56_smalltable_0001_putting_down_002628_002664.mp4,https://1drv.ms/v/c/e14d2464c52103f1/IQA3hCFixyXGSasuu7V35MEIAddYI8U1X7PnQ0AO9eDpu0c,"A person in a white or gray outfit puts down a small table in a meeting-style office with rows of chairs, desks, monitors, and a dark patterned carpet.",,,,,,,,,,
P133,8,svl-meeting-gates-2-2019-04-08_0_image_8_pushing_merged_000684_000798_H3_O4.mp4,1,32,41,JRDB,svl-meeting-gates-2-2019-04-08_0,8,chair,svl-meeting-gates-2-2019-04-08_0_image_8_pushing_merged_000684_000798_H3_O4.mp4,https://1drv.ms/v/c/e14d2464c52103f1/IQDEimhZ6Is0Qr21JFDnwcfQAegS3FI3hNMsgmhnM1X1x8U,A man in a black polo repeatedly pushes and adjusts a chair near the right-side table.,https://1drv.ms/i/c/e14d2464c52103f1/IQAp_ZjgyPB-R7cjIw04yTUjAZsAmmwZIDo45pg6okGJZXM,pushing,strained,large,crowded,collision_risk,,,VLM: pushing; human_state=strained; object_property=large; spatial_context=crowded; risk_factor=collision_risk; selected_frame=86; gt_activity=pushing; human_iou=1.000; object_iou=0.230,86
P133,9,tressider-2019-04-26_3_image_8_working_000172_000396_H7_O3.mp4,5,12,15,JRDB,tressider-2019-04-26_3,8,machines,tressider-2019-04-26_3_image_8_working_000172_000396_H7_O3.mp4,https://1drv.ms/v/c/e14d2464c52103f1/IQDb26wU2yMST4vLQHXhcFo0Ad6J3_vcggLz9-BxOf_2568,A person in a dark cap and dark shirt works with a small machine-like item on a table or seat in a Starbucks seating area.,https://1drv.ms/i/c/e14d2464c52103f1/IQD4MunhGEOiTb_fqE_Cs48DAZGoSdCsNgj6xyS44qlpMO4,sit,normal,small,crowded,none,,,VLM: sit; human_state=normal; object_property=small; spatial_context=crowded; risk_factor=none; selected_frame=113; gt_activity=working; human_iou=0.000; object_iou=1.000,113
P133,10,office_1_event_02_largetable_0001_lifting_000174_000223.mp4,1,57,130,Hunavsim,Office,1,largetable_0001,office_1_event_02_largetable_0001_lifting_000174_000223.mp4,https://1drv.ms/v/c/e14d2464c52103f1/IQAAAxHURvPUS5dLJ6bd-4_DAdPLtsdhEXtd6OHI6QiIvWg,"A person in a light shirt and dark pants lifts a large table in an office lobby with a long table, monitors, large windows, potted plants, and patterned carpet.",,,,,,,,,,
P134,1,warehouse_1_event_48_smallbox_0001_carrying_002365_002408.mp4,4,42,28,Hunavsim,Warehouse,1,smallbox_0001,warehouse_1_event_48_smallbox_0001_carrying_002365_002408.mp4,https://1drv.ms/v/c/e14d2464c52103f1/IQDqLfmCgThHSagSJZiS2ktmAacX5wgEGJ4qhXooiGS68bk,"A person in a white or light gray outfit carries a small box beside the white warehouse wall, yellow forklift, stacked pallets, and blue rolling bins.",,,,,,,,,,
P134,2,warehouse_3_event_20_trashcan_0001_putting_down_001135_001235.mp4,3,43,69,Hunavsim,Warehouse,3,trashcan_0001,warehouse_3_event_20_trashcan_0001_putting_down_001135_001235.mp4,https://1drv.ms/v/c/e14d2464c52103f1/IQAfJ3PqDcRGSI-DHU7qmcMxAYbLlySqhblbKsNOz3m-3QQ,"A worker in a yellow safety vest or a light uniform puts down a trash can beside the white warehouse wall, yellow forklift, stacked pallets, and blue rolling bins.",,,,,,,,,,
P134,3,office_1_event_16_largebox_0001_kicking_001396_001452.mp4,2,55,147,Hunavsim,Office,1,largebox_0001,office_1_event_16_largebox_0001_kicking_001396_001452.mp4,https://1drv.ms/v/c/e14d2464c52103f1/IQA4qUc5NUZAToyU2upWgsD8AS_1UGhVgY97LxGclyHY-Ak,"A person in dark clothing kicks a large cardboard box in a meeting-style office with rows of chairs, desks, monitors, and a dark patterned carpet.",,,,,,,,,,
P134,4,warehouse_2_event_02_woodchair_0001_carrying_000301_000398.mp4,2,47,39,Hunavsim,Warehouse,2,woodchair_0001,warehouse_2_event_02_woodchair_0001_carrying_000301_000398.mp4,https://1drv.ms/v/c/e14d2464c52103f1/IQCdsuQvbRKjQ5h_Xpr9Sj3dASNdtEgHnP3SK4uO-hNxxOY,"A person in a dark outfit or purple pants carries a wooden chair in a yellow-and-white warehouse with a forklift, blue bins, pallets, and tall metal racks.",,,,,,,,,,
P134,5,office_1_event_48_monitor_0002_carrying_002222_002263.mp4,5,60,161,Hunavsim,Office,1,monitor_0002,office_1_event_48_monitor_0002_carrying_002222_002263.mp4,https://1drv.ms/v/c/e14d2464c52103f1/IQCvSXezdwKYQY7KspnJkPjyAcZqHt1i6vpuJbPJC2RbKn4,"A person in dark clothing carries a computer monitor in a meeting-style office with rows of chairs, desks, monitors, and a dark patterned carpet.",,,,,,,,,,
P134,6,hospital_1_event_26_largetable_0001_lift_002425_002504.mp4,5,51,124,Hunavsim,Hospital,1,largetable_0001,hospital_1_event_26_largetable_0001_lift_002425_002504.mp4,https://1drv.ms/v/c/e14d2464c52103f1/IQBq1clSvlyfTI_TQXDbu8X_Ae9-VlmIFFdZVarfGBRsGqk,"A person in gray pants near another dark-clothed person lifts a large table in a hospital hallway with windows, yellow railings, benches, and blue storage carts.",,,,,,,,,,
P134,7,office_1_event_56_smalltable_0001_putting_down_002628_002664.mp4,3,65,168,Hunavsim,Office,1,smalltable_0001,office_1_event_56_smalltable_0001_putting_down_002628_002664.mp4,https://1drv.ms/v/c/e14d2464c52103f1/IQA3hCFixyXGSasuu7V35MEIAddYI8U1X7PnQ0AO9eDpu0c,"A person in a white or gray outfit puts down a small table in a meeting-style office with rows of chairs, desks, monitors, and a dark patterned carpet.",,,,,,,,,,
P134,8,svl-meeting-gates-2-2019-04-08_0_image_8_pushing_merged_000684_000798_H3_O4.mp4,2,32,41,JRDB,svl-meeting-gates-2-2019-04-08_0,8,chair,svl-meeting-gates-2-2019-04-08_0_image_8_pushing_merged_000684_000798_H3_O4.mp4,https://1drv.ms/v/c/e14d2464c52103f1/IQDEimhZ6Is0Qr21JFDnwcfQAegS3FI3hNMsgmhnM1X1x8U,A man in a black polo repeatedly pushes and adjusts a chair near the right-side table.,https://1drv.ms/i/c/e14d2464c52103f1/IQAp_ZjgyPB-R7cjIw04yTUjAZsAmmwZIDo45pg6okGJZXM,pushing,strained,large,crowded,collision_risk,,,VLM: pushing; human_state=strained; object_property=large; spatial_context=crowded; risk_factor=collision_risk; selected_frame=86; gt_activity=pushing; human_iou=1.000; object_iou=0.230,86
P134,9,tressider-2019-04-26_3_image_8_carrying_000420_000621_H1_O1.mp4,1,13,16,JRDB,tressider-2019-04-26_3,8,machines,tressider-2019-04-26_3_image_8_carrying_000420_000621_H1_O1.mp4,https://1drv.ms/v/c/e14d2464c52103f1/IQDoD_In6az9T7w2QB2AzTCyAcl-YNP5J6Xpl7NMU9QfGLM,A close person in a dark shirt and light pants carries a small machine-like item near a red tiled wall.,https://1drv.ms/i/c/e14d2464c52103f1/IQC7paiu-f_PQYj6bgUy3WaYATL5dNqzvEVGkWW1h5waW8w,hold,strained,large,narrow_corridor,collision_risk,,,VLM: hold; human_state=strained; object_property=large; spatial_context=narrow_corridor; risk_factor=collision_risk; selected_frame=102; gt_activity=carrying; human_iou=1.000; object_iou=1.000,102
P134,10,office_1_event_02_largetable_0001_lifting_000174_000223.mp4,2,57,130,Hunavsim,Office,1,largetable_0001,office_1_event_02_largetable_0001_lifting_000174_000223.mp4,https://1drv.ms/v/c/e14d2464c52103f1/IQAAAxHURvPUS5dLJ6bd-4_DAdPLtsdhEXtd6OHI6QiIvWg,"A person in a light shirt and dark pants lifts a large table in an office lobby with a long table, monitors, large windows, potted plants, and patterned carpet.",,,,,,,,,,
